state,district,rainfall_1h,rainfall_6h,rainfall_24h,rainfall_72h,temperature,humidity,wind_speed,river_level,danger_level,warning_level,reservoir_level,reservoir_danger_level,flood_risk
Uttarakhand,Chamoli,2.7,12.4,38.9,64.8,17.3,67.6,6.3,0.95,3.37,2.96,120.0,191.3,0
Uttarakhand,Chamoli,1.5,6.5,19.4,47.0,18.0,58.9,17.5,1.26,3.37,2.96,82.7,191.3,0
Uttarakhand,Chamoli,1.4,8.0,31.0,68.0,18.3,68.8,16.0,1.9,3.37,2.96,134.2,191.3,0
Uttarakhand,Chamoli,6.9,38.7,123.8,229.6,17.7,83.3,25.8,3.02,3.37,2.96,151.9,191.3,2
Uttarakhand,Chamoli,5.8,19.1,59.1,99.7,17.0,64.5,17.9,1.95,3.37,2.96,113.8,191.3,0
Uttarakhand,Chamoli,11.8,72.0,200.6,383.2,17.4,91.3,29.9,2.98,3.37,2.96,162.8,191.3,2
Uttarakhand,Chamoli,1.1,6.3,17.1,33.6,19.5,77.4,10.8,1.0,3.37,2.96,143.3,191.3,0
Uttarakhand,Chamoli,2.8,6.3,19.7,43.3,16.4,64.5,18.0,1.7,3.37,2.96,141.5,191.3,0
Uttarakhand,Chamoli,18.5,144.7,464.0,919.2,14.7,92.5,63.2,4.6,3.37,2.96,184.1,191.3,2
Uttarakhand,Chamoli,2.2,9.7,32.5,67.1,16.9,74.1,12.5,2.26,3.37,2.96,112.0,191.3,0
Uttarakhand,Chamoli,0.1,0.4,10.0,23.6,16.3,77.0,17.4,0.69,3.37,2.96,109.1,191.3,0
Uttarakhand,Chamoli,0.6,5.9,17.5,34.2,21.2,65.6,8.5,1.72,3.37,2.96,125.4,191.3,0
Uttarakhand,Chamoli,2.3,10.9,34.7,61.2,17.3,63.5,13.1,1.02,3.37,2.96,91.3,191.3,0
Uttarakhand,Chamoli,5.4,18.1,64.5,96.6,20.0,60.4,7.6,2.61,3.37,2.96,114.8,191.3,0
Uttarakhand,Chamoli,1.4,8.8,20.6,40.5,18.8,73.2,14.1,2.72,3.37,2.96,83.1,191.3,0
Uttarakhand,Chamoli,1.0,6.9,17.8,36.0,17.7,61.2,17.1,1.5,3.37,2.96,134.2,191.3,0
Uttarakhand,Chamoli,8.4,50.8,211.2,509.2,17.5,85.8,18.6,3.04,3.37,2.96,140.0,191.3,2
Uttarakhand,Chamoli,0.9,4.7,18.4,44.8,22.0,68.9,14.6,0.85,3.37,2.96,96.4,191.3,0
Uttarakhand,Chamoli,45.2,259.8,644.2,1261.5,15.5,97.6,28.2,3.67,3.37,2.96,194.2,191.3,2
Uttarakhand,Chamoli,6.7,34.3,141.3,319.3,16.7,87.0,23.9,3.42,3.37,2.96,145.6,191.3,2
Uttarakhand,Chamoli,7.9,42.5,158.1,324.7,17.8,85.5,32.0,3.47,3.37,2.96,140.5,191.3,2
Uttarakhand,Chamoli,0.5,5.9,26.8,45.8,21.0,72.6,13.3,2.73,3.37,2.96,120.3,191.3,0
Uttarakhand,Chamoli,3.4,13.3,46.6,70.7,16.6,68.8,9.3,1.87,3.37,2.96,124.6,191.3,0
Uttarakhand,Chamoli,0.4,2.6,15.8,31.5,18.5,61.9,6.0,2.24,3.37,2.96,119.2,191.3,0
Uttarakhand,Chamoli,2.1,9.8,24.7,48.9,21.4,68.6,16.0,1.82,3.37,2.96,86.4,191.3,0
Uttarakhand,Chamoli,3.2,12.7,46.1,92.6,17.5,57.6,15.4,2.5,3.37,2.96,103.7,191.3,0
Uttarakhand,Chamoli,8.7,52.1,217.6,506.3,17.9,88.8,20.6,3.42,3.37,2.96,168.4,191.3,2
Uttarakhand,Chamoli,56.1,283.3,733.1,1506.2,13.6,92.6,37.2,4.49,3.37,2.96,183.0,191.3,2
Uttarakhand,Chamoli,1.6,5.4,26.1,50.5,18.4,79.5,12.4,2.62,3.37,2.96,84.2,191.3,0
Uttarakhand,Chamoli,26.4,176.2,470.1,975.0,14.2,93.1,40.4,4.2,3.37,2.96,183.8,191.3,2
Uttarakhand,Chamoli,6.7,44.0,165.6,384.5,16.9,80.8,26.3,2.99,3.37,2.96,149.7,191.3,2
Uttarakhand,Chamoli,51.8,250.1,715.0,1220.6,14.7,97.4,52.1,4.64,3.37,2.96,194.8,191.3,2
Uttarakhand,Chamoli,1.1,3.3,12.0,30.8,18.8,66.1,8.6,1.57,3.37,2.96,136.9,191.3,0
Uttarakhand,Chamoli,13.6,55.5,195.1,393.0,15.7,88.1,18.8,2.9,3.37,2.96,138.7,191.3,1
Uttarakhand,Chamoli,2.3,10.8,26.7,50.4,20.2,67.4,8.9,1.98,3.37,2.96,76.9,191.3,0
Uttarakhand,Chamoli,6.3,37.8,128.4,324.2,17.8,83.0,29.4,3.08,3.37,2.96,168.4,191.3,2
Uttarakhand,Rudraprayag,59.9,330.8,988.4,1878.4,14.8,92.7,35.4,4.18,3.8,3.0,244.6,239.3,2
Uttarakhand,Rudraprayag,5.3,39.4,122.7,246.7,18.0,86.5,17.4,3.05,3.8,3.0,205.5,239.3,2
Uttarakhand,Rudraprayag,11.0,50.2,176.2,332.4,16.3,87.0,26.8,3.74,3.8,3.0,208.9,239.3,2
Uttarakhand,Rudraprayag,4.0,9.8,37.0,79.3,21.5,68.7,13.2,1.01,3.8,3.0,114.1,239.3,0
Uttarakhand,Rudraprayag,3.7,9.3,30.2,52.3,17.8,70.6,6.3,1.41,3.8,3.0,143.0,239.3,0
Uttarakhand,Rudraprayag,0.7,2.9,7.9,16.0,19.0,74.0,10.5,2.23,3.8,3.0,165.4,239.3,0
Uttarakhand,Rudraprayag,1.3,2.9,17.7,38.2,21.7,71.3,15.1,2.68,3.8,3.0,112.4,239.3,0
Uttarakhand,Rudraprayag,1.1,3.1,14.3,32.4,21.6,59.2,13.3,2.22,3.8,3.0,105.3,239.3,0
Uttarakhand,Rudraprayag,7.1,43.2,124.3,304.1,17.8,88.6,16.3,3.56,3.8,3.0,202.3,239.3,2
Uttarakhand,Rudraprayag,3.4,15.8,44.2,99.7,19.1,65.7,10.4,1.66,3.8,3.0,124.3,239.3,0
Uttarakhand,Rudraprayag,56.6,276.7,890.7,1748.5,14.8,97.7,35.8,4.94,3.8,3.0,240.8,239.3,2
Uttarakhand,Rudraprayag,5.0,17.6,49.4,95.1,22.3,61.1,11.6,1.9,3.8,3.0,127.5,239.3,0
Uttarakhand,Rudraprayag,2.4,9.4,29.2,60.0,21.2,61.9,6.1,2.68,3.8,3.0,102.9,239.3,0
Uttarakhand,Rudraprayag,5.4,41.5,164.7,357.4,18.7,82.7,26.8,3.14,3.8,3.0,200.1,239.3,2
Uttarakhand,Rudraprayag,1.7,7.2,24.2,48.1,18.5,58.0,8.3,0.77,3.8,3.0,140.6,239.3,0
Uttarakhand,Rudraprayag,17.1,69.3,234.2,557.1,18.2,81.2,18.3,3.05,3.8,3.0,180.9,239.3,2
Uttarakhand,Rudraprayag,1.9,7.0,27.7,52.3,22.2,67.3,16.5,1.82,3.8,3.0,135.0,239.3,0
Uttarakhand,Rudraprayag,1.3,3.3,15.1,34.6,17.4,70.7,6.6,0.84,3.8,3.0,142.9,239.3,0
Uttarakhand,Rudraprayag,1.4,5.9,23.3,47.1,20.1,66.3,11.3,2.48,3.8,3.0,178.6,239.3,0
Uttarakhand,Rudraprayag,2.4,10.5,39.8,63.8,21.0,58.9,8.1,0.67,3.8,3.0,95.9,239.3,0
Uttarakhand,Rudraprayag,0.7,3.6,15.3,34.7,21.1,78.1,15.5,1.94,3.8,3.0,151.1,239.3,0
Uttarakhand,Rudraprayag,38.0,224.1,818.6,1277.7,16.1,95.5,47.8,4.24,3.8,3.0,224.9,239.3,2
Uttarakhand,Rudraprayag,5.9,48.0,169.2,294.5,17.7,83.9,19.3,2.9,3.8,3.0,218.3,239.3,2
Uttarakhand,Rudraprayag,45.0,300.2,924.1,1471.7,15.6,94.5,61.6,4.1,3.8,3.0,242.6,239.3,2
Uttarakhand,Rudraprayag,12.7,58.8,184.3,418.6,18.0,88.3,19.9,3.84,3.8,3.0,211.2,239.3,2
Uttarakhand,Rudraprayag,9.5,49.7,174.5,356.6,16.0,87.9,24.2,3.25,3.8,3.0,181.3,239.3,2
Uttarakhand,Rudraprayag,1.9,9.5,29.7,65.3,19.6,72.5,7.5,2.74,3.8,3.0,146.7,239.3,0
Uttarakhand,Rudraprayag,3.8,11.4,31.3,76.1,19.8,57.9,16.0,1.65,3.8,3.0,155.7,239.3,0
Uttarakhand,Rudraprayag,5.2,40.3,166.1,354.8,16.2,86.1,29.9,3.75,3.8,3.0,185.5,239.3,2
Uttarakhand,Rudraprayag,6.5,47.6,176.7,339.0,17.2,92.0,23.3,2.96,3.8,3.0,198.1,239.3,2
Uttarakhand,Rudraprayag,2.3,9.6,27.7,52.4,20.4,60.8,15.3,0.6,3.8,3.0,158.1,239.3,0
Uttarakhand,Rudraprayag,9.1,54.2,206.5,496.4,18.9,86.0,25.0,3.76,3.8,3.0,214.1,239.3,2
Uttarakhand,Rudraprayag,0.3,3.2,13.3,26.2,19.8,79.2,10.1,2.09,3.8,3.0,150.1,239.3,0
Uttarakhand,Rudraprayag,58.1,333.4,911.0,1857.7,16.9,88.7,50.2,5.09,3.8,3.0,258.3,239.3,2
Uttarakhand,Rudraprayag,6.2,34.1,144.9,313.2,16.3,80.6,28.5,3.12,3.8,3.0,190.2,239.3,2
Uttarakhand,Rudraprayag,1.5,7.3,23.2,46.6,20.7,61.0,17.0,0.83,3.8,3.0,134.3,239.3,0
Uttarakhand,Uttarkashi,9.9,63.2,183.1,366.6,15.1,85.1,19.3,2.86,2.88,2.38,115.0,151.4,2
Uttarakhand,Uttarkashi,2.2,7.5,25.9,56.1,20.9,71.5,9.3,1.45,2.88,2.38,96.9,151.4,0
Uttarakhand,Uttarkashi,7.6,42.5,163.5,332.0,15.2,84.2,25.8,2.68,2.88,2.38,129.5,151.4,2
Uttarakhand,Uttarkashi,2.1,31.0,136.1,305.0,15.7,87.0,27.5,2.25,2.88,2.38,117.9,151.4,1
Uttarakhand,Uttarkashi,7.8,37.4,152.8,343.4,14.5,83.1,29.0,2.57,2.88,2.38,133.4,151.4,2
Uttarakhand,Uttarkashi,8.2,40.5,163.3,411.2,14.8,91.8,31.4,2.82,2.88,2.38,120.1,151.4,2
Uttarakhand,Uttarkashi,24.7,92.7,295.6,630.1,14.5,91.3,16.8,2.37,2.88,2.38,109.8,151.4,2
Uttarakhand,Uttarkashi,44.4,263.3,672.5,1418.7,13.8,89.4,62.9,3.34,2.88,2.38,151.2,151.4,2
Uttarakhand,Uttarkashi,1.5,6.1,22.2,55.2,17.5,73.6,7.9,1.2,2.88,2.38,65.8,151.4,0
Uttarakhand,Uttarkashi,2.3,11.0,26.1,57.7,20.1,57.5,14.2,1.41,2.88,2.38,112.4,151.4,0
Uttarakhand,Uttarkashi,4.3,12.6,35.5,69.3,18.9,69.9,6.3,1.82,2.88,2.38,73.5,151.4,0
Uttarakhand,Uttarkashi,3.3,10.3,32.1,62.1,17.0,58.7,16.8,0.5,2.88,2.38,106.0,151.4,0
Uttarakhand,Uttarkashi,5.1,12.6,34.4,48.9,19.7,60.9,9.9,0.79,2.88,2.38,63.3,151.4,0
Uttarakhand,Uttarkashi,3.2,33.3,133.3,281.1,15.5,91.3,15.7,2.81,2.88,2.38,135.3,151.4,2
Uttarakhand,Uttarkashi,0.6,6.5,18.3,40.3,17.9,77.7,6.9,0.64,2.88,2.38,92.8,151.4,0
Uttarakhand,Uttarkashi,1.0,5.7,18.4,44.7,17.7,70.1,7.2,1.68,2.88,2.38,105.7,151.4,0
Uttarakhand,Uttarkashi,2.8,32.4,111.6,225.4,15.6,85.0,16.6,2.52,2.88,2.38,129.1,151.4,1
Uttarakhand,Uttarkashi,1.9,8.9,26.8,40.5,19.4,75.3,12.7,1.49,2.88,2.38,90.3,151.4,0
Uttarakhand,Uttarkashi,0.6,3.1,16.2,41.9,20.8,70.0,10.2,1.47,2.88,2.38,71.8,151.4,0
Uttarakhand,Uttarkashi,17.0,68.3,254.5,564.8,14.6,90.1,31.6,2.83,2.88,2.38,127.6,151.4,2
Uttarakhand,Uttarkashi,4.9,38.8,153.9,301.4,16.1,84.1,15.1,2.88,2.88,2.38,126.2,151.4,2
Uttarakhand,Uttarkashi,1.3,6.1,19.9,36.7,17.0,64.3,14.7,1.81,2.88,2.38,90.6,151.4,0
Uttarakhand,Uttarkashi,3.4,7.9,28.4,54.3,17.9,66.1,9.3,1.77,2.88,2.38,66.6,151.4,0
Uttarakhand,Uttarkashi,0.4,4.4,18.0,31.6,18.6,55.2,9.6,0.85,2.88,2.38,67.8,151.4,0
Uttarakhand,Uttarkashi,0.2,0.6,3.5,16.3,18.0,75.8,15.7,0.62,2.88,2.38,106.2,151.4,0
Uttarakhand,Uttarkashi,2.1,8.9,32.8,67.8,17.5,57.9,6.3,1.05,2.88,2.38,103.0,151.4,0
Uttarakhand,Uttarkashi,9.1,62.5,185.8,358.0,15.4,84.7,20.3,2.45,2.88,2.38,119.1,151.4,2
Uttarakhand,Uttarkashi,3.3,10.2,35.7,68.4,19.9,75.4,8.8,0.75,2.88,2.38,71.0,151.4,0
Uttarakhand,Uttarkashi,10.5,63.3,193.2,409.3,14.7,85.4,30.7,2.63,2.88,2.38,128.2,151.4,2
Uttarakhand,Uttarkashi,9.3,59.4,164.0,335.9,16.2,80.7,23.6,2.43,2.88,2.38,122.7,151.4,2
Uttarakhand,Uttarkashi,0.9,3.5,19.2,41.6,17.8,68.9,15.5,2.01,2.88,2.38,84.4,151.4,0
Uttarakhand,Uttarkashi,9.0,50.6,166.4,289.9,14.3,84.1,27.1,2.58,2.88,2.38,114.2,151.4,2
Uttarakhand,Uttarkashi,2.3,8.6,24.2,43.5,17.5,63.5,13.2,1.83,2.88,2.38,94.9,151.4,0
Uttarakhand,Uttarkashi,0.8,5.1,19.2,48.0,20.2,63.3,13.0,0.74,2.88,2.38,79.1,151.4,0
Uttarakhand,Uttarkashi,50.8,265.5,914.6,1646.3,12.6,94.7,58.2,3.93,2.88,2.38,155.9,151.4,2
Uttarakhand,Uttarkashi,6.8,23.6,61.1,95.4,20.7,67.2,8.7,0.73,2.88,2.38,64.6,151.4,0
Uttarakhand,Haridwar,10.2,54.7,183.4,333.2,25.5,90.0,28.1,3.67,3.71,3.27,200.0,265.6,2
Uttarakhand,Haridwar,0.6,5.0,15.9,36.2,26.7,68.4,9.7,2.58,3.71,3.27,149.8,265.6,0
Uttarakhand,Haridwar,12.0,66.8,264.0,489.5,24.4,91.6,28.9,3.66,3.71,3.27,198.6,265.6,2
Uttarakhand,Haridwar,3.8,16.4,44.7,98.0,25.7,74.1,9.3,2.83,3.71,3.27,119.9,265.6,0
Uttarakhand,Haridwar,2.5,10.4,29.9,43.1,27.0,60.9,17.9,1.46,3.71,3.27,108.9,265.6,0
Uttarakhand,Haridwar,57.4,326.0,788.8,1646.6,23.6,95.1,42.9,3.77,3.71,3.27,247.7,265.6,2
Uttarakhand,Haridwar,1.4,7.6,27.1,44.1,25.8,56.2,11.0,2.54,3.71,3.27,148.7,265.6,0
Uttarakhand,Haridwar,0.8,5.9,17.1,28.6,26.6,70.4,8.9,1.57,3.71,3.27,168.0,265.6,0
Uttarakhand,Haridwar,1.6,6.3,21.7,51.6,26.3,66.8,13.6,3.02,3.71,3.27,129.8,265.6,0
Uttarakhand,Haridwar,2.4,9.9,34.8,75.9,26.0,56.1,12.6,2.59,3.71,3.27,122.5,265.6,0
Uttarakhand,Haridwar,8.0,50.0,191.4,348.8,24.6,83.5,15.7,3.22,3.71,3.27,193.5,265.6,1
Uttarakhand,Haridwar,42.2,270.4,743.3,1241.5,21.7,96.7,38.3,3.93,3.71,3.27,260.0,265.6,2
Uttarakhand,Haridwar,52.9,311.1,1085.4,2016.0,22.4,96.0,54.1,3.87,3.71,3.27,270.0,265.6,2
Uttarakhand,Haridwar,16.3,77.1,214.2,415.3,24.7,88.3,21.0,3.1,3.71,3.27,237.4,265.6,2
Uttarakhand,Haridwar,3.0,12.8,50.1,82.0,26.2,75.0,14.2,2.95,3.71,3.27,119.5,265.6,0
Uttarakhand,Haridwar,0.7,2.6,13.2,27.1,27.4,70.1,14.1,2.94,3.71,3.27,140.8,265.6,0
Uttarakhand,Haridwar,4.0,33.4,127.0,246.1,23.8,86.0,21.6,3.49,3.71,3.27,205.1,265.6,2
Uttarakhand,Haridwar,2.7,12.6,38.7,67.4,29.1,66.3,16.8,1.64,3.71,3.27,114.4,265.6,0
Uttarakhand,Haridwar,7.0,44.7,140.2,320.2,23.4,88.5,30.8,3.54,3.71,3.27,233.4,265.6,2
Uttarakhand,Haridwar,3.2,8.1,25.5,44.4,26.2,75.1,12.6,2.07,3.71,3.27,114.3,265.6,0
Uttarakhand,Haridwar,2.6,13.5,43.2,82.9,29.8,71.1,11.4,2.25,3.71,3.27,138.3,265.6,0
Uttarakhand,Haridwar,54.7,288.2,1005.2,2042.1,23.6,89.5,31.6,4.2,3.71,3.27,274.5,265.6,2
Uttarakhand,Haridwar,1.6,10.4,33.9,68.6,24.8,62.6,12.4,1.79,3.71,3.27,121.9,265.6,0
Uttarakhand,Haridwar,25.2,175.2,605.0,1214.1,23.9,88.5,50.7,4.54,3.71,3.27,272.0,265.6,2
Uttarakhand,Haridwar,4.7,36.6,139.9,296.9,24.6,89.7,26.6,3.29,3.71,3.27,195.1,265.6,2
Uttarakhand,Haridwar,0.3,3.3,13.5,32.2,28.4,76.5,17.7,0.84,3.71,3.27,140.7,265.6,0
Uttarakhand,Haridwar,2.1,7.7,20.4,34.1,26.3,70.4,9.0,2.72,3.71,3.27,121.1,265.6,0
Uttarakhand,Haridwar,0.4,2.8,13.1,29.9,25.9,55.6,17.3,1.8,3.71,3.27,196.1,265.6,0
Uttarakhand,Haridwar,0.7,2.1,14.3,32.7,27.2,76.2,11.2,2.77,3.71,3.27,173.9,265.6,0
Uttarakhand,Haridwar,8.6,46.5,161.6,337.2,24.5,89.2,19.8,3.8,3.71,3.27,227.4,265.6,2
Uttarakhand,Haridwar,1.8,8.7,29.1,68.5,25.2,67.7,12.0,0.62,3.71,3.27,119.0,265.6,0
Uttarakhand,Haridwar,0.5,3.7,15.2,33.5,25.0,79.8,14.9,1.27,3.71,3.27,137.5,265.6,0
Uttarakhand,Haridwar,13.8,73.1,229.7,454.0,23.1,87.0,28.5,3.61,3.71,3.27,227.8,265.6,2
Uttarakhand,Haridwar,4.1,16.5,56.3,109.2,27.5,59.3,13.5,2.09,3.71,3.27,184.4,265.6,0
Uttarakhand,Haridwar,2.7,8.9,29.0,45.6,24.9,72.3,10.9,2.49,3.71,3.27,191.8,265.6,0
Uttarakhand,Haridwar,10.4,53.6,152.7,313.7,24.4,83.8,17.9,3.74,3.71,3.27,209.4,265.6,2
Uttarakhand,Dehradun,2.7,11.8,28.8,53.3,27.8,62.4,9.5,0.88,3.24,2.53,166.9,258.1,0
Uttarakhand,Dehradun,3.8,14.7,46.2,78.2,24.3,79.5,15.8,2.25,3.24,2.53,175.9,258.1,0
Uttarakhand,Dehradun,3.0,11.1,31.2,55.7,23.2,68.5,17.2,1.77,3.24,2.53,115.6,258.1,0
Uttarakhand,Dehradun,0.8,3.7,15.7,28.8,24.5,72.9,7.2,1.91,3.24,2.53,103.7,258.1,0
Uttarakhand,Dehradun,1.4,7.2,31.3,55.8,27.8,63.0,13.8,2.16,3.24,2.53,111.3,258.1,0
Uttarakhand,Dehradun,8.8,29.7,101.9,166.6,23.1,78.0,18.0,1.23,3.24,2.53,148.0,258.1,1
Uttarakhand,Dehradun,63.2,385.8,881.3,1468.9,21.1,97.9,46.7,3.96,3.24,2.53,276.2,258.1,2
Uttarakhand,Dehradun,2.2,21.0,73.3,171.2,23.4,88.8,28.4,2.9,3.24,2.53,224.9,258.1,1
Uttarakhand,Dehradun,1.1,8.4,30.3,54.0,23.1,58.5,9.9,0.95,3.24,2.53,126.8,258.1,0
Uttarakhand,Dehradun,4.2,18.9,51.9,82.8,26.2,56.6,7.4,1.06,3.24,2.53,139.9,258.1,0
Uttarakhand,Dehradun,0.8,6.4,16.4,36.4,25.7,60.5,7.6,0.78,3.24,2.53,170.8,258.1,0
Uttarakhand,Dehradun,3.1,11.3,34.4,65.1,23.5,73.9,16.5,0.65,3.24,2.53,143.6,258.1,0
Uttarakhand,Dehradun,8.1,43.7,133.3,294.3,23.6,83.9,23.8,2.45,3.24,2.53,196.4,258.1,1
Uttarakhand,Dehradun,0.9,4.5,17.9,37.4,22.3,66.6,15.7,1.82,3.24,2.53,139.0,258.1,0
Uttarakhand,Dehradun,1.9,26.5,88.5,196.5,21.2,80.8,30.9,2.36,3.24,2.53,206.9,258.1,1
Uttarakhand,Dehradun,8.8,61.2,216.5,516.7,21.4,90.9,21.4,3.02,3.24,2.53,220.0,258.1,2
Uttarakhand,Dehradun,0.8,4.3,14.9,36.5,23.3,55.1,6.3,1.05,3.24,2.53,164.1,258.1,0
Uttarakhand,Dehradun,1.6,8.8,23.7,51.2,26.4,57.8,15.7,1.27,3.24,2.53,172.4,258.1,0
Uttarakhand,Dehradun,10.4,44.5,124.6,290.1,23.9,88.9,21.8,2.57,3.24,2.53,197.0,258.1,2
Uttarakhand,Dehradun,12.4,55.8,184.1,410.0,22.2,88.1,20.5,2.63,3.24,2.53,193.2,258.1,2
Uttarakhand,Dehradun,1.1,4.1,18.0,48.4,25.8,65.7,11.9,2.28,3.24,2.53,188.3,258.1,0
Uttarakhand,Dehradun,0.9,4.7,13.2,32.8,24.8,76.2,9.6,1.79,3.24,2.53,176.0,258.1,0
Uttarakhand,Dehradun,44.4,280.7,686.0,1188.8,19.2,96.5,28.7,4.27,3.24,2.53,245.3,258.1,2
Uttarakhand,Dehradun,0.4,4.3,15.0,38.7,25.4,67.0,16.4,1.11,3.24,2.53,189.7,258.1,0
Uttarakhand,Dehradun,3.7,18.5,49.6,87.3,25.6,60.1,17.0,1.51,3.24,2.53,173.3,258.1,0
Uttarakhand,Dehradun,7.9,25.2,63.4,109.2,27.9,66.7,16.1,2.17,3.24,2.53,136.7,258.1,0
Uttarakhand,Dehradun,4.0,13.2,31.3,70.1,24.5,58.8,10.0,1.2,3.24,2.53,178.5,258.1,0
Uttarakhand,Dehradun,4.7,18.4,50.7,110.0,24.9,59.2,15.5,0.81,3.24,2.53,168.3,258.1,0
Uttarakhand,Dehradun,0.8,5.6,16.1,35.6,27.7,71.7,15.2,1.25,3.24,2.53,179.4,258.1,0
Uttarakhand,Dehradun,2.6,8.6,26.2,56.4,25.7,67.1,11.9,0.51,3.24,2.53,153.1,258.1,0
Uttarakhand,Dehradun,3.3,11.1,35.4,76.9,26.8,77.7,7.3,0.68,3.24,2.53,116.7,258.1,0
Uttarakhand,Dehradun,0.6,5.8,17.4,34.3,25.4,79.8,8.7,1.75,3.24,2.53,179.8,258.1,0
Uttarakhand,Dehradun,0.1,4.2,12.7,22.8,22.1,59.3,12.0,1.29,3.24,2.53,174.1,258.1,0
Uttarakhand,Dehradun,0.4,1.9,5.4,21.3,27.3,66.9,6.6,0.64,3.24,2.53,186.9,258.1,0
Uttarakhand,Dehradun,44.5,225.4,672.8,1334.1,19.9,92.0,28.1,3.51,3.24,2.53,247.4,258.1,2
Uttarakhand,Dehradun,7.4,50.0,170.5,332.1,21.8,86.0,31.6,2.38,3.24,2.53,208.4,258.1,1
Uttarakhand,Pauri Garhwal,36.6,207.4,622.2,1169.8,15.2,92.3,52.2,4.74,3.8,3.26,247.8,265.4,2
Uttarakhand,Pauri Garhwal,1.1,7.3,16.9,40.4,22.4,62.9,7.3,0.51,3.8,3.26,134.8,265.4,0
Uttarakhand,Pauri Garhwal,2.5,6.9,19.8,40.4,18.2,63.8,7.1,2.03,3.8,3.26,136.3,265.4,0
Uttarakhand,Pauri Garhwal,3.7,11.3,32.8,78.4,21.4,59.2,10.6,0.86,3.8,3.26,134.1,265.4,0
Uttarakhand,Pauri Garhwal,1.4,5.1,17.6,29.2,19.5,70.6,13.1,1.0,3.8,3.26,116.1,265.4,0
Uttarakhand,Pauri Garhwal,1.9,8.7,31.9,56.0,22.9,76.5,17.7,0.85,3.8,3.26,135.9,265.4,0
Uttarakhand,Pauri Garhwal,27.4,179.1,649.7,1309.6,16.3,90.4,40.0,4.95,3.8,3.26,260.9,265.4,2
Uttarakhand,Pauri Garhwal,0.1,3.3,15.6,41.3,20.8,72.7,11.3,1.25,3.8,3.26,170.5,265.4,0
Uttarakhand,Pauri Garhwal,15.1,79.5,262.3,487.6,17.9,89.5,16.3,3.89,3.8,3.26,216.5,265.4,2
Uttarakhand,Pauri Garhwal,3.1,13.6,43.9,87.7,23.4,68.4,13.7,0.72,3.8,3.26,177.6,265.4,0
Uttarakhand,Pauri Garhwal,8.2,48.7,154.5,347.0,17.7,91.6,22.3,3.07,3.8,3.26,204.8,265.4,2
Uttarakhand,Pauri Garhwal,1.1,6.1,20.9,45.7,21.5,67.5,10.1,0.56,3.8,3.26,115.9,265.4,0
Uttarakhand,Pauri Garhwal,2.1,8.4,27.7,50.8,19.2,67.1,11.7,1.62,3.8,3.26,170.9,265.4,0
Uttarakhand,Pauri Garhwal,0.9,6.3,22.0,49.5,19.0,79.6,8.9,0.95,3.8,3.26,121.0,265.4,0
Uttarakhand,Pauri Garhwal,1.2,5.6,15.8,34.7,18.2,70.4,8.4,2.02,3.8,3.26,142.3,265.4,0
Uttarakhand,Pauri Garhwal,9.6,53.0,193.9,360.8,19.4,83.9,22.8,3.28,3.8,3.26,236.9,265.4,2
Uttarakhand,Pauri Garhwal,2.9,12.1,38.9,75.3,21.7,75.3,14.5,1.26,3.8,3.26,163.2,265.4,0
Uttarakhand,Pauri Garhwal,2.8,6.9,18.2,40.7,20.5,58.4,10.6,0.98,3.8,3.26,165.2,265.4,0
Uttarakhand,Pauri Garhwal,5.2,45.6,165.5,303.9,18.6,80.6,21.1,3.07,3.8,3.26,198.3,265.4,1
Uttarakhand,Pauri Garhwal,2.3,27.8,116.2,263.3,18.5,81.0,15.5,3.7,3.8,3.26,206.6,265.4,2
Uttarakhand,Pauri Garhwal,0.4,2.0,12.5,31.5,18.7,57.9,15.3,2.61,3.8,3.26,140.2,265.4,0
Uttarakhand,Pauri Garhwal,17.0,72.8,256.6,458.2,17.7,83.6,32.0,3.44,3.8,3.26,209.6,265.4,2
Uttarakhand,Pauri Garhwal,6.1,47.2,177.4,414.4,18.9,88.5,25.8,3.2,3.8,3.26,198.5,265.4,1
Uttarakhand,Pauri Garhwal,1.8,4.6,13.9,28.8,22.2,62.2,9.2,2.7,3.8,3.26,197.7,265.4,0
Uttarakhand,Pauri Garhwal,12.8,64.7,251.4,607.8,19.6,90.4,19.2,3.66,3.8,3.26,235.1,265.4,2
Uttarakhand,Pauri Garhwal,6.9,45.0,159.5,329.1,18.1,90.6,16.6,3.49,3.8,3.26,205.9,265.4,2
Uttarakhand,Pauri Garhwal,35.3,223.7,570.0,1201.7,16.6,94.6,39.3,3.94,3.8,3.26,266.9,265.4,2
Uttarakhand,Pauri Garhwal,3.5,10.8,33.4,62.2,21.4,67.1,10.1,2.25,3.8,3.26,110.7,265.4,0
Uttarakhand,Pauri Garhwal,1.3,6.7,23.0,38.3,23.7,60.1,14.3,0.84,3.8,3.26,166.5,265.4,0
Uttarakhand,Pauri Garhwal,0.9,4.7,15.6,38.9,19.0,64.9,9.7,2.29,3.8,3.26,127.9,265.4,0
Uttarakhand,Pauri Garhwal,19.8,90.3,277.9,511.3,20.0,88.3,28.9,3.89,3.8,3.26,213.5,265.4,2
Uttarakhand,Pauri Garhwal,4.1,10.6,31.5,63.2,18.8,74.3,15.0,0.84,3.8,3.26,198.4,265.4,0
Uttarakhand,Pauri Garhwal,4.5,13.3,41.4,85.3,18.9,65.3,14.2,2.7,3.8,3.26,114.2,265.4,0
Uttarakhand,Pauri Garhwal,0.4,4.3,20.2,34.2,19.7,57.1,12.6,2.04,3.8,3.26,162.6,265.4,0
Uttarakhand,Pauri Garhwal,5.2,43.7,161.1,345.3,17.8,83.5,15.9,3.81,3.8,3.26,241.8,265.4,2
Uttarakhand,Pauri Garhwal,1.7,6.2,22.1,58.7,23.6,58.3,16.3,1.96,3.8,3.26,140.1,265.4,0
Himachal Pradesh,Kullu,6.6,31.0,99.8,207.6,15.5,87.5,23.5,3.24,3.73,3.02,252.3,293.2,1
Himachal Pradesh,Kullu,3.4,13.2,33.9,60.9,19.8,68.4,10.7,1.97,3.73,3.02,202.9,293.2,0
Himachal Pradesh,Kullu,11.0,54.6,213.1,360.9,15.7,85.4,25.4,3.13,3.73,3.02,254.6,293.2,2
Himachal Pradesh,Kullu,15.6,70.2,242.6,571.4,14.7,88.6,17.8,2.95,3.73,3.02,256.9,293.2,1
Himachal Pradesh,Kullu,1.1,7.8,23.9,38.3,19.3,69.4,6.9,1.56,3.73,3.02,154.2,293.2,0
Himachal Pradesh,Kullu,2.1,8.2,19.9,45.6,16.4,67.7,6.5,2.5,3.73,3.02,142.4,293.2,0
Himachal Pradesh,Kullu,4.4,12.6,47.9,96.7,19.4,65.5,9.9,1.47,3.73,3.02,191.2,293.2,0
Himachal Pradesh,Kullu,1.1,4.2,19.9,42.1,20.9,78.9,6.8,1.58,3.73,3.02,146.3,293.2,0
Himachal Pradesh,Kullu,33.4,178.6,505.3,941.8,13.6,93.9,44.7,4.82,3.73,3.02,278.9,293.2,2
Himachal Pradesh,Kullu,53.7,240.6,678.2,1254.4,12.4,97.5,25.1,4.67,3.73,3.02,309.6,293.2,2
Himachal Pradesh,Kullu,5.3,34.7,119.4,244.0,14.9,81.1,30.7,3.73,3.73,3.02,241.6,293.2,2
Himachal Pradesh,Kullu,15.6,80.1,207.5,385.2,16.8,86.8,22.4,3.79,3.73,3.02,225.0,293.2,2
Himachal Pradesh,Kullu,5.7,18.6,60.2,99.8,15.4,60.1,15.4,1.86,3.73,3.02,133.2,293.2,0
Himachal Pradesh,Kullu,1.3,5.7,24.7,42.3,16.6,58.0,7.9,2.09,3.73,3.02,202.1,293.2,0
Himachal Pradesh,Kullu,7.9,46.7,144.9,283.2,15.5,88.1,19.4,3.82,3.73,3.02,212.9,293.2,2
Himachal Pradesh,Kullu,4.7,17.0,43.7,84.4,15.1,75.8,17.8,0.8,3.73,3.02,201.8,293.2,0
Himachal Pradesh,Kullu,3.3,13.6,39.3,74.5,15.4,77.6,11.3,0.8,3.73,3.02,210.2,293.2,0
Himachal Pradesh,Kullu,3.1,21.5,84.4,215.2,15.8,80.4,26.6,2.99,3.73,3.02,223.7,293.2,1
Himachal Pradesh,Kullu,0.7,6.2,18.8,33.5,17.5,68.8,6.7,1.15,3.73,3.02,131.4,293.2,0
Himachal Pradesh,Kullu,1.9,9.5,34.2,79.0,19.7,64.0,12.5,1.62,3.73,3.02,210.9,293.2,0
Himachal Pradesh,Kullu,3.9,11.4,29.4,68.6,15.4,79.8,12.4,2.28,3.73,3.02,219.9,293.2,0
Himachal Pradesh,Kullu,22.7,145.5,566.9,992.3,14.3,96.5,56.9,4.26,3.73,3.02,309.1,293.2,2
Himachal Pradesh,Kullu,26.3,180.8,646.1,1065.5,12.2,93.6,47.5,4.03,3.73,3.02,316.1,293.2,2
Himachal Pradesh,Kullu,41.1,215.1,532.1,947.4,15.0,97.2,33.1,3.96,3.73,3.02,303.4,293.2,2
Himachal Pradesh,Kullu,57.7,264.6,848.8,1747.3,12.4,97.6,39.9,5.05,3.73,3.02,288.3,293.2,2
Himachal Pradesh,Kullu,2.6,7.3,25.5,62.2,18.9,59.4,17.6,2.11,3.73,3.02,212.6,293.2,0
Himachal Pradesh,Kullu,8.2,46.2,139.8,310.9,14.8,91.4,31.1,3.22,3.73,3.02,269.4,293.2,2
Himachal Pradesh,Kullu,19.5,155.1,567.9,1161.4,14.6,95.5,34.5,5.11,3.73,3.02,277.6,293.2,2
Himachal Pradesh,Kullu,22.2,160.0,586.0,1018.6,14.8,90.6,29.3,3.78,3.73,3.02,287.8,293.2,2
Himachal Pradesh,Kullu,6.1,50.4,172.7,358.1,15.6,90.4,26.1,3.51,3.73,3.02,220.6,293.2,2
Himachal Pradesh,Kullu,6.8,25.4,70.0,103.7,17.3,73.3,12.6,2.58,3.73,3.02,126.8,293.2,0
Himachal Pradesh,Kullu,7.4,46.3,147.3,294.7,16.5,81.2,18.5,3.01,3.73,3.02,252.0,293.2,1
Himachal Pradesh,Kullu,13.1,67.6,199.4,353.2,14.5,81.8,21.1,3.25,3.73,3.02,228.4,293.2,2
Himachal Pradesh,Kullu,7.2,41.1,116.1,230.3,14.5,83.7,21.8,3.31,3.73,3.02,249.9,293.2,1
Himachal Pradesh,Kullu,0.3,1.8,9.2,19.3,17.8,60.7,9.2,0.64,3.73,3.02,194.5,293.2,0
Himachal Pradesh,Kullu,2.1,21.7,107.3,251.9,14.5,89.8,22.1,3.36,3.73,3.02,261.9,293.2,2
Himachal Pradesh,Mandi,2.4,12.3,41.0,87.3,21.7,58.0,15.1,0.85,3.46,2.71,164.8,221.4,0
Himachal Pradesh,Mandi,56.0,254.9,906.9,1955.0,15.5,90.6,61.4,4.74,3.46,2.71,206.1,221.4,2
Himachal Pradesh,Mandi,3.2,10.3,28.6,66.8,21.7,68.1,11.0,1.33,3.46,2.71,100.0,221.4,0
Himachal Pradesh,Mandi,16.5,92.4,348.4,585.8,18.4,84.1,22.0,2.91,3.46,2.71,180.9,221.4,2
Himachal Pradesh,Mandi,7.6,37.4,124.5,278.4,17.3,84.0,19.0,3.29,3.46,2.71,200.2,221.4,2
Himachal Pradesh,Mandi,19.0,135.0,414.7,843.6,15.4,89.3,64.0,4.11,3.46,2.71,232.9,221.4,2
Himachal Pradesh,Mandi,1.3,6.8,17.2,43.7,22.6,76.7,15.9,1.54,3.46,2.71,100.9,221.4,0
Himachal Pradesh,Mandi,2.3,7.4,31.2,47.1,23.0,75.9,9.0,1.42,3.46,2.71,159.7,221.4,0
Himachal Pradesh,Mandi,4.0,36.0,138.7,251.0,18.9,87.1,18.0,3.42,3.46,2.71,185.4,221.4,2
Himachal Pradesh,Mandi,2.2,9.5,34.4,59.8,19.0,69.3,17.6,2.22,3.46,2.71,138.7,221.4,0
Himachal Pradesh,Mandi,9.2,47.5,145.2,326.1,17.3,87.8,25.2,2.52,3.46,2.71,170.6,221.4,1
Himachal Pradesh,Mandi,7.4,50.1,182.7,362.7,19.2,85.6,26.5,3.38,3.46,2.71,177.0,221.4,2
Himachal Pradesh,Mandi,1.7,8.3,28.7,60.5,19.8,57.7,6.8,2.49,3.46,2.71,138.2,221.4,0
Himachal Pradesh,Mandi,30.3,208.4,563.5,1217.7,15.6,96.0,49.0,4.4,3.46,2.71,227.8,221.4,2
Himachal Pradesh,Mandi,16.8,91.9,263.6,498.1,17.9,86.9,18.2,3.27,3.46,2.71,169.3,221.4,2
Himachal Pradesh,Mandi,9.4,62.9,226.0,528.0,17.4,82.2,16.7,2.64,3.46,2.71,170.9,221.4,1
Himachal Pradesh,Mandi,6.6,40.1,152.0,278.2,17.8,83.7,28.4,2.86,3.46,2.71,170.9,221.4,2
Himachal Pradesh,Mandi,0.3,3.4,16.2,32.9,23.3,67.5,16.4,1.27,3.46,2.71,111.7,221.4,0
Himachal Pradesh,Mandi,2.8,10.6,27.8,62.0,20.7,62.9,14.6,2.07,3.46,2.71,126.3,221.4,0
Himachal Pradesh,Mandi,4.8,35.2,104.5,247.5,17.7,85.9,28.0,2.6,3.46,2.71,186.6,221.4,1
Himachal Pradesh,Mandi,6.6,48.3,151.3,289.3,20.0,83.9,29.2,2.71,3.46,2.71,189.4,221.4,2
Himachal Pradesh,Mandi,8.4,48.7,152.2,316.8,19.5,89.9,20.1,2.82,3.46,2.71,191.6,221.4,2
Himachal Pradesh,Mandi,17.0,82.9,318.2,718.9,19.4,91.4,30.6,2.93,3.46,2.71,169.5,221.4,2
Himachal Pradesh,Mandi,13.4,63.8,213.5,424.6,19.9,90.5,19.3,3.07,3.46,2.71,161.6,221.4,2
Himachal Pradesh,Mandi,49.1,257.2,820.6,1470.8,16.6,89.5,52.8,4.36,3.46,2.71,214.4,221.4,2
Himachal Pradesh,Mandi,8.7,48.8,169.2,385.3,17.8,81.4,16.9,2.62,3.46,2.71,168.2,221.4,1
Himachal Pradesh,Mandi,5.4,16.0,42.9,68.3,21.0,60.2,17.2,1.16,3.46,2.71,88.8,221.4,0
Himachal Pradesh,Mandi,12.5,77.0,260.1,451.9,17.8,81.2,19.4,2.75,3.46,2.71,203.2,221.4,2
Himachal Pradesh,Mandi,0.2,1.1,2.8,16.4,19.9,73.5,7.1,2.02,3.46,2.71,92.1,221.4,0
Himachal Pradesh,Mandi,49.2,230.8,692.6,1424.0,15.6,89.8,41.0,4.81,3.46,2.71,213.3,221.4,2
Himachal Pradesh,Mandi,5.3,22.7,71.0,114.7,18.4,78.6,7.9,1.34,3.46,2.71,134.3,221.4,0
Himachal Pradesh,Mandi,8.8,48.1,158.5,291.5,17.5,91.7,17.2,3.48,3.46,2.71,164.4,221.4,2
Himachal Pradesh,Mandi,0.1,1.5,10.6,30.7,21.5,69.1,17.7,1.85,3.46,2.71,114.8,221.4,0
Himachal Pradesh,Mandi,13.1,64.5,223.6,439.8,18.8,90.1,24.5,3.55,3.46,2.71,161.8,221.4,2
Himachal Pradesh,Mandi,9.5,53.5,218.7,384.3,19.3,91.6,15.9,2.74,3.46,2.71,187.9,221.4,2
Himachal Pradesh,Mandi,1.7,6.4,23.4,51.5,18.7,67.4,13.8,0.71,3.46,2.71,120.5,221.4,0
Himachal Pradesh,Shimla,3.4,12.1,33.6,74.8,16.2,56.4,8.7,1.47,3.24,2.84,97.5,163.6,0
Himachal Pradesh,Shimla,1.7,8.1,24.3,48.4,16.0,75.7,17.6,1.12,3.24,2.84,95.3,163.6,0
Himachal Pradesh,Shimla,9.8,42.5,139.2,312.3,14.2,82.3,30.8,2.92,3.24,2.84,132.7,163.6,2
Himachal Pradesh,Shimla,7.4,41.8,157.6,376.5,13.7,85.4,26.2,3.31,3.24,2.84,122.2,163.6,2
Himachal Pradesh,Shimla,1.6,5.0,24.0,48.2,19.5,59.4,12.9,2.06,3.24,2.84,72.8,163.6,0
Himachal Pradesh,Shimla,0.5,6.0,19.5,52.5,18.6,61.8,17.6,2.58,3.24,2.84,91.4,163.6,0
Himachal Pradesh,Shimla,2.7,10.9,34.6,75.9,18.3,78.4,13.6,0.93,3.24,2.84,101.2,163.6,0
Himachal Pradesh,Shimla,7.6,23.3,80.5,166.5,18.2,63.1,7.4,1.25,3.24,2.84,92.9,163.6,1
Himachal Pradesh,Shimla,1.3,6.2,26.4,54.2,18.8,68.1,6.3,0.81,3.24,2.84,103.8,163.6,0
Himachal Pradesh,Shimla,0.7,3.1,9.8,29.0,15.8,73.8,6.4,2.24,3.24,2.84,71.3,163.6,0
Himachal Pradesh,Shimla,5.7,46.4,180.9,355.0,13.6,83.5,26.3,3.29,3.24,2.84,130.5,163.6,2
Himachal Pradesh,Shimla,63.9,309.7,704.3,1406.3,11.4,96.3,61.5,4.24,3.24,2.84,167.5,163.6,2
Himachal Pradesh,Shimla,3.1,30.9,143.3,279.8,14.0,82.2,18.0,3.0,3.24,2.84,130.1,163.6,2
Himachal Pradesh,Shimla,1.5,5.2,16.6,37.2,14.9,58.8,9.9,0.61,3.24,2.84,118.8,163.6,0
Himachal Pradesh,Shimla,1.6,7.6,24.0,49.7,15.3,59.6,6.8,1.58,3.24,2.84,89.3,163.6,0
Himachal Pradesh,Shimla,1.8,5.0,14.6,26.9,18.5,68.3,18.0,2.26,3.24,2.84,121.6,163.6,0
Himachal Pradesh,Shimla,3.5,13.4,47.5,98.6,18.1,63.0,17.0,2.52,3.24,2.84,87.5,163.6,0
Himachal Pradesh,Shimla,0.9,6.8,24.1,52.0,14.3,77.5,8.3,1.6,3.24,2.84,119.7,163.6,0
Himachal Pradesh,Shimla,1.0,6.4,13.5,35.9,19.2,65.6,7.2,1.65,3.24,2.84,105.7,163.6,0
Himachal Pradesh,Shimla,54.4,317.8,992.7,1776.5,13.7,88.5,56.8,4.04,3.24,2.84,165.6,163.6,2
Himachal Pradesh,Shimla,0.4,2.9,12.3,27.4,17.2,71.0,13.4,2.12,3.24,2.84,99.0,163.6,0
Himachal Pradesh,Shimla,5.4,40.7,134.8,263.2,13.7,85.3,21.7,3.1,3.24,2.84,133.3,163.6,2
Himachal Pradesh,Shimla,0.1,2.2,12.0,25.9,18.1,77.9,15.5,2.06,3.24,2.84,86.8,163.6,0
Himachal Pradesh,Shimla,44.0,230.4,569.9,1156.2,13.1,95.5,61.1,3.75,3.24,2.84,161.3,163.6,2
Himachal Pradesh,Shimla,3.5,11.0,33.3,53.2,18.8,76.3,16.2,2.5,3.24,2.84,122.4,163.6,0
Himachal Pradesh,Shimla,0.6,3.2,7.6,21.3,16.0,58.2,13.9,0.71,3.24,2.84,100.9,163.6,0
Himachal Pradesh,Shimla,32.9,195.0,568.3,1104.9,13.1,92.3,25.2,3.62,3.24,2.84,156.3,163.6,2
Himachal Pradesh,Shimla,4.3,38.3,129.3,317.3,14.9,83.7,24.4,2.76,3.24,2.84,137.6,163.6,1
Himachal Pradesh,Shimla,8.3,47.7,164.9,382.0,15.8,80.2,23.6,2.66,3.24,2.84,136.8,163.6,1
Himachal Pradesh,Shimla,0.7,6.7,23.3,53.7,18.7,64.1,8.7,2.15,3.24,2.84,107.4,163.6,0
Himachal Pradesh,Shimla,0.7,4.5,16.2,41.8,18.8,70.4,8.0,1.6,3.24,2.84,91.0,163.6,0
Himachal Pradesh,Shimla,0.5,5.2,23.8,45.6,15.3,67.2,6.8,1.29,3.24,2.84,67.9,163.6,0
Himachal Pradesh,Shimla,0.9,5.1,17.6,39.8,15.9,72.6,12.3,2.28,3.24,2.84,113.2,163.6,0
Himachal Pradesh,Shimla,2.1,7.1,23.4,54.5,17.1,64.4,16.9,1.61,3.24,2.84,85.6,163.6,0
Himachal Pradesh,Shimla,12.7,64.6,225.4,395.0,15.8,87.7,18.6,2.77,3.24,2.84,129.6,163.6,1
Himachal Pradesh,Shimla,4.6,28.1,129.5,282.3,15.4,81.9,29.2,2.66,3.24,2.84,119.2,163.6,1
Himachal Pradesh,Kangra,1.7,5.4,14.3,37.2,23.4,55.5,14.6,1.93,3.32,2.86,122.0,244.4,0
Himachal Pradesh,Kangra,1.1,8.1,26.3,58.9,24.8,75.5,8.2,1.92,3.32,2.86,120.4,244.4,0
Himachal Pradesh,Kangra,17.2,77.2,254.9,484.4,21.4,90.3,23.6,2.98,3.32,2.86,183.3,244.4,2
Himachal Pradesh,Kangra,5.1,17.6,43.9,76.5,22.9,58.3,13.2,2.29,3.32,2.86,174.5,244.4,0
Himachal Pradesh,Kangra,3.4,31.3,105.0,233.3,19.6,89.5,21.5,3.11,3.32,2.86,212.2,244.4,1
Himachal Pradesh,Kangra,8.0,43.8,135.9,281.7,21.2,90.5,21.9,2.8,3.32,2.86,210.6,244.4,2
Himachal Pradesh,Kangra,8.5,44.6,134.9,306.8,20.9,81.9,26.1,2.85,3.32,2.86,217.8,244.4,2
Himachal Pradesh,Kangra,1.1,4.3,19.7,44.2,22.9,64.3,12.7,1.05,3.32,2.86,124.0,244.4,0
Himachal Pradesh,Kangra,0.9,6.6,26.6,55.9,24.2,59.0,8.6,1.37,3.32,2.86,126.7,244.4,0
Himachal Pradesh,Kangra,0.7,5.8,22.4,32.8,20.9,78.1,11.2,0.64,3.32,2.86,116.7,244.4,0
Himachal Pradesh,Kangra,1.0,4.0,18.9,43.0,23.6,78.6,15.8,1.88,3.32,2.86,135.3,244.4,0
Himachal Pradesh,Kangra,3.1,13.9,32.9,65.6,21.4,59.2,6.4,1.02,3.32,2.86,97.8,244.4,0
Himachal Pradesh,Kangra,2.5,13.4,36.4,71.5,24.4,56.7,7.1,1.11,3.32,2.86,168.7,244.4,0
Himachal Pradesh,Kangra,34.4,217.8,669.6,1448.5,19.2,92.1,29.3,3.47,3.32,2.86,236.4,244.4,2
Himachal Pradesh,Kangra,55.7,350.6,1149.3,2264.3,18.3,95.7,55.3,4.67,3.32,2.86,242.8,244.4,2
Himachal Pradesh,Kangra,1.6,5.0,11.4,35.2,24.1,60.7,9.8,2.56,3.32,2.86,141.9,244.4,0
Himachal Pradesh,Kangra,0.8,4.0,15.2,29.9,25.6,66.9,10.2,2.43,3.32,2.86,120.8,244.4,0
Himachal Pradesh,Kangra,50.1,302.8,797.0,1633.8,19.4,90.5,49.7,3.58,3.32,2.86,229.0,244.4,2
Himachal Pradesh,Kangra,49.8,285.0,934.7,1460.5,18.1,92.9,64.4,4.58,3.32,2.86,258.8,244.4,2
Himachal Pradesh,Kangra,1.0,8.4,21.8,38.9,24.8,67.0,12.5,1.59,3.32,2.86,131.4,244.4,0
Himachal Pradesh,Kangra,20.9,92.8,319.9,664.5,21.4,87.0,20.5,3.13,3.32,2.86,188.7,244.4,2
Himachal Pradesh,Kangra,5.9,16.7,49.3,86.9,24.2,64.3,16.3,1.1,3.32,2.86,113.1,244.4,0
Himachal Pradesh,Kangra,1.0,4.2,11.6,24.4,22.3,58.6,17.5,0.82,3.32,2.86,166.7,244.4,0
Himachal Pradesh,Kangra,0.6,6.7,25.4,58.3,21.8,69.1,12.8,1.36,3.32,2.86,156.8,244.4,0
Himachal Pradesh,Kangra,1.1,6.2,21.6,40.0,23.4,78.3,9.1,0.54,3.32,2.86,108.1,244.4,0
Himachal Pradesh,Kangra,6.6,42.3,161.0,314.6,20.9,88.1,23.3,3.22,3.32,2.86,219.5,244.4,2
Himachal Pradesh,Kangra,0.5,4.4,11.2,26.2,23.8,69.3,16.2,0.65,3.32,2.86,111.6,244.4,0
Himachal Pradesh,Kangra,2.2,7.1,22.9,42.5,25.2,64.1,13.0,2.59,3.32,2.86,133.2,244.4,0
Himachal Pradesh,Kangra,1.5,6.7,28.1,52.4,21.0,57.6,6.8,2.4,3.32,2.86,144.7,244.4,0
Himachal Pradesh,Kangra,1.2,7.1,17.5,36.0,25.3,62.7,9.0,1.11,3.32,2.86,151.3,244.4,0
Himachal Pradesh,Kangra,0.9,3.3,17.8,35.5,25.8,68.5,9.3,1.46,3.32,2.86,180.7,244.4,0
Himachal Pradesh,Kangra,11.8,57.5,209.6,442.9,20.1,83.7,20.9,3.07,3.32,2.86,215.3,244.4,2
Himachal Pradesh,Kangra,0.8,3.4,8.0,27.8,22.1,66.7,6.1,2.49,3.32,2.86,178.8,244.4,0
Himachal Pradesh,Kangra,9.4,21.1,51.9,78.5,22.5,69.0,10.7,0.85,3.32,2.86,160.8,244.4,0
Himachal Pradesh,Kangra,2.0,6.7,19.2,49.3,24.8,72.1,9.4,2.1,3.32,2.86,166.9,244.4,0
Himachal Pradesh,Kangra,1.9,7.6,24.2,46.9,23.7,59.7,6.2,0.61,3.32,2.86,143.5,244.4,0
Himachal Pradesh,Kinnaur,10.3,55.6,165.6,327.4,11.6,92.0,22.9,2.67,2.72,2.28,149.7,190.4,2
Himachal Pradesh,Kinnaur,17.2,87.0,300.9,586.1,11.5,89.8,29.1,2.17,2.72,2.28,166.3,190.4,1
Himachal Pradesh,Kinnaur,1.0,5.6,16.5,39.2,15.1,79.6,11.7,1.58,2.72,2.28,97.0,190.4,0
Himachal Pradesh,Kinnaur,2.9,9.3,34.3,62.8,13.2,77.2,16.4,0.84,2.72,2.28,83.7,190.4,0
Himachal Pradesh,Kinnaur,10.6,49.5,149.7,337.5,13.9,89.4,23.1,2.52,2.72,2.28,151.2,190.4,2
Himachal Pradesh,Kinnaur,4.0,9.6,35.6,80.5,12.4,71.1,14.4,1.75,2.72,2.28,84.5,190.4,0
Himachal Pradesh,Kinnaur,1.3,8.8,33.6,58.8,16.1,64.0,7.6,1.92,2.72,2.28,108.5,190.4,0
Himachal Pradesh,Kinnaur,3.8,13.1,31.0,60.9,13.7,75.8,17.0,1.38,2.72,2.28,80.7,190.4,0
Himachal Pradesh,Kinnaur,0.9,3.6,8.8,21.4,13.1,55.5,16.3,1.73,2.72,2.28,92.1,190.4,0
Himachal Pradesh,Kinnaur,1.6,24.5,99.3,230.1,12.2,83.9,25.9,2.16,2.72,2.28,157.0,190.4,1
Himachal Pradesh,Kinnaur,0.2,1.3,6.0,11.6,15.4,75.9,13.9,1.33,2.72,2.28,122.9,190.4,0
Himachal Pradesh,Kinnaur,1.8,7.8,25.6,46.4,17.3,57.0,15.6,0.6,2.72,2.28,113.3,190.4,0
Himachal Pradesh,Kinnaur,37.5,213.1,718.1,1109.9,11.1,97.4,63.4,2.9,2.72,2.28,197.3,190.4,2
Himachal Pradesh,Kinnaur,3.6,11.1,31.8,59.2,14.5,57.6,13.7,1.07,2.72,2.28,106.7,190.4,0
Himachal Pradesh,Kinnaur,8.3,48.4,147.9,291.5,11.0,85.3,21.0,2.31,2.72,2.28,174.8,190.4,2
Himachal Pradesh,Kinnaur,2.0,9.2,30.4,62.1,13.3,74.1,17.1,0.9,2.72,2.28,140.2,190.4,0
Himachal Pradesh,Kinnaur,2.8,11.2,41.6,86.1,13.8,62.5,8.7,1.85,2.72,2.28,77.6,190.4,0
Himachal Pradesh,Kinnaur,10.4,56.1,197.7,459.3,13.9,84.3,17.4,2.35,2.72,2.28,159.3,190.4,2
Himachal Pradesh,Kinnaur,4.6,16.4,49.8,102.5,16.8,59.3,15.9,1.59,2.72,2.28,114.6,190.4,0
Himachal Pradesh,Kinnaur,46.0,243.7,722.2,1192.4,11.0,96.2,41.7,3.94,2.72,2.28,201.7,190.4,2
Himachal Pradesh,Kinnaur,1.1,6.5,20.9,38.6,12.2,68.5,7.8,1.29,2.72,2.28,90.9,190.4,0
Himachal Pradesh,Kinnaur,2.5,10.3,32.1,58.0,13.7,64.9,7.6,0.63,2.72,2.28,114.2,190.4,0
Himachal Pradesh,Kinnaur,5.5,15.4,47.8,72.7,15.4,67.2,13.8,0.81,2.72,2.28,117.2,190.4,0
Himachal Pradesh,Kinnaur,9.8,44.1,169.6,396.8,12.0,85.1,20.9,2.32,2.72,2.28,159.7,190.4,2
Himachal Pradesh,Kinnaur,4.8,17.2,57.0,97.1,12.3,75.5,8.4,1.09,2.72,2.28,126.7,190.4,0
Himachal Pradesh,Kinnaur,6.1,30.1,146.5,363.4,14.0,88.3,16.9,2.41,2.72,2.28,138.0,190.4,2
Himachal Pradesh,Kinnaur,3.8,12.3,34.9,69.9,12.8,72.5,6.2,1.42,2.72,2.28,120.4,190.4,0
Himachal Pradesh,Kinnaur,3.8,10.2,36.2,61.7,12.1,64.7,9.3,1.85,2.72,2.28,120.1,190.4,0
Himachal Pradesh,Kinnaur,18.9,150.0,432.1,948.1,11.1,96.7,46.3,3.02,2.72,2.28,190.4,190.4,2
Himachal Pradesh,Kinnaur,0.2,0.8,7.1,17.3,12.9,63.7,10.2,1.49,2.72,2.28,91.9,190.4,0
Himachal Pradesh,Kinnaur,41.6,258.0,919.3,1819.4,10.3,90.8,31.1,3.98,2.72,2.28,195.2,190.4,2
Himachal Pradesh,Kinnaur,2.2,10.7,35.5,58.1,12.9,79.3,16.9,1.02,2.72,2.28,112.3,190.4,0
Himachal Pradesh,Kinnaur,2.0,7.2,29.9,58.0,15.1,58.4,17.9,2.04,2.72,2.28,85.8,190.4,0
Himachal Pradesh,Kinnaur,61.1,299.1,1008.1,1771.4,9.8,95.7,60.2,3.33,2.72,2.28,187.7,190.4,2
Himachal Pradesh,Kinnaur,3.5,17.4,57.0,108.0,13.1,74.1,13.3,0.92,2.72,2.28,113.9,190.4,0
Himachal Pradesh,Kinnaur,2.1,8.5,27.5,53.9,15.6,72.8,10.5,1.85,2.72,2.28,108.9,190.4,0
Assam,Dhemaji,26.5,94.1,296.1,701.7,26.8,91.1,31.8,2.69,2.69,2.21,126.6,154.8,2
Assam,Dhemaji,6.5,19.6,49.1,96.1,26.9,70.3,14.9,1.4,2.69,2.21,90.4,154.8,0
Assam,Dhemaji,55.0,289.2,928.8,1987.1,23.8,95.4,47.3,3.44,2.69,2.21,158.0,154.8,2
Assam,Dhemaji,2.9,9.3,30.3,57.1,28.7,56.4,12.2,0.71,2.69,2.21,106.9,154.8,0
Assam,Dhemaji,9.1,48.9,200.5,432.5,25.8,85.4,18.0,2.47,2.69,2.21,133.5,154.8,2
Assam,Dhemaji,0.5,2.7,16.7,42.1,25.7,57.9,11.4,1.05,2.69,2.21,90.3,154.8,0
Assam,Dhemaji,2.1,9.7,34.2,67.2,30.5,69.1,13.9,0.73,2.69,2.21,109.0,154.8,0
Assam,Dhemaji,1.9,8.3,27.4,55.1,25.7,58.3,8.4,1.44,2.69,2.21,75.6,154.8,0
Assam,Dhemaji,25.4,126.9,322.2,584.6,25.6,84.9,16.3,2.48,2.69,2.21,119.0,154.8,2
Assam,Dhemaji,10.5,59.6,216.3,396.5,26.9,90.2,26.3,2.66,2.69,2.21,120.7,154.8,2
Assam,Dhemaji,20.3,122.6,453.0,961.7,22.6,89.8,43.2,3.52,2.69,2.21,165.5,154.8,2
Assam,Dhemaji,4.1,12.3,30.9,59.4,26.8,58.4,14.3,0.91,2.69,2.21,90.5,154.8,0
Assam,Dhemaji,5.6,41.8,136.1,323.7,25.5,88.3,30.9,2.78,2.69,2.21,120.3,154.8,2
Assam,Dhemaji,12.3,60.6,240.6,429.6,25.4,87.6,23.4,2.15,2.69,2.21,130.3,154.8,1
Assam,Dhemaji,1.4,16.3,72.0,169.4,24.6,92.0,22.0,2.27,2.69,2.21,128.8,154.8,1
Assam,Dhemaji,15.0,58.3,189.4,370.1,26.0,80.1,26.7,2.28,2.69,2.21,133.9,154.8,2
Assam,Dhemaji,4.8,27.2,100.0,254.6,24.6,87.7,23.2,2.5,2.69,2.21,139.1,154.8,2
Assam,Dhemaji,3.9,35.4,135.5,321.4,24.8,83.8,24.1,2.17,2.69,2.21,132.7,154.8,1
Assam,Dhemaji,59.7,313.6,795.2,1725.2,22.5,93.7,40.6,3.54,2.69,2.21,163.8,154.8,2
Assam,Dhemaji,7.3,44.3,129.6,276.6,25.6,91.4,18.7,2.25,2.69,2.21,114.9,154.8,2
Assam,Dhemaji,12.1,74.1,226.4,461.1,26.4,91.1,27.5,2.42,2.69,2.21,135.5,154.8,2
Assam,Dhemaji,1.5,9.5,36.5,64.9,27.8,72.8,12.3,0.51,2.69,2.21,112.4,154.8,0
Assam,Dhemaji,4.2,27.7,98.9,234.2,26.1,86.9,20.3,2.71,2.69,2.21,121.4,154.8,2
Assam,Dhemaji,2.7,8.3,22.2,37.2,25.1,70.6,12.2,0.81,2.69,2.21,80.9,154.8,0
Assam,Dhemaji,1.5,6.9,18.6,36.0,27.0,66.1,7.6,1.21,2.69,2.21,98.5,154.8,0
Assam,Dhemaji,0.9,4.0,14.8,38.5,29.2,70.4,9.7,1.73,2.69,2.21,100.5,154.8,0
Assam,Dhemaji,8.6,57.3,214.0,395.1,24.2,85.6,22.7,2.54,2.69,2.21,133.4,154.8,2
Assam,Dhemaji,7.4,38.1,161.9,388.1,24.9,88.0,28.4,2.7,2.69,2.21,125.5,154.8,2
Assam,Dhemaji,2.0,7.5,20.9,48.0,25.8,57.6,15.8,1.7,2.69,2.21,79.6,154.8,0
Assam,Dhemaji,25.7,125.6,372.1,766.3,24.1,84.6,20.8,2.64,2.69,2.21,129.8,154.8,2
Assam,Dhemaji,3.9,36.1,130.9,289.4,24.2,86.9,23.3,2.47,2.69,2.21,125.8,154.8,2
Assam,Dhemaji,15.8,79.5,295.4,520.0,24.7,84.5,23.4,2.52,2.69,2.21,114.3,154.8,2
Assam,Dhemaji,59.7,356.1,784.0,1300.9,23.8,93.8,32.8,3.66,2.69,2.21,150.3,154.8,2
Assam,Dhemaji,1.0,18.9,95.6,249.5,26.7,80.1,31.8,2.33,2.69,2.21,115.4,154.8,2
Assam,Dhemaji,0.5,4.1,15.5,34.7,30.2,76.6,8.8,1.56,2.69,2.21,83.3,154.8,0
Assam,Dhemaji,2.1,7.6,26.8,48.0,27.3,78.1,16.1,0.73,2.69,2.21,116.0,154.8,0
Assam,Barpeta,1.5,7.4,28.6,51.1,28.5,66.4,15.5,1.9,3.46,3.01,88.3,160.8,0
Assam,Barpeta,2.8,10.9,31.2,56.2,29.5,76.2,8.8,1.66,3.46,3.01,87.4,160.8,0
Assam,Barpeta,6.4,47.4,176.9,323.8,25.9,81.7,27.4,3.55,3.46,3.01,147.4,160.8,2
Assam,Barpeta,7.6,39.3,154.1,334.4,25.1,80.9,25.8,3.41,3.46,3.01,125.8,160.8,2
Assam,Barpeta,1.6,8.1,25.9,54.6,28.5,79.0,15.6,1.17,3.46,3.01,66.3,160.8,0
Assam,Barpeta,53.2,304.5,729.3,1180.2,23.0,96.1,50.0,3.9,3.46,3.01,150.1,160.8,2
Assam,Barpeta,8.1,48.8,142.8,330.4,27.7,82.1,25.1,2.92,3.46,3.01,130.1,160.8,1
Assam,Barpeta,30.3,191.5,695.7,1205.5,25.6,97.3,31.2,4.18,3.46,3.01,173.5,160.8,2
Assam,Barpeta,8.4,44.8,161.0,364.6,26.1,89.1,17.0,2.94,3.46,3.01,128.6,160.8,1
Assam,Barpeta,1.5,8.8,27.0,56.3,26.9,76.8,6.1,2.64,3.46,3.01,89.6,160.8,0
Assam,Barpeta,6.5,49.1,153.6,357.6,26.7,91.0,29.6,3.06,3.46,3.01,124.4,160.8,2
Assam,Barpeta,1.4,6.4,26.2,57.1,27.2,63.4,14.3,0.92,3.46,3.01,95.1,160.8,0
Assam,Barpeta,9.0,48.4,135.2,281.6,27.2,82.3,15.4,2.88,3.46,3.01,146.0,160.8,2
Assam,Barpeta,9.1,63.0,228.6,417.8,27.6,87.9,30.3,3.23,3.46,3.01,146.9,160.8,2
Assam,Barpeta,50.7,248.0,885.7,1838.0,24.7,97.0,55.8,3.95,3.46,3.01,152.1,160.8,2
Assam,Barpeta,0.9,5.0,12.6,28.8,28.6,67.3,17.1,1.91,3.46,3.01,74.4,160.8,0
Assam,Barpeta,4.4,35.7,124.8,318.4,27.7,80.9,24.7,3.0,3.46,3.01,130.1,160.8,1
Assam,Barpeta,25.0,182.0,590.5,1245.2,24.3,93.2,62.6,4.17,3.46,3.01,159.2,160.8,2
Assam,Barpeta,54.7,316.1,769.8,1583.7,24.3,97.4,39.4,4.43,3.46,3.01,158.2,160.8,2
Assam,Barpeta,2.6,22.9,110.3,215.5,25.7,87.8,18.0,2.84,3.46,3.01,128.1,160.8,1
Assam,Barpeta,6.4,25.3,73.3,115.8,30.4,58.5,8.3,2.16,3.46,3.01,97.7,160.8,0
Assam,Barpeta,3.6,29.2,109.3,271.3,25.0,80.4,16.0,3.4,3.46,3.01,117.2,160.8,2
Assam,Barpeta,0.7,5.8,21.6,43.8,29.5,78.1,6.4,0.83,3.46,3.01,101.1,160.8,0
Assam,Barpeta,11.8,62.3,217.1,383.3,27.1,89.5,22.8,2.94,3.46,3.01,134.8,160.8,1
Assam,Barpeta,23.0,161.9,491.0,974.1,23.1,94.8,38.0,4.83,3.46,3.01,162.8,160.8,2
Assam,Barpeta,0.3,5.0,20.5,34.6,26.8,65.4,14.4,1.78,3.46,3.01,89.0,160.8,0
Assam,Barpeta,19.9,136.9,496.6,828.6,26.0,89.8,28.6,4.39,3.46,3.01,170.8,160.8,2
Assam,Barpeta,1.0,7.3,22.7,48.3,28.5,78.5,13.3,0.59,3.46,3.01,74.5,160.8,0
Assam,Barpeta,13.1,77.4,277.7,454.5,27.6,86.4,16.6,3.08,3.46,3.01,140.3,160.8,2
Assam,Barpeta,7.8,47.5,172.1,335.4,25.9,91.6,23.1,2.94,3.46,3.01,137.3,160.8,2
Assam,Barpeta,8.1,27.0,71.4,145.8,26.3,73.5,17.1,0.91,3.46,3.01,108.5,160.8,0
Assam,Barpeta,11.3,59.3,220.9,417.7,26.0,83.9,28.2,3.05,3.46,3.01,118.9,160.8,2
Assam,Barpeta,3.5,30.7,108.1,255.5,27.6,91.1,22.7,3.1,3.46,3.01,120.2,160.8,2
Assam,Barpeta,8.4,57.8,165.5,360.2,27.6,90.2,22.8,2.94,3.46,3.01,126.8,160.8,2
Assam,Barpeta,46.4,280.2,839.6,1829.7,25.7,96.6,44.6,4.85,3.46,3.01,163.2,160.8,2
Assam,Barpeta,31.1,206.9,561.2,1150.0,24.2,89.5,47.9,3.52,3.46,3.01,173.2,160.8,2
Assam,Morigaon,0.2,3.0,17.1,32.2,29.4,55.3,14.8,1.79,2.65,2.06,118.4,265.3,0
Assam,Morigaon,2.8,9.3,27.0,62.1,30.5,55.6,11.5,1.55,2.65,2.06,187.3,265.3,0
Assam,Morigaon,1.1,5.6,20.7,40.7,31.4,63.3,6.4,1.08,2.65,2.06,131.2,265.3,0
Assam,Morigaon,43.5,272.5,701.9,1378.0,23.2,94.7,60.5,2.85,2.65,2.06,259.6,265.3,2
Assam,Morigaon,10.5,49.9,167.7,371.0,25.1,82.9,16.9,2.29,2.65,2.06,240.8,265.3,2
Assam,Morigaon,17.5,90.8,313.3,585.3,26.0,83.3,16.1,2.17,2.65,2.06,216.8,265.3,2
Assam,Morigaon,17.2,75.4,265.7,501.5,25.6,91.3,28.7,2.7,2.65,2.06,194.5,265.3,2
Assam,Morigaon,39.5,209.6,628.3,1028.4,23.9,93.0,60.0,3.4,2.65,2.06,270.7,265.3,2
Assam,Morigaon,1.5,8.3,21.4,45.3,27.7,56.6,16.5,0.82,2.65,2.06,194.1,265.3,0
Assam,Morigaon,12.1,58.9,207.2,447.8,25.5,85.3,20.2,1.98,2.65,2.06,232.9,265.3,1
Assam,Morigaon,1.2,5.4,24.8,40.7,28.7,59.2,17.1,1.47,2.65,2.06,132.6,265.3,0
Assam,Morigaon,57.4,325.2,789.3,1236.2,25.6,90.6,32.4,3.46,2.65,2.06,245.5,265.3,2
Assam,Morigaon,2.1,7.4,21.2,47.3,28.4,67.5,7.7,1.12,2.65,2.06,135.9,265.3,0
Assam,Morigaon,0.3,5.9,21.2,40.1,31.7,79.5,12.9,0.7,2.65,2.06,158.6,265.3,0
Assam,Morigaon,38.8,240.5,811.9,1515.9,24.8,96.4,42.8,2.82,2.65,2.06,246.4,265.3,2
Assam,Morigaon,4.9,32.3,137.3,254.3,26.7,88.1,16.5,2.32,2.65,2.06,201.3,265.3,2
Assam,Morigaon,2.9,13.7,45.9,81.1,28.2,64.3,9.4,0.98,2.65,2.06,196.9,265.3,0
Assam,Morigaon,22.1,152.5,610.9,1121.6,23.1,92.2,60.9,2.89,2.65,2.06,269.0,265.3,2
Assam,Morigaon,0.2,2.8,18.4,40.9,30.5,57.2,10.9,1.74,2.65,2.06,144.6,265.3,0
Assam,Morigaon,8.3,55.1,155.7,321.8,27.9,89.9,29.2,2.13,2.65,2.06,220.7,265.3,2
Assam,Morigaon,8.7,36.5,136.7,329.1,26.0,90.7,22.1,2.3,2.65,2.06,227.5,265.3,2
Assam,Morigaon,2.9,7.8,25.6,56.0,29.4,76.7,13.5,1.15,2.65,2.06,170.6,265.3,0
Assam,Morigaon,0.3,3.8,13.1,23.6,31.3,58.4,8.0,0.87,2.65,2.06,145.1,265.3,0
Assam,Morigaon,34.7,189.7,693.7,1388.5,25.7,95.5,46.7,3.88,2.65,2.06,279.2,265.3,2
Assam,Morigaon,2.5,28.9,111.8,267.8,28.0,86.2,21.3,2.29,2.65,2.06,209.1,265.3,2
Assam,Morigaon,22.8,124.6,409.1,886.5,24.4,93.3,47.0,3.72,2.65,2.06,248.9,265.3,2
Assam,Morigaon,13.2,63.4,247.6,466.3,25.5,90.7,25.2,2.54,2.65,2.06,209.2,265.3,2
Assam,Morigaon,8.7,48.7,162.6,296.9,27.6,81.6,16.3,2.47,2.65,2.06,232.6,265.3,2
Assam,Morigaon,1.3,8.2,17.9,41.3,26.4,58.0,9.0,0.59,2.65,2.06,168.1,265.3,0
Assam,Morigaon,2.8,35.5,130.1,252.5,27.7,90.2,31.0,2.7,2.65,2.06,209.5,265.3,2
Assam,Morigaon,1.2,7.1,22.0,40.8,26.1,60.4,8.3,0.88,2.65,2.06,189.8,265.3,0
Assam,Morigaon,4.0,29.3,105.2,250.9,26.2,85.3,31.3,2.02,2.65,2.06,209.8,265.3,1
Assam,Morigaon,3.7,10.0,31.2,47.6,26.8,74.1,14.5,1.26,2.65,2.06,109.9,265.3,0
Assam,Morigaon,0.4,2.3,9.4,25.3,29.3,62.3,16.3,0.76,2.65,2.06,112.6,265.3,0
Assam,Morigaon,40.4,225.2,819.6,1323.0,24.0,88.9,30.7,3.24,2.65,2.06,269.1,265.3,2
Assam,Morigaon,1.4,10.0,30.5,57.8,31.9,58.1,16.1,1.49,2.65,2.06,132.0,265.3,0
Assam,Cachar,12.1,64.0,215.5,428.8,26.2,89.2,16.8,3.1,3.7,3.07,156.4,190.9,2
Assam,Cachar,11.0,46.7,127.7,311.3,25.9,88.2,17.6,3.45,3.7,3.07,141.1,190.9,2
Assam,Cachar,1.1,7.5,24.2,50.8,26.6,63.6,16.3,1.8,3.7,3.07,140.0,190.9,0
Assam,Cachar,3.0,12.9,34.9,63.6,25.2,68.9,16.3,1.22,3.7,3.07,123.5,190.9,0
Assam,Cachar,3.4,11.2,30.0,64.1,29.1,69.3,11.7,2.52,3.7,3.07,110.2,190.9,0
Assam,Cachar,2.0,10.6,32.6,69.6,25.2,56.1,16.0,1.33,3.7,3.07,125.9,190.9,0
Assam,Cachar,2.6,11.1,26.9,48.7,29.0,61.2,13.8,1.9,3.7,3.07,137.2,190.9,0
Assam,Cachar,1.4,5.3,14.0,36.4,28.4,77.5,9.2,2.15,3.7,3.07,115.6,190.9,0
Assam,Cachar,35.8,202.0,667.9,1319.2,23.5,95.6,38.6,4.58,3.7,3.07,186.7,190.9,2
Assam,Cachar,4.3,16.7,57.6,103.5,25.3,79.9,10.8,1.04,3.7,3.07,126.0,190.9,0
Assam,Cachar,1.6,6.1,15.3,35.9,26.3,74.9,13.8,1.22,3.7,3.07,130.1,190.9,0
Assam,Cachar,0.3,1.9,11.0,29.8,26.1,55.5,14.4,2.54,3.7,3.07,114.9,190.9,0
Assam,Cachar,2.7,13.8,44.7,86.1,29.6,65.8,12.8,1.99,3.7,3.07,111.3,190.9,0
Assam,Cachar,0.5,1.9,8.4,18.7,30.0,56.6,8.4,1.48,3.7,3.07,131.4,190.9,0
Assam,Cachar,15.1,70.1,214.0,387.1,24.5,85.6,24.5,3.28,3.7,3.07,162.1,190.9,2
Assam,Cachar,2.5,6.4,22.8,43.6,30.1,79.1,11.8,0.55,3.7,3.07,133.8,190.9,0
Assam,Cachar,0.1,4.6,18.2,39.3,25.5,78.6,14.7,0.83,3.7,3.07,83.8,190.9,0
Assam,Cachar,12.4,72.4,281.0,642.3,24.3,82.9,17.1,3.62,3.7,3.07,150.0,190.9,2
Assam,Cachar,9.2,54.2,166.4,301.7,24.1,85.3,19.3,3.42,3.7,3.07,156.2,190.9,2
Assam,Cachar,3.2,13.4,40.4,93.1,30.6,64.1,14.6,2.45,3.7,3.07,77.8,190.9,0
Assam,Cachar,46.5,285.8,1009.5,1995.0,23.3,91.1,63.3,4.24,3.7,3.07,200.4,190.9,2
Assam,Cachar,1.8,10.7,35.5,72.7,26.5,57.3,15.9,1.06,3.7,3.07,90.4,190.9,0
Assam,Cachar,61.0,344.1,1097.3,1725.2,22.5,97.4,43.8,4.31,3.7,3.07,201.3,190.9,2
Assam,Cachar,14.7,85.7,317.8,629.9,25.2,89.8,27.5,3.29,3.7,3.07,138.5,190.9,2
Assam,Cachar,0.9,6.0,19.1,40.8,26.9,57.1,7.9,1.72,3.7,3.07,141.1,190.9,0
Assam,Cachar,53.9,323.7,1040.8,1909.4,24.2,94.9,58.1,4.83,3.7,3.07,181.7,190.9,2
Assam,Cachar,3.7,13.0,49.6,90.3,30.5,71.2,13.5,2.65,3.7,3.07,141.4,190.9,0
Assam,Cachar,2.3,8.3,24.9,40.1,27.2,78.7,7.4,2.2,3.7,3.07,105.4,190.9,0
Assam,Cachar,39.3,217.3,695.9,1492.4,24.1,92.9,30.2,4.91,3.7,3.07,194.0,190.9,2
Assam,Cachar,31.3,192.3,550.5,972.7,23.1,97.1,39.8,4.67,3.7,3.07,189.6,190.9,2
Assam,Cachar,0.2,2.1,12.8,34.0,29.4,61.4,7.1,0.64,3.7,3.07,98.6,190.9,0
Assam,Cachar,0.2,5.7,27.5,59.6,25.3,61.3,13.4,1.22,3.7,3.07,102.7,190.9,0
Assam,Cachar,1.3,7.7,23.4,53.8,30.3,58.3,9.8,1.76,3.7,3.07,85.8,190.9,0
Assam,Cachar,0.7,2.1,14.7,41.1,26.7,76.9,13.4,2.3,3.7,3.07,94.0,190.9,0
Assam,Cachar,0.1,1.9,13.7,33.2,28.9,75.0,6.6,0.85,3.7,3.07,91.7,190.9,0
Assam,Cachar,0.4,4.5,21.3,42.3,27.1,72.7,11.8,1.67,3.7,3.07,132.9,190.9,0
Assam,Kamrup,26.5,150.7,482.0,982.5,24.1,93.3,47.8,4.36,3.75,3.3,152.9,164.0,2
Assam,Kamrup,7.2,52.2,153.6,345.4,27.2,91.4,29.2,3.22,3.75,3.3,120.7,164.0,2
Assam,Kamrup,4.8,36.0,158.8,297.9,27.0,91.4,20.5,3.65,3.75,3.3,142.2,164.0,2
Assam,Kamrup,44.8,204.8,653.6,1023.9,24.1,91.8,41.0,4.04,3.75,3.3,176.2,164.0,2
Assam,Kamrup,22.2,146.4,512.5,1094.3,26.6,92.9,42.3,4.89,3.75,3.3,159.0,164.0,2
Assam,Kamrup,23.3,94.5,342.9,688.4,27.6,86.8,22.2,3.67,3.75,3.3,144.7,164.0,2
Assam,Kamrup,5.3,35.7,109.0,235.6,26.9,81.9,23.4,3.57,3.75,3.3,135.3,164.0,1
Assam,Kamrup,4.4,16.8,44.7,79.6,32.0,68.1,9.5,0.62,3.75,3.3,70.0,164.0,0
Assam,Kamrup,5.9,15.1,38.5,70.8,28.5,57.0,12.0,0.8,3.75,3.3,103.6,164.0,0
Assam,Kamrup,1.0,4.3,17.8,36.9,29.7,71.8,13.5,1.19,3.75,3.3,121.1,164.0,0
Assam,Kamrup,26.8,162.1,571.4,969.9,27.0,89.2,31.9,4.44,3.75,3.3,169.0,164.0,2
Assam,Kamrup,63.4,336.2,1059.8,1860.5,24.9,91.9,37.1,3.97,3.75,3.3,151.2,164.0,2
Assam,Kamrup,0.9,6.7,22.4,49.8,29.6,70.7,15.5,1.0,3.75,3.3,82.9,164.0,0
Assam,Kamrup,1.1,3.2,8.6,30.1,29.8,76.5,13.0,1.02,3.75,3.3,98.3,164.0,0
Assam,Kamrup,7.2,32.3,135.4,351.4,26.8,87.2,24.4,3.32,3.75,3.3,134.1,164.0,2
Assam,Kamrup,1.2,6.7,27.0,56.4,30.2,65.6,9.8,0.67,3.75,3.3,116.9,164.0,0
Assam,Kamrup,0.5,3.9,15.7,28.9,28.7,59.8,10.1,1.1,3.75,3.3,78.2,164.0,0
Assam,Kamrup,33.9,217.0,675.6,1215.9,24.1,96.3,51.9,4.79,3.75,3.3,171.8,164.0,2
Assam,Kamrup,9.5,59.9,192.5,412.5,28.4,87.3,16.7,3.41,3.75,3.3,150.7,164.0,2
Assam,Kamrup,1.2,3.1,15.1,26.8,32.0,77.4,6.4,0.67,3.75,3.3,90.3,164.0,0
Assam,Kamrup,23.7,88.8,253.6,474.9,26.4,83.2,17.6,3.62,3.75,3.3,135.0,164.0,2
Assam,Kamrup,12.9,76.3,242.7,540.4,28.7,87.3,28.3,3.81,3.75,3.3,145.1,164.0,2
Assam,Kamrup,1.2,5.8,26.8,44.4,29.6,67.6,14.8,0.76,3.75,3.3,102.7,164.0,0
Assam,Kamrup,2.9,10.8,31.4,62.1,31.9,63.5,12.1,0.72,3.75,3.3,87.0,164.0,0
Assam,Kamrup,10.6,57.5,176.7,354.1,26.6,85.0,22.0,3.44,3.75,3.3,146.0,164.0,2
Assam,Kamrup,13.8,59.3,161.9,392.5,28.7,83.8,31.7,3.22,3.75,3.3,120.1,164.0,1
Assam,Kamrup,2.4,29.2,119.9,284.3,27.0,86.2,20.0,3.4,3.75,3.3,140.4,164.0,2
Assam,Kamrup,3.5,33.2,132.5,270.5,26.2,88.4,22.6,3.25,3.75,3.3,135.9,164.0,1
Assam,Kamrup,4.7,39.2,171.0,340.8,28.1,80.4,20.7,3.64,3.75,3.3,142.4,164.0,2
Assam,Kamrup,1.7,7.9,22.2,49.4,28.0,55.7,15.6,2.04,3.75,3.3,79.5,164.0,0
Assam,Kamrup,4.6,43.6,123.7,266.7,27.9,80.6,26.1,3.19,3.75,3.3,127.9,164.0,1
Assam,Kamrup,15.4,81.4,309.0,642.7,27.1,86.4,25.1,3.36,3.75,3.3,127.4,164.0,2
Assam,Kamrup,3.9,36.0,145.6,283.5,27.3,89.9,21.1,3.17,3.75,3.3,141.4,164.0,1
Assam,Kamrup,9.0,39.0,162.8,336.1,27.4,87.1,23.8,3.4,3.75,3.3,126.7,164.0,2
Assam,Kamrup,2.3,8.6,31.7,75.2,27.9,58.2,14.5,0.84,3.75,3.3,106.0,164.0,0
Assam,Kamrup,23.5,139.7,540.1,1051.0,25.2,92.1,29.8,4.57,3.75,3.3,151.9,164.0,2
Assam,Dibrugarh,2.5,11.1,30.0,56.3,29.3,60.4,15.8,1.25,2.78,2.23,132.3,298.7,0
Assam,Dibrugarh,3.2,13.5,41.9,93.0,26.9,73.0,13.3,1.67,2.78,2.23,172.3,298.7,0
Assam,Dibrugarh,3.9,13.2,43.4,91.6,26.5,60.8,10.7,1.33,2.78,2.23,219.6,298.7,0
Assam,Dibrugarh,52.6,306.5,978.9,1988.8,22.3,89.2,47.4,3.09,2.78,2.23,304.4,298.7,2
Assam,Dibrugarh,16.9,70.6,204.6,469.0,23.2,82.2,15.3,2.7,2.78,2.23,229.7,298.7,2
Assam,Dibrugarh,6.4,44.4,179.4,350.9,23.4,80.3,22.4,2.38,2.78,2.23,266.4,298.7,2
Assam,Dibrugarh,0.7,2.3,6.6,13.6,24.5,62.7,10.9,0.76,2.78,2.23,183.7,298.7,0
Assam,Dibrugarh,2.5,5.4,16.5,32.1,26.3,75.7,7.5,0.81,2.78,2.23,198.1,298.7,0
Assam,Dibrugarh,9.8,57.9,179.2,320.4,24.8,85.8,21.9,2.23,2.78,2.23,268.0,298.7,2
Assam,Dibrugarh,3.4,16.1,42.5,84.1,26.4,57.1,13.6,0.81,2.78,2.23,220.7,298.7,0
Assam,Dibrugarh,0.3,5.0,17.5,40.8,24.0,66.6,16.0,0.94,2.78,2.23,221.1,298.7,0
Assam,Dibrugarh,3.3,14.6,48.1,83.6,27.8,69.6,12.1,0.57,2.78,2.23,196.8,298.7,0
Assam,Dibrugarh,3.3,27.3,87.9,204.5,24.7,87.3,31.3,2.3,2.78,2.23,255.8,298.7,1
Assam,Dibrugarh,2.2,9.2,25.9,56.7,26.8,70.0,6.2,1.56,2.78,2.23,187.1,298.7,0
Assam,Dibrugarh,1.2,7.9,26.3,61.5,28.6,68.5,15.4,1.49,2.78,2.23,127.6,298.7,0
Assam,Dibrugarh,4.5,19.1,57.1,120.2,26.1,59.4,15.2,1.57,2.78,2.23,120.4,298.7,0
Assam,Dibrugarh,0.3,3.3,7.7,25.9,26.1,57.2,13.4,0.96,2.78,2.23,194.5,298.7,0
Assam,Dibrugarh,2.1,7.9,27.5,53.3,25.2,75.5,10.8,1.83,2.78,2.23,179.0,298.7,0
Assam,Dibrugarh,9.9,57.8,206.7,423.8,25.6,80.8,19.4,2.51,2.78,2.23,228.7,298.7,2
Assam,Dibrugarh,6.4,39.6,166.8,377.1,25.2,86.7,22.7,2.83,2.78,2.23,253.4,298.7,2
Assam,Dibrugarh,20.4,151.3,565.2,1148.6,22.9,95.6,60.4,3.13,2.78,2.23,288.1,298.7,2
Assam,Dibrugarh,2.0,5.6,13.3,23.6,28.4,79.5,11.1,0.61,2.78,2.23,145.6,298.7,0
Assam,Dibrugarh,1.1,5.9,17.3,41.5,27.8,63.4,9.0,0.66,2.78,2.23,144.4,298.7,0
Assam,Dibrugarh,2.0,5.9,26.9,59.5,28.6,70.6,12.9,0.63,2.78,2.23,125.8,298.7,0
Assam,Dibrugarh,2.4,10.4,22.9,51.3,25.8,70.7,6.8,1.54,2.78,2.23,177.9,298.7,0
Assam,Dibrugarh,1.0,3.2,11.6,30.3,24.1,64.6,15.5,1.85,2.78,2.23,184.2,298.7,0
Assam,Dibrugarh,1.5,9.4,27.2,42.8,27.6,56.7,15.5,0.8,2.78,2.23,179.4,298.7,0
Assam,Dibrugarh,1.9,22.7,102.4,224.9,25.8,83.7,22.4,2.85,2.78,2.23,260.1,298.7,2
Assam,Dibrugarh,1.2,8.2,20.9,39.1,24.0,69.7,14.1,0.59,2.78,2.23,172.5,298.7,0
Assam,Dibrugarh,58.4,284.1,769.2,1553.5,22.0,94.9,64.3,3.64,2.78,2.23,290.6,298.7,2
Assam,Dibrugarh,3.6,35.2,120.7,273.1,25.9,82.6,15.1,2.22,2.78,2.23,228.8,298.7,1
Assam,Dibrugarh,7.2,45.2,183.7,406.9,25.4,91.9,21.2,2.09,2.78,2.23,216.9,298.7,2
Assam,Dibrugarh,4.3,11.8,39.5,56.8,25.2,59.4,16.6,1.6,2.78,2.23,155.0,298.7,0
Assam,Dibrugarh,15.3,60.3,241.5,416.1,24.9,89.4,16.9,2.83,2.78,2.23,233.3,298.7,2
Assam,Dibrugarh,1.4,8.1,35.1,83.4,29.3,56.6,7.7,1.91,2.78,2.23,202.6,298.7,0
Assam,Dibrugarh,0.5,3.2,18.5,29.3,27.7,59.7,12.4,1.71,2.78,2.23,153.7,298.7,0
Bihar,Patna,3.6,39.3,119.2,268.0,29.8,86.1,27.8,2.54,2.8,2.08,230.9,280.9,2
Bihar,Patna,3.6,11.8,35.8,72.9,29.6,65.0,17.1,1.31,2.8,2.08,116.0,280.9,0
Bihar,Patna,1.4,7.6,21.9,50.9,33.6,64.4,12.6,0.69,2.8,2.08,120.6,280.9,0
Bihar,Patna,1.9,7.9,26.4,50.7,30.5,75.1,9.8,1.03,2.8,2.08,130.0,280.9,0
Bihar,Patna,1.4,6.2,21.4,46.2,32.7,78.2,7.2,0.6,2.8,2.08,116.1,280.9,0
Bihar,Patna,2.7,8.0,27.1,53.2,32.2,79.9,18.0,1.54,2.8,2.08,185.1,280.9,0
Bihar,Patna,18.4,136.7,494.2,950.2,26.0,92.7,45.5,3.88,2.8,2.08,265.1,280.9,2
Bihar,Patna,1.7,7.8,25.2,58.5,32.3,66.5,15.5,0.93,2.8,2.08,130.8,280.9,0
Bihar,Patna,11.5,59.7,200.2,400.1,29.6,91.3,15.2,2.71,2.8,2.08,249.1,280.9,2
Bihar,Patna,3.2,12.2,38.1,70.5,28.1,74.6,17.1,0.71,2.8,2.08,206.0,280.9,0
Bihar,Patna,0.6,4.9,22.0,46.8,30.3,68.4,8.3,0.65,2.8,2.08,168.4,280.9,0
Bihar,Patna,2.3,8.8,24.2,44.7,30.9,59.7,6.8,1.83,2.8,2.08,140.3,280.9,0
Bihar,Patna,4.7,15.3,36.8,68.2,30.5,58.9,7.3,1.24,2.8,2.08,159.4,280.9,0
Bihar,Patna,2.7,14.4,33.1,65.6,30.8,70.1,17.3,1.31,2.8,2.08,161.8,280.9,0
Bihar,Patna,9.7,43.2,124.7,276.1,28.4,90.9,29.9,2.35,2.8,2.08,234.6,280.9,2
Bihar,Patna,5.0,40.4,150.4,339.4,28.2,89.7,18.0,2.13,2.8,2.08,252.8,280.9,2
Bihar,Patna,5.1,42.5,137.9,303.2,29.3,90.4,19.7,2.52,2.8,2.08,218.6,280.9,2
Bihar,Patna,50.8,278.9,862.4,1672.9,27.8,89.1,55.7,3.29,2.8,2.08,278.7,280.9,2
Bihar,Patna,1.7,7.3,22.2,46.8,32.5,76.4,10.8,0.51,2.8,2.08,123.6,280.9,0
Bihar,Patna,33.4,208.8,538.6,1007.3,27.6,96.2,58.7,3.08,2.8,2.08,259.2,280.9,2
Bihar,Patna,0.9,4.9,12.9,34.1,28.9,64.0,8.6,0.55,2.8,2.08,178.7,280.9,0
Bihar,Patna,3.9,16.9,56.7,117.2,30.3,62.7,6.6,0.51,2.8,2.08,188.3,280.9,0
Bihar,Patna,7.2,47.3,141.0,312.8,29.0,82.3,26.4,2.1,2.8,2.08,251.8,280.9,2
Bihar,Patna,5.2,34.6,114.0,219.4,28.3,82.3,18.5,2.43,2.8,2.08,255.0,280.9,2
Bihar,Patna,4.0,11.3,29.0,51.9,30.8,56.7,15.8,1.4,2.8,2.08,148.6,280.9,0
Bihar,Patna,0.5,2.7,17.2,33.2,33.9,76.3,8.1,1.82,2.8,2.08,171.3,280.9,0
Bihar,Patna,50.7,304.8,949.9,1860.4,27.0,96.5,44.3,3.3,2.8,2.08,285.8,280.9,2
Bihar,Patna,7.8,47.5,153.5,373.4,28.2,90.8,20.3,2.63,2.8,2.08,244.8,280.9,2
Bihar,Patna,5.6,32.9,108.9,210.1,27.2,87.2,31.1,2.63,2.8,2.08,220.7,280.9,1
Bihar,Patna,9.2,32.9,96.1,176.2,28.1,76.2,10.0,0.83,2.8,2.08,165.4,280.9,1
Bihar,Patna,49.3,250.9,827.1,1459.4,26.7,88.1,59.8,2.94,2.8,2.08,267.1,280.9,2
Bihar,Patna,7.8,38.1,123.2,314.4,29.3,80.9,27.3,2.2,2.8,2.08,242.8,280.9,2
Bihar,Patna,0.7,2.9,11.3,24.2,32.7,57.0,17.7,1.05,2.8,2.08,128.9,280.9,0
Bihar,Patna,1.8,8.9,34.1,64.3,30.3,76.4,15.1,1.77,2.8,2.08,170.9,280.9,0
Bihar,Patna,1.5,6.2,20.4,42.2,28.4,58.4,11.6,0.71,2.8,2.08,131.0,280.9,0
Bihar,Patna,0.8,5.9,24.5,62.7,30.2,67.2,13.7,1.31,2.8,2.08,152.5,280.9,0
Bihar,Darbhanga,13.2,60.0,194.7,435.8,27.5,88.3,26.8,2.56,2.83,2.06,188.0,207.7,2
Bihar,Darbhanga,11.0,47.5,190.5,426.9,27.1,83.1,22.7,2.59,2.83,2.06,160.1,207.7,2
Bihar,Darbhanga,9.2,63.4,179.8,408.3,27.8,87.0,30.3,2.41,2.83,2.06,157.4,207.7,2
Bihar,Darbhanga,0.7,3.7,18.4,38.8,28.8,65.3,16.5,1.49,2.83,2.06,89.5,207.7,0
Bihar,Darbhanga,19.0,94.3,263.7,609.2,28.1,91.8,28.9,1.86,2.83,2.06,152.4,207.7,2
Bihar,Darbhanga,9.6,56.2,201.5,406.2,28.4,82.2,31.1,2.34,2.83,2.06,183.4,207.7,2
Bihar,Darbhanga,1.0,3.0,11.3,28.1,30.8,70.6,16.4,0.73,2.83,2.06,104.4,207.7,0
Bihar,Darbhanga,4.2,12.2,37.8,69.7,27.4,73.8,6.1,1.29,2.83,2.06,154.9,207.7,0
Bihar,Darbhanga,1.9,5.6,25.1,60.6,29.8,63.4,11.2,1.0,2.83,2.06,147.8,207.7,0
Bihar,Darbhanga,56.4,344.2,909.3,1580.3,26.7,92.6,52.9,3.86,2.83,2.06,220.6,207.7,2
Bihar,Darbhanga,3.8,16.1,44.6,89.8,30.7,71.5,11.7,1.06,2.83,2.06,96.7,207.7,0
Bihar,Darbhanga,63.0,338.2,886.2,1782.6,25.7,94.1,41.0,3.71,2.83,2.06,193.8,207.7,2
Bihar,Darbhanga,2.5,13.8,52.5,113.0,28.8,59.9,7.7,1.21,2.83,2.06,124.7,207.7,0
Bihar,Darbhanga,41.7,216.9,626.1,1250.2,26.5,92.5,29.6,3.77,2.83,2.06,199.1,207.7,2
Bihar,Darbhanga,8.2,30.8,69.3,129.2,32.6,77.6,15.2,0.8,2.83,2.06,101.8,207.7,0
Bihar,Darbhanga,4.2,30.1,104.9,243.3,26.9,90.5,30.8,2.68,2.83,2.06,174.5,207.7,2
Bihar,Darbhanga,5.8,41.4,160.2,359.2,26.4,89.7,18.8,1.98,2.83,2.06,153.2,207.7,1
Bihar,Darbhanga,1.6,10.0,30.1,61.6,32.7,69.4,6.0,0.58,2.83,2.06,122.0,207.7,0
Bihar,Darbhanga,64.1,303.8,979.0,1816.1,26.3,92.0,46.5,3.5,2.83,2.06,195.9,207.7,2
Bihar,Darbhanga,57.3,297.5,881.4,1746.0,24.9,94.0,37.4,4.22,2.83,2.06,195.2,207.7,2
Bihar,Darbhanga,51.2,284.0,853.0,1565.1,26.0,96.3,33.4,3.87,2.83,2.06,218.0,207.7,2
Bihar,Darbhanga,3.9,35.0,117.3,267.7,27.0,90.2,31.8,2.45,2.83,2.06,163.6,207.7,2
Bihar,Darbhanga,10.7,69.4,221.2,426.5,28.4,90.3,21.7,2.0,2.83,2.06,180.8,207.7,2
Bihar,Darbhanga,13.8,80.8,283.7,492.2,26.9,83.5,17.5,2.09,2.83,2.06,180.6,207.7,2
Bihar,Darbhanga,7.4,43.2,164.3,394.6,26.1,85.1,29.3,2.85,2.83,2.06,153.5,207.7,2
Bihar,Darbhanga,26.4,164.0,563.4,1259.3,25.8,88.3,34.6,3.54,2.83,2.06,213.9,207.7,2
Bihar,Darbhanga,48.7,259.2,878.5,1806.3,25.0,90.8,51.1,3.38,2.83,2.06,195.1,207.7,2
Bihar,Darbhanga,0.1,3.6,9.6,25.3,28.6,73.6,15.5,0.75,2.83,2.06,118.3,207.7,0
Bihar,Darbhanga,4.5,35.0,103.1,274.1,28.4,89.8,15.3,2.45,2.83,2.06,171.8,207.7,2
Bihar,Darbhanga,41.0,233.1,789.1,1318.8,24.1,97.0,32.2,3.69,2.83,2.06,197.1,207.7,2
Bihar,Darbhanga,2.8,23.6,81.0,177.5,26.4,80.4,31.7,2.4,2.83,2.06,164.6,207.7,1
Bihar,Darbhanga,20.6,99.1,245.5,576.4,26.7,87.9,22.6,2.48,2.83,2.06,178.4,207.7,2
Bihar,Darbhanga,2.6,26.9,103.2,216.5,28.3,82.3,20.1,2.75,2.83,2.06,189.3,207.7,2
Bihar,Darbhanga,5.6,34.0,116.0,217.7,27.9,90.8,21.8,1.95,2.83,2.06,160.1,207.7,1
Bihar,Darbhanga,2.8,11.8,31.9,74.2,28.2,64.3,13.9,1.62,2.83,2.06,127.1,207.7,0
Bihar,Darbhanga,0.4,5.9,15.1,27.8,27.7,57.7,12.6,0.59,2.83,2.06,129.6,207.7,0
Bihar,Muzaffarpur,28.6,145.7,551.1,978.8,26.5,95.3,37.3,4.23,3.07,2.54,190.7,191.0,2
Bihar,Muzaffarpur,9.8,62.7,218.1,499.2,26.2,84.7,20.9,2.96,3.07,2.54,174.5,191.0,2
Bihar,Muzaffarpur,5.2,43.0,144.4,263.0,28.5,81.5,21.4,2.95,3.07,2.54,139.5,191.0,2
Bihar,Muzaffarpur,9.4,62.6,193.2,420.9,26.0,89.6,23.5,2.57,3.07,2.54,153.9,191.0,2
Bihar,Muzaffarpur,59.4,332.3,1142.5,1989.4,26.7,88.8,54.2,4.4,3.07,2.54,180.8,191.0,2
Bihar,Muzaffarpur,1.3,7.1,27.1,59.9,30.1,73.3,11.8,1.45,3.07,2.54,143.1,191.0,0
Bihar,Muzaffarpur,50.8,267.5,947.1,1882.0,24.8,90.4,54.6,4.4,3.07,2.54,200.9,191.0,2
Bihar,Muzaffarpur,42.8,248.4,898.3,1865.3,26.3,88.8,58.6,3.81,3.07,2.54,204.8,191.0,2
Bihar,Muzaffarpur,1.5,5.9,21.7,41.7,31.6,57.9,9.6,1.04,3.07,2.54,90.6,191.0,0
Bihar,Muzaffarpur,13.6,65.7,213.9,471.9,28.9,85.6,25.5,2.75,3.07,2.54,151.1,191.0,2
Bihar,Muzaffarpur,3.8,28.6,105.4,212.5,28.7,85.9,16.4,2.77,3.07,2.54,143.4,191.0,1
Bihar,Muzaffarpur,2.3,7.4,22.9,42.0,29.6,59.6,15.7,0.7,3.07,2.54,105.7,191.0,0
Bihar,Muzaffarpur,25.6,152.4,500.1,858.6,26.9,91.9,54.8,4.34,3.07,2.54,180.6,191.0,2
Bihar,Muzaffarpur,3.4,13.1,34.6,71.9,31.3,63.1,15.2,2.12,3.07,2.54,109.9,191.0,0
Bihar,Muzaffarpur,57.6,274.1,645.4,1093.8,24.7,90.4,52.1,3.58,3.07,2.54,205.6,191.0,2
Bihar,Muzaffarpur,3.6,27.5,116.9,230.2,27.5,83.0,28.0,3.06,3.07,2.54,175.5,191.0,2
Bihar,Muzaffarpur,0.2,1.7,12.9,31.0,28.1,79.8,13.1,1.67,3.07,2.54,91.7,191.0,0
Bihar,Muzaffarpur,1.3,7.6,27.9,50.7,27.3,65.2,9.7,1.67,3.07,2.54,91.9,191.0,0
Bihar,Muzaffarpur,2.2,8.8,27.4,47.0,29.1,65.5,9.8,0.59,3.07,2.54,79.1,191.0,0
Bihar,Muzaffarpur,3.0,11.1,37.6,57.7,32.7,64.1,9.7,0.68,3.07,2.54,77.3,191.0,0
Bihar,Muzaffarpur,3.2,28.7,119.8,290.9,27.9,87.8,18.6,2.66,3.07,2.54,171.4,191.0,2
Bihar,Muzaffarpur,3.5,12.3,42.4,78.9,31.2,78.1,6.9,1.51,3.07,2.54,99.3,191.0,0
Bihar,Muzaffarpur,14.7,79.0,268.9,485.9,28.2,90.5,29.5,3.09,3.07,2.54,174.8,191.0,2
Bihar,Muzaffarpur,39.1,251.0,615.9,1336.8,26.9,94.0,52.9,3.29,3.07,2.54,177.1,191.0,2
Bihar,Muzaffarpur,9.6,60.6,221.6,494.7,26.1,82.0,27.8,2.66,3.07,2.54,167.3,191.0,2
Bihar,Muzaffarpur,4.8,12.9,30.5,68.6,31.7,66.4,14.5,1.47,3.07,2.54,96.7,191.0,0
Bihar,Muzaffarpur,1.3,7.0,15.9,25.1,27.9,77.1,17.1,1.0,3.07,2.54,129.3,191.0,0
Bihar,Muzaffarpur,5.7,41.6,140.5,293.1,27.9,81.0,27.0,2.8,3.07,2.54,165.1,191.0,2
Bihar,Muzaffarpur,1.5,6.3,21.2,43.4,32.8,59.4,17.7,1.49,3.07,2.54,141.8,191.0,0
Bihar,Muzaffarpur,4.1,28.7,120.5,292.0,27.1,86.6,28.9,2.52,3.07,2.54,147.8,191.0,1
Bihar,Muzaffarpur,5.6,44.9,133.7,309.6,26.3,81.1,18.1,2.49,3.07,2.54,170.5,191.0,2
Bihar,Muzaffarpur,1.8,8.8,24.6,39.5,29.4,70.2,6.8,0.63,3.07,2.54,92.8,191.0,0
Bihar,Muzaffarpur,63.6,284.5,941.8,1777.2,26.9,96.3,55.5,3.99,3.07,2.54,177.1,191.0,2
Bihar,Muzaffarpur,2.0,5.0,13.9,41.9,27.6,73.4,10.1,1.8,3.07,2.54,89.9,191.0,0
Bihar,Muzaffarpur,10.1,55.5,162.2,292.5,26.9,87.5,17.1,3.02,3.07,2.54,141.4,191.0,2
Bihar,Muzaffarpur,0.1,4.5,18.9,33.1,27.9,71.4,8.7,2.12,3.07,2.54,102.1,191.0,0
Bihar,Bhagalpur,12.1,27.1,88.9,159.1,33.5,78.0,16.7,2.09,4.06,3.33,77.2,166.9,1
Bihar,Bhagalpur,0.6,5.2,18.0,40.7,30.1,57.6,17.0,2.24,4.06,3.33,121.3,166.9,0
Bihar,Bhagalpur,11.1,56.3,167.3,318.0,29.0,84.7,27.3,3.94,4.06,3.33,136.1,166.9,2
Bihar,Bhagalpur,2.2,11.5,27.7,58.0,30.3,63.0,11.1,2.32,4.06,3.33,90.9,166.9,0
Bihar,Bhagalpur,5.4,40.9,150.9,315.5,28.4,86.4,29.0,3.53,4.06,3.33,139.6,166.9,2
Bihar,Bhagalpur,2.8,12.0,41.8,64.5,34.0,55.4,12.7,3.02,4.06,3.33,120.6,166.9,0
Bihar,Bhagalpur,0.6,5.8,25.8,42.8,33.1,79.3,17.0,1.14,4.06,3.33,115.1,166.9,0
Bihar,Bhagalpur,1.7,8.6,28.2,54.4,30.2,72.5,14.0,0.69,4.06,3.33,115.7,166.9,0
Bihar,Bhagalpur,19.4,113.1,342.2,741.1,27.5,95.4,54.9,5.05,4.06,3.33,161.5,166.9,2
Bihar,Bhagalpur,7.4,23.2,68.6,115.7,28.2,73.8,12.0,0.53,4.06,3.33,115.4,166.9,0
Bihar,Bhagalpur,6.1,44.6,189.2,401.5,28.7,81.9,31.5,3.67,4.06,3.33,152.8,166.9,2
Bihar,Bhagalpur,1.9,7.6,19.0,43.5,33.1,75.4,11.6,1.32,4.06,3.33,104.3,166.9,0
Bihar,Bhagalpur,4.0,35.0,131.3,239.2,28.2,90.2,15.5,3.42,4.06,3.33,138.2,166.9,2
Bihar,Bhagalpur,3.1,13.3,37.1,66.6,29.6,79.4,12.8,1.98,4.06,3.33,112.9,166.9,0
Bihar,Bhagalpur,0.8,6.8,17.2,33.0,29.2,73.8,14.7,3.06,4.06,3.33,107.8,166.9,0
Bihar,Bhagalpur,2.3,10.0,29.3,52.5,30.3,69.7,16.2,1.26,4.06,3.33,75.6,166.9,0
Bihar,Bhagalpur,3.9,14.5,50.3,104.6,32.6,59.0,17.6,1.86,4.06,3.33,109.3,166.9,0
Bihar,Bhagalpur,6.8,45.0,173.4,359.5,28.7,90.7,28.2,3.53,4.06,3.33,127.1,166.9,2
Bihar,Bhagalpur,10.7,45.6,170.0,385.0,27.4,86.6,31.5,3.93,4.06,3.33,123.1,166.9,2
Bihar,Bhagalpur,2.4,10.8,26.5,44.2,29.1,74.3,9.1,1.74,4.06,3.33,81.7,166.9,0
Bihar,Bhagalpur,48.6,216.7,644.5,1354.6,25.4,97.2,30.2,4.61,4.06,3.33,176.1,166.9,2
Bihar,Bhagalpur,35.6,216.1,630.4,1282.8,26.1,95.4,34.8,5.22,4.06,3.33,153.8,166.9,2
Bihar,Bhagalpur,31.7,165.4,436.3,821.2,26.6,94.4,61.0,4.74,4.06,3.33,155.8,166.9,2
Bihar,Bhagalpur,13.5,82.9,290.2,541.6,27.0,85.8,26.9,3.62,4.06,3.33,129.5,166.9,2
Bihar,Bhagalpur,2.8,8.7,27.3,47.7,30.3,78.4,10.3,1.63,4.06,3.33,94.4,166.9,0
Bihar,Bhagalpur,4.8,21.9,64.5,116.2,28.4,65.1,9.6,2.37,4.06,3.33,117.7,166.9,0
Bihar,Bhagalpur,1.4,5.8,18.3,40.7,32.5,59.1,10.2,1.6,4.06,3.33,94.5,166.9,0
Bihar,Bhagalpur,3.5,31.8,121.9,246.4,27.7,87.2,16.3,3.82,4.06,3.33,140.7,166.9,2
Bihar,Bhagalpur,0.2,5.4,23.0,38.8,30.8,58.7,16.4,0.8,4.06,3.33,123.4,166.9,0
Bihar,Bhagalpur,0.2,0.6,9.8,21.2,33.8,57.4,8.6,3.07,4.06,3.33,91.3,166.9,0
Bihar,Bhagalpur,6.6,37.1,142.2,357.3,30.0,89.8,15.3,4.05,4.06,3.33,136.9,166.9,2
Bihar,Bhagalpur,50.9,282.5,792.3,1499.4,25.7,89.1,32.0,4.69,4.06,3.33,158.3,166.9,2
Bihar,Bhagalpur,8.7,48.9,198.5,397.0,28.1,91.1,29.6,4.16,4.06,3.33,147.1,166.9,2
Bihar,Bhagalpur,0.8,5.6,18.9,48.9,28.6,66.1,13.0,0.59,4.06,3.33,83.7,166.9,0
Bihar,Bhagalpur,0.9,4.4,12.8,23.4,33.8,77.9,11.0,2.66,4.06,3.33,107.9,166.9,0
Bihar,Bhagalpur,6.1,34.0,111.8,274.5,27.5,89.5,22.1,3.38,4.06,3.33,150.2,166.9,2
Bihar,Saharsa,1.7,10.0,30.6,75.3,27.5,79.3,8.3,1.74,3.03,2.62,119.4,173.0,0
Bihar,Saharsa,45.2,223.6,783.3,1653.3,24.7,89.0,57.0,3.76,3.03,2.62,176.6,173.0,2
Bihar,Saharsa,16.2,88.5,258.5,595.5,27.7,85.2,25.7,2.84,3.03,2.62,125.5,173.0,2
Bihar,Saharsa,2.3,21.3,96.0,196.4,26.1,84.3,19.1,3.06,3.03,2.62,134.8,173.0,2
Bihar,Saharsa,11.3,59.8,231.9,493.1,25.2,87.5,25.9,2.83,3.03,2.62,128.1,173.0,2
Bihar,Saharsa,10.8,53.7,180.2,326.8,26.9,90.1,21.6,2.77,3.03,2.62,125.3,173.0,2
Bihar,Saharsa,1.4,5.6,19.6,44.8,30.9,59.5,6.1,0.84,3.03,2.62,103.5,173.0,0
Bihar,Saharsa,9.8,54.5,222.4,475.6,27.5,88.9,30.8,2.56,3.03,2.62,125.6,173.0,1
Bihar,Saharsa,1.5,5.1,16.7,30.5,27.3,73.2,17.3,1.01,3.03,2.62,98.4,173.0,0
Bihar,Saharsa,34.4,194.4,662.3,1250.9,25.4,89.7,52.5,4.28,3.03,2.62,166.9,173.0,2
Bihar,Saharsa,2.8,12.4,37.4,81.1,31.3,65.6,15.0,2.07,3.03,2.62,106.9,173.0,0
Bihar,Saharsa,4.6,35.3,130.6,236.8,27.9,86.1,25.0,2.63,3.03,2.62,153.2,173.0,2
Bihar,Saharsa,4.3,34.4,101.5,228.9,26.9,80.9,26.2,2.68,3.03,2.62,151.5,173.0,1
Bihar,Saharsa,0.1,0.3,5.4,23.6,29.4,64.6,13.2,1.51,3.03,2.62,75.4,173.0,0
Bihar,Saharsa,2.5,12.2,37.7,79.3,30.5,62.9,9.8,0.88,3.03,2.62,117.8,173.0,0
Bihar,Saharsa,5.5,41.0,121.1,250.8,26.3,83.4,25.9,3.03,3.03,2.62,158.7,173.0,2
Bihar,Saharsa,31.4,200.9,751.2,1213.8,25.8,89.0,57.1,4.06,3.03,2.62,166.8,173.0,2
Bihar,Saharsa,2.7,28.1,108.6,243.7,26.6,90.2,31.4,2.51,3.03,2.62,137.5,173.0,1
Bihar,Saharsa,4.3,23.8,75.3,180.6,26.7,82.0,18.2,3.06,3.03,2.62,137.3,173.0,2
Bihar,Saharsa,64.5,392.9,1031.0,1686.7,25.8,91.3,49.5,4.18,3.03,2.62,166.6,173.0,2
Bihar,Saharsa,2.8,8.6,27.1,63.5,31.8,65.3,11.4,0.73,3.03,2.62,101.1,173.0,0
Bihar,Saharsa,8.7,59.4,193.8,359.3,27.1,81.0,24.5,3.04,3.03,2.62,147.4,173.0,2
Bihar,Saharsa,4.4,25.7,110.5,203.2,25.5,82.3,16.8,2.57,3.03,2.62,145.0,173.0,1
Bihar,Saharsa,15.9,89.6,264.8,470.9,25.3,82.6,21.2,3.11,3.03,2.62,154.6,173.0,2
Bihar,Saharsa,7.6,44.5,138.1,292.9,26.1,81.8,29.9,2.95,3.03,2.62,132.9,173.0,2
Bihar,Saharsa,26.8,151.6,466.8,1001.5,24.7,89.5,45.1,3.77,3.03,2.62,160.6,173.0,2
Bihar,Saharsa,2.6,8.9,29.8,53.0,29.6,68.2,11.9,1.33,3.03,2.62,110.4,173.0,0
Bihar,Saharsa,8.6,51.5,137.7,264.2,27.7,82.7,25.5,2.93,3.03,2.62,138.1,173.0,2
Bihar,Saharsa,1.3,8.7,22.3,46.9,27.7,69.9,14.8,0.68,3.03,2.62,99.7,173.0,0
Bihar,Saharsa,9.8,51.0,198.3,373.3,27.4,90.8,17.4,2.43,3.03,2.62,141.0,173.0,2
Bihar,Saharsa,4.4,11.5,30.9,68.0,31.8,69.6,11.9,0.98,3.03,2.62,75.8,173.0,0
Bihar,Saharsa,44.7,295.1,849.6,1353.6,25.1,95.4,43.1,4.07,3.03,2.62,186.6,173.0,2
Bihar,Saharsa,1.3,5.6,14.8,40.4,30.6,76.4,16.8,1.64,3.03,2.62,76.0,173.0,0
Bihar,Saharsa,11.7,58.2,243.5,511.9,26.5,82.9,27.6,3.11,3.03,2.62,137.0,173.0,2
Bihar,Saharsa,5.2,41.4,169.6,408.9,25.3,85.4,31.3,2.79,3.03,2.62,133.7,173.0,2
Bihar,Saharsa,19.1,98.6,315.3,572.5,26.4,84.1,25.4,2.73,3.03,2.62,140.3,173.0,2
Bihar,Supaul,41.4,241.8,664.5,1325.4,25.1,90.9,57.0,4.24,4.17,3.45,179.1,193.3,2
Bihar,Supaul,0.7,2.4,10.0,18.0,27.5,63.8,9.4,2.86,4.17,3.45,122.3,193.3,0
Bihar,Supaul,22.5,84.0,259.3,472.2,27.8,82.6,23.0,3.61,4.17,3.45,170.6,193.3,2
Bihar,Supaul,3.6,37.6,114.0,234.4,26.3,88.1,20.5,3.84,4.17,3.45,165.6,193.3,1
Bihar,Supaul,1.2,5.5,13.8,33.4,29.3,64.4,16.5,1.7,4.17,3.45,86.7,193.3,0
Bihar,Supaul,10.1,59.1,216.5,432.2,26.8,80.3,24.5,4.23,4.17,3.45,155.4,193.3,2
Bihar,Supaul,14.7,72.2,214.4,387.0,26.3,83.5,27.8,3.65,4.17,3.45,154.8,193.3,2
Bihar,Supaul,5.9,24.8,63.8,103.9,29.9,63.3,7.2,1.3,4.17,3.45,109.9,193.3,0
Bihar,Supaul,5.3,14.9,49.3,73.7,26.9,73.5,11.9,1.11,4.17,3.45,123.0,193.3,0
Bihar,Supaul,32.1,198.9,498.1,994.4,26.0,94.0,29.8,4.35,4.17,3.45,184.2,193.3,2
Bihar,Supaul,9.9,58.7,156.4,338.4,25.5,90.1,24.3,4.09,4.17,3.45,165.5,193.3,2
Bihar,Supaul,47.0,254.5,690.9,1336.9,23.8,93.5,44.0,4.61,4.17,3.45,198.5,193.3,2
Bihar,Supaul,41.2,236.6,739.9,1343.4,25.9,92.6,47.6,4.23,4.17,3.45,187.2,193.3,2
Bihar,Supaul,5.0,41.0,135.1,337.7,25.8,83.3,31.7,3.61,4.17,3.45,172.3,193.3,2
Bihar,Supaul,13.1,66.7,202.2,436.7,25.8,84.1,27.2,4.05,4.17,3.45,149.9,193.3,2
Bihar,Supaul,13.9,63.9,252.8,490.0,26.0,86.9,30.8,4.04,4.17,3.45,159.5,193.3,2
Bihar,Supaul,2.3,10.7,32.0,53.2,31.1,59.0,7.2,0.79,4.17,3.45,140.5,193.3,0
Bihar,Supaul,5.8,48.7,196.6,384.5,27.5,90.7,27.8,3.68,4.17,3.45,141.7,193.3,2
Bihar,Supaul,4.0,35.4,120.3,286.7,25.2,83.9,26.9,3.64,4.17,3.45,177.4,193.3,2
Bihar,Supaul,5.2,30.9,112.7,219.8,25.6,89.7,18.3,3.84,4.17,3.45,163.5,193.3,1
Bihar,Supaul,5.0,38.7,159.1,330.5,27.8,82.2,27.4,4.18,4.17,3.45,164.0,193.3,2
Bihar,Supaul,8.1,53.0,178.0,390.8,27.6,80.8,22.3,3.63,4.17,3.45,141.9,193.3,2
Bihar,Supaul,4.0,15.1,34.6,65.9,27.3,78.5,17.1,1.19,4.17,3.45,124.9,193.3,0
Bihar,Supaul,1.9,11.6,30.0,71.3,29.0,65.0,6.7,2.42,4.17,3.45,84.8,193.3,0
Bihar,Supaul,3.8,30.6,97.0,203.3,25.7,81.7,24.3,4.0,4.17,3.45,174.9,193.3,2
Bihar,Supaul,11.4,62.8,187.8,451.7,25.7,80.4,31.7,4.22,4.17,3.45,162.3,193.3,2
Bihar,Supaul,20.1,81.0,304.6,496.9,26.5,87.8,22.3,3.56,4.17,3.45,172.0,193.3,2
Bihar,Supaul,19.0,129.2,486.9,1081.2,23.8,93.5,27.1,5.25,4.17,3.45,199.3,193.3,2
Bihar,Supaul,8.4,42.6,160.4,392.0,27.4,85.2,16.0,3.49,4.17,3.45,161.9,193.3,2
Bihar,Supaul,0.9,7.5,27.8,55.7,30.3,75.3,6.9,0.85,4.17,3.45,89.5,193.3,0
Bihar,Supaul,0.6,4.9,14.2,32.2,26.7,56.9,9.0,2.0,4.17,3.45,110.8,193.3,0
Bihar,Supaul,11.1,63.0,194.5,473.3,27.1,87.8,24.0,3.52,4.17,3.45,166.2,193.3,2
Bihar,Supaul,17.3,76.8,274.9,502.3,27.6,91.7,18.9,4.01,4.17,3.45,147.3,193.3,2
Bihar,Supaul,1.3,5.2,23.5,48.9,26.7,67.5,6.4,1.26,4.17,3.45,103.3,193.3,0
Bihar,Supaul,22.0,141.8,496.9,894.8,25.4,89.8,42.2,4.29,4.17,3.45,187.3,193.3,2
Bihar,Supaul,5.8,30.8,134.5,345.8,25.6,87.1,27.9,3.6,4.17,3.45,171.2,193.3,2
Kerala,Wayanad,8.2,36.9,137.8,327.9,20.2,85.6,24.7,2.94,3.22,2.65,213.7,259.4,2
Kerala,Wayanad,3.3,12.6,40.5,69.1,26.7,57.1,9.0,1.56,3.22,2.65,134.4,259.4,0
Kerala,Wayanad,0.8,4.3,19.8,46.5,21.7,69.2,9.9,1.02,3.22,2.65,120.0,259.4,0
Kerala,Wayanad,2.1,8.2,30.7,61.8,21.4,78.5,9.3,1.69,3.22,2.65,132.3,259.4,0
Kerala,Wayanad,2.7,10.1,32.2,57.0,21.9,70.4,6.6,0.72,3.22,2.65,107.3,259.4,0
Kerala,Wayanad,10.8,65.0,184.5,336.0,22.2,83.1,26.5,3.2,3.22,2.65,205.1,259.4,2
Kerala,Wayanad,4.0,30.8,102.0,226.6,22.0,84.5,29.0,2.81,3.22,2.65,220.1,259.4,1
Kerala,Wayanad,24.7,161.7,481.1,988.8,18.1,94.2,31.4,3.33,3.22,2.65,277.3,259.4,2
Kerala,Wayanad,19.2,149.4,512.8,1012.4,20.0,90.1,58.2,3.31,3.22,2.65,268.8,259.4,2
Kerala,Wayanad,0.7,3.0,15.6,31.5,24.4,68.7,11.0,1.93,3.22,2.65,180.7,259.4,0
Kerala,Wayanad,8.3,42.6,153.8,314.8,22.1,82.9,19.1,3.12,3.22,2.65,205.5,259.4,2
Kerala,Wayanad,3.2,11.3,33.2,69.4,23.1,67.6,17.0,1.77,3.22,2.65,158.7,259.4,0
Kerala,Wayanad,8.1,25.2,76.7,143.8,23.4,69.6,7.7,1.01,3.22,2.65,129.8,259.4,1
Kerala,Wayanad,0.5,3.2,15.9,39.9,26.4,76.9,6.2,0.74,3.22,2.65,127.7,259.4,0
Kerala,Wayanad,9.1,61.1,165.3,348.6,20.0,81.6,29.7,3.25,3.22,2.65,233.7,259.4,2
Kerala,Wayanad,1.7,7.4,22.3,56.7,24.5,70.4,17.9,0.59,3.22,2.65,170.8,259.4,0
Kerala,Wayanad,1.1,5.1,21.3,40.7,21.8,59.6,15.2,2.29,3.22,2.65,188.8,259.4,0
Kerala,Wayanad,4.4,18.9,52.7,92.4,24.1,69.7,17.3,0.69,3.22,2.65,130.8,259.4,0
Kerala,Wayanad,2.8,12.9,43.2,76.4,22.9,59.5,7.7,2.09,3.22,2.65,170.5,259.4,0
Kerala,Wayanad,27.9,175.3,548.0,952.7,20.2,92.4,60.4,3.66,3.22,2.65,276.7,259.4,2
Kerala,Wayanad,53.4,327.5,787.0,1653.4,20.9,97.0,63.4,4.0,3.22,2.65,271.8,259.4,2
Kerala,Wayanad,2.9,10.3,32.5,67.6,24.1,75.8,9.5,0.71,3.22,2.65,167.9,259.4,0
Kerala,Wayanad,38.9,205.3,763.0,1494.8,19.9,88.8,56.7,4.25,3.22,2.65,252.2,259.4,2
Kerala,Wayanad,3.7,32.1,131.4,301.6,20.2,85.2,30.9,3.14,3.22,2.65,203.2,259.4,2
Kerala,Wayanad,49.1,276.5,824.2,1339.2,18.2,94.7,35.6,3.47,3.22,2.65,272.4,259.4,2
Kerala,Wayanad,6.4,34.9,160.3,389.1,23.0,80.8,24.5,2.63,3.22,2.65,196.0,259.4,1
Kerala,Wayanad,1.8,6.4,23.7,49.9,22.1,62.5,8.8,1.07,3.22,2.65,147.8,259.4,0
Kerala,Wayanad,8.7,46.6,154.1,299.7,20.7,83.4,31.5,2.73,3.22,2.65,221.1,259.4,2
Kerala,Wayanad,9.6,28.8,68.5,136.5,23.9,75.1,11.9,1.3,3.22,2.65,125.1,259.4,0
Kerala,Wayanad,1.3,8.2,24.7,49.9,22.9,64.8,11.3,1.28,3.22,2.65,186.6,259.4,0
Kerala,Wayanad,0.0,1.7,8.2,22.1,22.0,60.2,13.5,2.35,3.22,2.65,159.4,259.4,0
Kerala,Wayanad,1.9,6.0,25.2,47.2,26.5,74.2,12.6,1.78,3.22,2.65,150.8,259.4,0
Kerala,Wayanad,2.7,7.1,27.4,54.1,26.5,63.3,8.6,1.93,3.22,2.65,189.1,259.4,0
Kerala,Wayanad,1.8,8.4,21.8,39.2,22.8,60.8,15.3,0.98,3.22,2.65,128.5,259.4,0
Kerala,Wayanad,2.3,11.1,31.4,50.3,21.4,73.1,15.1,1.31,3.22,2.65,105.1,259.4,0
Kerala,Wayanad,46.4,233.8,765.5,1461.1,20.0,93.1,25.9,3.64,3.22,2.65,247.1,259.4,2
Kerala,Idukki,2.8,10.9,34.0,74.1,21.5,55.4,12.0,1.17,3.06,2.4,117.1,220.7,0
Kerala,Idukki,3.5,24.4,114.5,231.4,20.3,87.7,20.7,2.98,3.06,2.4,202.0,220.7,2
Kerala,Idukki,0.9,6.4,19.1,37.6,22.8,73.1,12.8,0.9,3.06,2.4,147.6,220.7,0
Kerala,Idukki,1.7,6.0,16.3,34.4,20.0,72.3,15.1,1.85,3.06,2.4,130.4,220.7,0
Kerala,Idukki,1.0,4.8,18.8,50.9,20.5,57.6,14.4,1.14,3.06,2.4,146.7,220.7,0
Kerala,Idukki,1.2,4.8,21.8,37.4,21.0,75.1,11.8,1.77,3.06,2.4,130.5,220.7,0
Kerala,Idukki,2.3,8.0,28.0,58.4,23.7,64.3,13.8,0.74,3.06,2.4,128.7,220.7,0
Kerala,Idukki,0.9,6.4,19.3,46.4,25.6,73.0,16.2,0.73,3.06,2.4,128.8,220.7,0
Kerala,Idukki,18.5,113.9,375.1,694.1,17.9,93.4,38.2,3.19,3.06,2.4,219.6,220.7,2
Kerala,Idukki,0.3,3.6,14.5,32.5,24.9,76.7,13.0,1.02,3.06,2.4,136.5,220.7,0
Kerala,Idukki,3.7,11.8,33.7,61.2,21.7,61.6,7.2,1.85,3.06,2.4,133.6,220.7,0
Kerala,Idukki,4.1,35.9,133.5,331.8,20.0,85.7,17.9,2.95,3.06,2.4,202.6,220.7,2
Kerala,Idukki,1.4,5.6,21.1,47.1,20.3,67.8,11.3,1.63,3.06,2.4,113.5,220.7,0
Kerala,Idukki,5.9,37.1,129.5,276.6,20.4,86.4,30.0,3.01,3.06,2.4,201.1,220.7,2
Kerala,Idukki,57.2,333.0,989.2,2001.7,18.3,92.4,38.9,3.14,3.06,2.4,216.0,220.7,2
Kerala,Idukki,0.5,5.2,17.3,48.7,22.3,59.5,15.0,0.52,3.06,2.4,122.4,220.7,0
Kerala,Idukki,12.5,52.3,150.7,310.5,20.2,80.4,19.7,2.66,3.06,2.4,160.8,220.7,2
Kerala,Idukki,11.8,59.3,245.9,575.3,19.0,87.6,23.3,2.65,3.06,2.4,197.5,220.7,2
Kerala,Idukki,6.3,37.1,125.4,253.6,19.4,81.6,22.1,3.01,3.06,2.4,161.4,220.7,2
Kerala,Idukki,7.8,35.6,148.1,290.7,21.9,90.0,29.4,2.5,3.06,2.4,190.2,220.7,2
Kerala,Idukki,45.6,283.5,979.2,2010.0,19.8,96.3,45.1,4.09,3.06,2.4,206.0,220.7,2
Kerala,Idukki,1.9,5.7,16.6,43.2,20.0,61.8,10.2,1.08,3.06,2.4,132.2,220.7,0
Kerala,Idukki,3.9,32.0,97.5,231.6,20.2,91.6,28.0,2.96,3.06,2.4,168.5,220.7,2
Kerala,Idukki,0.6,4.9,19.6,48.5,21.1,73.9,7.6,0.59,3.06,2.4,142.8,220.7,0
Kerala,Idukki,1.7,5.4,14.1,29.9,21.8,72.4,9.2,1.33,3.06,2.4,133.0,220.7,0
Kerala,Idukki,0.4,3.5,18.0,38.1,22.3,68.4,8.5,1.69,3.06,2.4,115.1,220.7,0
Kerala,Idukki,7.7,45.4,173.8,415.5,21.7,89.3,19.4,2.65,3.06,2.4,160.3,220.7,2
Kerala,Idukki,0.0,0.9,7.8,18.3,23.5,55.8,14.4,1.57,3.06,2.4,155.4,220.7,0
Kerala,Idukki,1.1,4.7,14.1,32.1,22.8,59.7,6.3,1.88,3.06,2.4,123.5,220.7,0
Kerala,Idukki,9.3,50.0,190.5,375.7,20.0,83.6,31.5,3.04,3.06,2.4,192.6,220.7,2
Kerala,Idukki,41.8,237.2,838.0,1318.8,17.2,96.9,63.6,4.38,3.06,2.4,210.1,220.7,2
Kerala,Idukki,53.3,241.6,899.1,1582.2,17.6,92.6,31.6,3.11,3.06,2.4,208.3,220.7,2
Kerala,Idukki,32.2,156.5,418.4,795.7,17.5,91.7,44.1,3.58,3.06,2.4,219.7,220.7,2
Kerala,Idukki,8.9,59.7,224.0,499.6,21.7,81.5,28.0,2.33,3.06,2.4,193.0,220.7,1
Kerala,Idukki,56.5,314.9,844.4,1583.6,18.2,90.2,49.3,4.15,3.06,2.4,216.1,220.7,2
Kerala,Idukki,4.3,18.0,61.4,111.8,21.1,60.3,11.2,1.08,3.06,2.4,138.8,220.7,0
Kerala,Ernakulam,3.9,36.3,123.9,300.1,26.6,81.0,26.7,2.52,3.15,2.64,185.6,208.0,2
Kerala,Ernakulam,7.5,37.4,139.8,298.8,25.1,84.8,28.1,2.69,3.15,2.64,160.5,208.0,2
Kerala,Ernakulam,12.8,72.0,229.9,461.1,26.4,84.4,28.4,3.23,3.15,2.64,171.9,208.0,2
Kerala,Ernakulam,2.2,7.8,28.1,52.3,30.9,73.2,11.5,0.59,3.15,2.64,103.7,208.0,0
Kerala,Ernakulam,3.4,11.6,42.4,70.8,27.8,75.5,12.5,0.85,3.15,2.64,109.2,208.0,0
Kerala,Ernakulam,0.4,4.2,15.0,32.4,27.5,57.1,7.1,1.91,3.15,2.64,129.3,208.0,0
Kerala,Ernakulam,1.9,9.6,29.6,68.6,30.4,68.1,11.5,0.65,3.15,2.64,110.3,208.0,0
Kerala,Ernakulam,1.4,8.5,29.8,60.4,31.6,73.7,11.1,0.54,3.15,2.64,152.4,208.0,0
Kerala,Ernakulam,1.9,10.4,35.6,55.2,27.6,62.6,12.2,2.16,3.15,2.64,100.9,208.0,0
Kerala,Ernakulam,4.9,34.5,140.9,338.4,27.2,88.1,25.3,3.18,3.15,2.64,178.0,208.0,2
Kerala,Ernakulam,4.8,13.2,34.3,62.5,31.9,63.0,8.7,0.54,3.15,2.64,106.8,208.0,0
Kerala,Ernakulam,3.1,11.4,40.0,76.2,28.3,78.2,6.2,1.16,3.15,2.64,108.4,208.0,0
Kerala,Ernakulam,4.4,16.2,43.5,82.3,26.2,76.3,17.6,1.72,3.15,2.64,124.1,208.0,0
Kerala,Ernakulam,2.2,10.1,27.6,54.0,26.2,70.6,8.0,1.18,3.15,2.64,114.6,208.0,0
Kerala,Ernakulam,19.1,150.7,468.9,1008.8,24.2,96.5,28.9,3.49,3.15,2.64,224.4,208.0,2
Kerala,Ernakulam,0.8,2.7,15.3,31.2,30.5,65.5,13.2,1.12,3.15,2.64,109.6,208.0,0
Kerala,Ernakulam,2.9,15.2,47.5,87.6,31.2,67.4,11.6,2.1,3.15,2.64,115.9,208.0,0
Kerala,Ernakulam,26.3,156.3,472.4,880.9,24.8,94.5,64.0,3.75,3.15,2.64,212.5,208.0,2
Kerala,Ernakulam,15.3,68.4,274.3,610.4,27.0,83.0,24.7,2.82,3.15,2.64,153.5,208.0,2
Kerala,Ernakulam,2.2,11.8,38.4,86.4,27.0,64.2,16.5,0.84,3.15,2.64,151.4,208.0,0
Kerala,Ernakulam,33.2,198.5,543.2,980.7,23.0,96.0,63.9,3.88,3.15,2.64,195.1,208.0,2
Kerala,Ernakulam,4.5,39.5,126.6,305.4,27.9,88.1,29.7,3.25,3.15,2.64,185.6,208.0,2
Kerala,Ernakulam,1.0,4.1,12.9,33.8,29.2,55.6,11.8,1.91,3.15,2.64,104.5,208.0,0
Kerala,Ernakulam,1.8,10.1,31.8,64.0,28.6,58.1,7.8,1.01,3.15,2.64,143.3,208.0,0
Kerala,Ernakulam,16.3,64.2,204.2,490.7,27.4,81.2,25.9,2.5,3.15,2.64,187.2,208.0,2
Kerala,Ernakulam,6.6,17.4,45.4,95.5,29.4,69.9,15.1,0.79,3.15,2.64,104.2,208.0,0
Kerala,Ernakulam,0.7,3.7,18.1,36.6,28.9,66.0,9.5,1.94,3.15,2.64,133.8,208.0,0
Kerala,Ernakulam,2.4,8.0,22.4,38.7,29.5,61.5,14.7,1.95,3.15,2.64,155.7,208.0,0
Kerala,Ernakulam,1.0,4.0,11.2,26.1,28.2,76.6,11.8,0.83,3.15,2.64,121.4,208.0,0
Kerala,Ernakulam,0.4,1.5,8.1,16.2,27.7,74.5,15.5,1.76,3.15,2.64,109.2,208.0,0
Kerala,Ernakulam,2.9,15.1,53.9,108.6,27.4,60.1,14.0,1.27,3.15,2.64,90.4,208.0,0
Kerala,Ernakulam,2.0,7.0,25.9,64.4,26.3,69.2,9.0,1.0,3.15,2.64,137.0,208.0,0
Kerala,Ernakulam,8.9,49.1,183.4,328.5,26.3,81.1,18.2,3.11,3.15,2.64,152.4,208.0,2
Kerala,Ernakulam,42.6,192.6,627.1,1186.3,23.7,91.2,50.4,3.47,3.15,2.64,195.2,208.0,2
Kerala,Ernakulam,1.5,6.2,18.9,41.6,31.2,57.8,16.6,2.01,3.15,2.64,97.4,208.0,0
Kerala,Ernakulam,9.3,53.3,156.2,344.8,27.5,86.1,23.7,3.21,3.15,2.64,162.2,208.0,2
Kerala,Alappuzha,9.2,48.5,212.0,429.9,25.1,85.6,17.8,3.15,3.8,3.3,154.3,191.3,1
Kerala,Alappuzha,3.5,15.0,46.9,82.5,30.6,60.3,12.0,1.33,3.8,3.3,112.0,191.3,0
Kerala,Alappuzha,0.7,4.8,14.4,33.0,30.7,76.3,13.3,0.91,3.8,3.3,140.6,191.3,0
Kerala,Alappuzha,48.7,296.9,824.4,1553.2,25.1,89.4,38.3,4.33,3.8,3.3,198.8,191.3,2
Kerala,Alappuzha,12.6,61.7,208.3,430.4,26.9,89.7,31.6,3.71,3.8,3.3,138.5,191.3,2
Kerala,Alappuzha,11.7,59.5,183.0,369.5,27.0,86.7,18.4,3.27,3.8,3.3,157.0,191.3,1
Kerala,Alappuzha,23.0,133.0,460.3,951.3,25.9,94.6,52.5,5.08,3.8,3.3,190.9,191.3,2
Kerala,Alappuzha,2.3,9.0,25.5,45.5,31.5,57.8,7.6,2.45,3.8,3.3,98.2,191.3,0
Kerala,Alappuzha,8.1,41.6,127.1,241.1,27.3,86.9,28.0,3.31,3.8,3.3,158.1,191.3,2
Kerala,Alappuzha,1.6,7.1,22.6,46.0,31.1,77.6,11.4,2.8,3.8,3.3,88.8,191.3,0
Kerala,Alappuzha,7.5,42.7,169.2,336.5,27.9,81.4,22.0,3.42,3.8,3.3,156.3,191.3,2
Kerala,Alappuzha,1.8,9.9,26.0,43.7,29.0,75.0,15.5,1.78,3.8,3.3,115.0,191.3,0
Kerala,Alappuzha,3.0,30.8,146.3,327.9,25.5,81.1,30.7,3.59,3.8,3.3,175.7,191.3,2
Kerala,Alappuzha,23.2,112.8,320.0,729.4,26.0,80.9,26.0,3.37,3.8,3.3,157.9,191.3,2
Kerala,Alappuzha,13.7,74.4,200.1,355.9,27.9,82.7,22.3,3.31,3.8,3.3,146.3,191.3,2
Kerala,Alappuzha,19.0,83.2,294.3,600.4,25.4,90.4,17.6,3.72,3.8,3.3,145.6,191.3,2
Kerala,Alappuzha,3.0,9.2,35.5,75.5,28.0,62.9,8.8,1.04,3.8,3.3,96.8,191.3,0
Kerala,Alappuzha,5.5,42.8,135.1,272.6,26.7,90.0,21.4,3.46,3.8,3.3,166.2,191.3,2
Kerala,Alappuzha,10.2,53.1,169.5,353.8,27.7,82.1,30.5,3.68,3.8,3.3,142.4,191.3,2
Kerala,Alappuzha,12.2,56.1,206.3,390.9,25.0,89.6,21.1,3.3,3.8,3.3,142.0,191.3,2
Kerala,Alappuzha,4.5,35.6,138.3,300.2,25.5,85.2,29.4,3.34,3.8,3.3,176.0,191.3,2
Kerala,Alappuzha,4.8,17.1,53.4,93.3,27.9,58.5,9.0,1.97,3.8,3.3,85.1,191.3,0
Kerala,Alappuzha,1.2,7.7,24.0,56.0,28.2,65.4,7.9,0.95,3.8,3.3,139.2,191.3,0
Kerala,Alappuzha,52.9,295.3,970.9,1583.6,25.1,94.3,61.4,4.21,3.8,3.3,185.8,191.3,2
Kerala,Alappuzha,11.6,63.9,185.2,427.6,26.9,87.2,23.9,3.23,3.8,3.3,138.3,191.3,1
Kerala,Alappuzha,22.3,150.0,524.3,1137.0,25.6,94.0,50.5,4.27,3.8,3.3,190.4,191.3,2
Kerala,Alappuzha,24.0,155.4,542.5,1069.9,23.4,90.0,33.8,4.03,3.8,3.3,204.8,191.3,2
Kerala,Alappuzha,5.3,11.9,38.4,59.6,27.1,71.5,9.9,3.03,3.8,3.3,121.3,191.3,0
Kerala,Alappuzha,9.2,58.8,210.7,428.1,26.3,91.2,15.6,3.82,3.8,3.3,152.5,191.3,2
Kerala,Alappuzha,5.3,13.4,29.4,57.6,27.9,69.3,11.8,1.39,3.8,3.3,118.6,191.3,0
Kerala,Alappuzha,45.1,231.1,738.2,1193.6,23.7,97.2,38.5,5.05,3.8,3.3,183.8,191.3,2
Kerala,Alappuzha,40.9,237.8,753.6,1376.1,24.9,94.4,63.6,4.02,3.8,3.3,182.9,191.3,2
Kerala,Alappuzha,3.1,28.1,114.5,239.4,25.0,81.0,29.7,3.5,3.8,3.3,152.9,191.3,1
Kerala,Alappuzha,64.9,312.3,769.1,1530.6,24.2,89.5,59.4,4.56,3.8,3.3,200.5,191.3,2
Kerala,Alappuzha,0.5,5.9,19.3,30.7,29.8,70.5,16.1,2.45,3.8,3.3,86.7,191.3,0
Kerala,Alappuzha,46.7,272.7,995.2,1740.4,23.1,96.9,43.7,4.03,3.8,3.3,204.7,191.3,2
Kerala,Kottayam,0.7,5.6,18.2,32.1,29.9,74.1,15.7,1.74,2.5,2.0,113.2,233.4,0
Kerala,Kottayam,1.8,23.0,97.2,209.5,26.2,90.7,17.1,2.39,2.5,2.0,212.1,233.4,2
Kerala,Kottayam,0.2,3.9,11.5,21.6,25.6,70.7,11.7,1.36,2.5,2.0,117.8,233.4,0
Kerala,Kottayam,5.3,20.0,51.5,105.4,26.6,79.7,10.6,1.66,2.5,2.0,102.6,233.4,0
Kerala,Kottayam,4.4,17.8,58.3,111.5,25.6,79.9,13.2,1.28,2.5,2.0,123.0,233.4,0
Kerala,Kottayam,49.3,311.2,890.9,1817.7,22.8,90.8,35.1,3.24,2.5,2.0,230.4,233.4,2
Kerala,Kottayam,5.6,36.3,124.8,253.3,25.2,88.0,16.8,2.42,2.5,2.0,201.1,233.4,2
Kerala,Kottayam,22.4,111.0,362.2,688.4,25.2,89.5,31.2,2.26,2.5,2.0,173.5,233.4,2
Kerala,Kottayam,6.7,43.8,178.4,369.1,26.0,89.5,29.5,2.26,2.5,2.0,192.5,233.4,2
Kerala,Kottayam,56.2,317.8,952.8,1740.4,22.2,89.0,61.8,3.63,2.5,2.0,242.0,233.4,2
Kerala,Kottayam,29.9,190.0,681.9,1221.9,23.6,97.9,35.5,3.62,2.5,2.0,222.5,233.4,2
Kerala,Kottayam,19.4,89.0,270.9,616.3,24.4,84.0,25.5,2.39,2.5,2.0,207.1,233.4,2
Kerala,Kottayam,6.9,24.6,76.9,129.6,26.1,64.6,9.2,1.42,2.5,2.0,122.0,233.4,0
Kerala,Kottayam,5.4,44.8,182.5,335.4,24.3,88.4,24.5,2.41,2.5,2.0,193.2,233.4,2
Kerala,Kottayam,3.5,12.4,32.1,67.9,26.6,72.9,12.4,1.02,2.5,2.0,168.6,233.4,0
Kerala,Kottayam,4.3,20.1,64.5,113.6,31.0,66.1,6.5,1.21,2.5,2.0,147.9,233.4,0
Kerala,Kottayam,0.9,6.8,24.1,46.7,26.3,55.3,8.9,0.53,2.5,2.0,143.4,233.4,0
Kerala,Kottayam,0.9,21.5,93.5,243.2,25.1,90.7,31.6,2.4,2.5,2.0,201.0,233.4,2
Kerala,Kottayam,55.8,265.1,951.5,1630.6,22.1,89.3,59.4,3.88,2.5,2.0,223.9,233.4,2
Kerala,Kottayam,3.4,12.5,41.8,75.2,29.8,70.1,14.6,1.43,2.5,2.0,146.0,233.4,0
Kerala,Kottayam,4.7,38.0,133.3,302.6,25.7,91.4,17.9,2.25,2.5,2.0,194.1,233.4,2
Kerala,Kottayam,1.5,8.3,24.9,46.6,28.4,78.7,14.7,1.43,2.5,2.0,133.5,233.4,0
Kerala,Kottayam,8.8,63.6,189.0,405.0,26.0,86.8,29.9,2.56,2.5,2.0,174.8,233.4,2
Kerala,Kottayam,2.9,10.9,28.0,56.5,25.7,79.4,13.4,1.19,2.5,2.0,153.0,233.4,0
Kerala,Kottayam,6.5,40.9,154.8,301.3,25.5,81.4,16.5,2.56,2.5,2.0,194.8,233.4,2
Kerala,Kottayam,36.2,209.6,541.5,904.8,22.9,96.8,45.0,2.8,2.5,2.0,229.7,233.4,2
Kerala,Kottayam,2.2,11.5,35.2,60.7,28.6,79.6,6.7,0.99,2.5,2.0,107.1,233.4,0
Kerala,Kottayam,42.9,195.9,530.7,1088.3,22.1,89.9,49.8,2.8,2.5,2.0,222.9,233.4,2
Kerala,Kottayam,4.5,20.6,61.8,130.2,30.3,59.4,7.8,1.56,2.5,2.0,95.8,233.4,0
Kerala,Kottayam,0.1,5.1,24.0,42.5,27.1,59.5,12.2,1.67,2.5,2.0,134.0,233.4,0
Kerala,Kottayam,3.2,38.2,173.8,369.0,25.7,81.4,24.4,2.07,2.5,2.0,185.1,233.4,2
Kerala,Kottayam,0.5,2.7,10.3,33.9,29.9,77.7,14.5,1.59,2.5,2.0,101.4,233.4,0
Kerala,Kottayam,1.0,4.8,18.4,37.5,28.3,60.0,9.8,1.08,2.5,2.0,109.5,233.4,0
Kerala,Kottayam,38.0,194.4,462.7,944.6,24.1,97.9,55.8,3.59,2.5,2.0,240.8,233.4,2
Kerala,Kottayam,3.3,11.6,33.3,72.7,28.8,73.5,12.4,0.56,2.5,2.0,118.1,233.4,0
Kerala,Kottayam,4.0,15.2,54.2,107.8,26.1,64.3,14.4,1.68,2.5,2.0,101.4,233.4,0
Maharashtra,Kolhapur,1.5,4.6,12.9,28.3,28.1,78.1,6.1,1.15,4.18,3.42,175.9,256.9,0
Maharashtra,Kolhapur,7.1,56.6,214.6,479.1,25.6,83.0,26.4,4.15,4.18,3.42,206.7,256.9,2
Maharashtra,Kolhapur,15.9,87.7,258.3,558.8,23.9,85.0,22.0,3.51,4.18,3.42,231.3,256.9,2
Maharashtra,Kolhapur,8.9,52.2,187.2,415.5,24.0,82.7,25.8,3.34,4.18,3.42,231.3,256.9,2
Maharashtra,Kolhapur,1.2,4.4,16.3,43.4,26.4,68.4,9.4,2.05,4.18,3.42,112.5,256.9,0
Maharashtra,Kolhapur,3.7,17.3,59.9,103.7,30.0,66.7,7.3,1.12,4.18,3.42,177.7,256.9,0
Maharashtra,Kolhapur,3.3,15.2,41.0,70.3,27.6,56.0,17.2,2.59,4.18,3.42,119.8,256.9,0
Maharashtra,Kolhapur,2.5,9.3,32.6,78.1,26.1,60.0,13.7,1.56,4.18,3.42,116.5,256.9,0
Maharashtra,Kolhapur,1.0,3.0,13.3,35.2,24.4,61.1,12.3,2.01,4.18,3.42,115.7,256.9,0
Maharashtra,Kolhapur,20.7,142.9,486.9,904.6,22.9,89.4,29.2,4.55,4.18,3.42,252.0,256.9,2
Maharashtra,Kolhapur,4.3,39.7,119.1,277.9,25.8,87.8,30.5,4.21,4.18,3.42,218.1,256.9,2
Maharashtra,Kolhapur,0.7,4.4,19.6,39.8,29.9,66.4,17.0,0.92,4.18,3.42,151.0,256.9,0
Maharashtra,Kolhapur,0.7,4.8,20.3,53.8,26.2,55.5,15.7,0.89,4.18,3.42,144.1,256.9,0
Maharashtra,Kolhapur,4.5,30.6,124.3,275.4,24.7,85.0,27.5,3.69,4.18,3.42,204.9,256.9,2
Maharashtra,Kolhapur,1.0,4.6,15.3,26.3,25.2,76.8,13.9,2.18,4.18,3.42,183.7,256.9,0
Maharashtra,Kolhapur,7.9,48.9,173.9,311.3,24.0,83.6,29.2,4.04,4.18,3.42,217.0,256.9,2
Maharashtra,Kolhapur,1.9,7.3,19.8,36.6,26.7,72.3,10.6,2.31,4.18,3.42,127.3,256.9,0
Maharashtra,Kolhapur,3.9,27.3,113.9,229.0,24.6,90.4,17.2,4.21,4.18,3.42,201.2,256.9,2
Maharashtra,Kolhapur,46.8,287.3,930.7,1431.7,21.4,88.5,59.1,4.65,4.18,3.42,273.4,256.9,2
Maharashtra,Kolhapur,2.2,6.1,22.0,51.6,29.0,66.9,14.4,1.29,4.18,3.42,111.9,256.9,0
Maharashtra,Kolhapur,8.3,48.4,165.9,355.4,24.3,85.6,31.7,3.95,4.18,3.42,231.4,256.9,2
Maharashtra,Kolhapur,49.2,232.3,746.1,1333.0,23.5,88.2,52.5,5.33,4.18,3.42,274.6,256.9,2
Maharashtra,Kolhapur,7.4,47.6,208.4,451.9,23.0,90.6,16.2,3.36,4.18,3.42,200.4,256.9,2
Maharashtra,Kolhapur,0.9,7.0,27.3,58.8,28.3,78.7,7.0,2.14,4.18,3.42,174.6,256.9,0
Maharashtra,Kolhapur,0.5,3.9,17.1,30.1,27.1,77.9,11.9,2.96,4.18,3.42,107.4,256.9,0
Maharashtra,Kolhapur,2.8,9.4,24.1,56.0,26.7,57.0,12.6,0.86,4.18,3.42,190.7,256.9,0
Maharashtra,Kolhapur,8.3,44.3,162.0,317.2,24.0,88.4,20.7,4.07,4.18,3.42,228.8,256.9,2
Maharashtra,Kolhapur,9.6,49.8,208.6,438.2,25.2,91.0,30.6,3.31,4.18,3.42,219.2,256.9,2
Maharashtra,Kolhapur,1.1,3.8,19.4,29.5,26.2,58.9,15.6,2.62,4.18,3.42,180.4,256.9,0
Maharashtra,Kolhapur,1.0,6.1,24.7,46.3,29.2,66.5,16.5,2.64,4.18,3.42,112.3,256.9,0
Maharashtra,Kolhapur,4.0,14.1,41.6,74.8,24.0,74.8,8.8,0.64,4.18,3.42,109.9,256.9,0
Maharashtra,Kolhapur,1.3,6.2,23.7,44.6,25.7,71.9,16.4,0.67,4.18,3.42,119.4,256.9,0
Maharashtra,Kolhapur,2.0,5.6,17.6,45.4,28.2,56.9,8.2,1.37,4.18,3.42,192.0,256.9,0
Maharashtra,Kolhapur,1.6,8.0,26.8,48.5,28.9,73.4,12.4,2.28,4.18,3.42,189.8,256.9,0
Maharashtra,Kolhapur,0.7,2.7,9.0,25.9,28.9,57.0,15.2,2.45,4.18,3.42,103.8,256.9,0
Maharashtra,Kolhapur,6.1,37.9,157.6,361.9,25.8,83.1,29.3,3.7,4.18,3.42,223.1,256.9,2
Maharashtra,Sangli,7.4,29.1,79.1,134.5,28.8,78.1,16.2,2.46,3.32,2.72,148.7,264.5,0
Maharashtra,Sangli,39.3,207.1,580.4,972.8,23.0,94.3,41.0,3.39,3.32,2.72,276.8,264.5,2
Maharashtra,Sangli,5.2,35.8,109.7,229.1,27.0,80.3,21.7,2.79,3.32,2.72,241.0,264.5,2
Maharashtra,Sangli,1.9,7.0,24.4,50.4,31.8,56.5,17.5,0.64,3.32,2.72,135.7,264.5,0
Maharashtra,Sangli,0.9,3.4,18.7,31.0,27.8,59.0,13.6,1.88,3.32,2.72,145.5,264.5,0
Maharashtra,Sangli,1.7,5.2,23.0,49.7,31.8,56.6,11.4,1.34,3.32,2.72,125.2,264.5,0
Maharashtra,Sangli,0.8,6.3,24.1,59.6,29.3,69.4,10.0,0.89,3.32,2.72,117.6,264.5,0
Maharashtra,Sangli,1.0,8.0,24.1,49.5,28.9,66.7,6.2,1.53,3.32,2.72,114.6,264.5,0
Maharashtra,Sangli,3.1,23.4,101.5,274.3,27.2,85.4,28.2,3.23,3.32,2.72,205.1,264.5,2
Maharashtra,Sangli,1.9,7.0,22.4,48.1,28.9,58.7,9.3,1.15,3.32,2.72,197.0,264.5,0
Maharashtra,Sangli,6.4,46.7,185.9,390.2,25.8,88.8,18.3,3.24,3.32,2.72,205.4,264.5,2
Maharashtra,Sangli,10.4,60.1,159.6,286.3,26.0,89.1,16.3,2.94,3.32,2.72,238.6,264.5,2
Maharashtra,Sangli,1.7,8.1,29.6,47.5,27.7,72.7,11.4,0.83,3.32,2.72,117.7,264.5,0
Maharashtra,Sangli,23.8,170.5,501.7,1054.3,24.1,94.5,40.8,3.81,3.32,2.72,278.7,264.5,2
Maharashtra,Sangli,0.8,4.8,21.7,41.9,26.8,56.6,6.8,0.81,3.32,2.72,154.2,264.5,0
Maharashtra,Sangli,29.0,207.6,592.5,1225.7,24.4,93.2,50.7,3.9,3.32,2.72,249.9,264.5,2
Maharashtra,Sangli,4.3,34.9,124.8,247.2,26.1,86.7,15.9,3.28,3.32,2.72,202.4,264.5,2
Maharashtra,Sangli,1.7,5.2,20.1,39.0,30.5,71.8,6.2,2.05,3.32,2.72,151.4,264.5,0
Maharashtra,Sangli,15.3,80.1,215.1,401.6,28.0,88.4,24.9,2.85,3.32,2.72,238.0,264.5,2
Maharashtra,Sangli,1.0,5.1,23.2,44.7,29.1,59.0,8.4,1.73,3.32,2.72,136.8,264.5,0
Maharashtra,Sangli,0.1,0.8,2.2,13.6,29.1,65.1,8.2,0.58,3.32,2.72,180.3,264.5,0
Maharashtra,Sangli,8.8,50.9,188.4,442.7,25.3,89.8,21.1,2.57,3.32,2.72,223.6,264.5,1
Maharashtra,Sangli,14.5,76.5,246.9,443.2,27.0,86.0,27.2,3.17,3.32,2.72,214.7,264.5,2
Maharashtra,Sangli,2.8,14.0,42.0,88.8,31.6,56.9,7.3,0.5,3.32,2.72,108.7,264.5,0
Maharashtra,Sangli,0.4,2.2,8.9,30.8,26.6,64.2,13.7,2.46,3.32,2.72,174.5,264.5,0
Maharashtra,Sangli,1.9,8.0,19.2,30.4,28.7,78.3,17.8,2.35,3.32,2.72,116.9,264.5,0
Maharashtra,Sangli,12.2,75.9,297.1,515.3,25.8,85.5,30.1,3.15,3.32,2.72,204.9,264.5,2
Maharashtra,Sangli,1.1,3.6,12.3,25.8,26.2,65.8,11.6,0.85,3.32,2.72,107.0,264.5,0
Maharashtra,Sangli,48.9,316.0,1018.7,1656.8,24.0,97.6,32.5,4.3,3.32,2.72,277.6,264.5,2
Maharashtra,Sangli,20.1,153.9,527.3,1140.3,23.8,90.9,28.5,3.87,3.32,2.72,278.1,264.5,2
Maharashtra,Sangli,1.0,7.2,26.1,51.2,28.4,69.5,10.5,2.49,3.32,2.72,176.8,264.5,0
Maharashtra,Sangli,1.0,7.7,25.7,52.1,27.5,58.4,17.1,1.8,3.32,2.72,147.5,264.5,0
Maharashtra,Sangli,1.4,9.0,30.9,63.7,28.0,70.8,14.9,2.22,3.32,2.72,158.9,264.5,0
Maharashtra,Sangli,55.2,316.4,1075.9,2280.1,24.4,93.8,35.2,4.11,3.32,2.72,283.2,264.5,2
Maharashtra,Sangli,3.8,37.1,133.4,319.4,25.2,86.3,28.9,2.72,3.32,2.72,209.0,264.5,2
Maharashtra,Sangli,2.1,7.6,25.6,62.1,27.1,55.0,15.5,1.52,3.32,2.72,115.8,264.5,0
Maharashtra,Raigad,2.2,10.1,27.7,52.7,25.2,58.0,8.2,1.68,2.65,2.22,124.3,292.5,0
Maharashtra,Raigad,2.2,10.3,29.0,57.2,27.3,60.2,11.1,1.4,2.65,2.22,166.0,292.5,0
Maharashtra,Raigad,7.7,41.0,119.9,233.5,24.4,84.6,24.2,2.09,2.65,2.22,250.9,292.5,1
Maharashtra,Raigad,3.7,37.6,127.4,239.2,24.3,85.7,24.2,2.08,2.65,2.22,253.0,292.5,1
Maharashtra,Raigad,6.8,46.6,173.9,411.7,26.1,89.3,29.5,2.18,2.65,2.22,234.6,292.5,1
Maharashtra,Raigad,6.6,19.0,65.2,116.2,27.8,72.4,10.7,1.91,2.65,2.22,183.9,292.5,0
Maharashtra,Raigad,2.1,9.9,34.7,57.1,26.7,63.3,7.3,0.74,2.65,2.22,202.7,292.5,0
Maharashtra,Raigad,0.7,2.0,13.9,38.6,25.3,59.6,10.1,1.54,2.65,2.22,203.6,292.5,0
Maharashtra,Raigad,2.9,11.6,36.9,65.8,30.7,69.1,11.3,1.06,2.65,2.22,188.6,292.5,0
Maharashtra,Raigad,6.6,22.9,64.3,112.5,28.3,65.6,6.8,0.9,2.65,2.22,214.1,292.5,0
Maharashtra,Raigad,2.4,11.1,43.0,65.8,28.4,71.6,11.4,2.01,2.65,2.22,155.2,292.5,0
Maharashtra,Raigad,1.5,7.1,19.9,38.0,25.9,58.3,14.4,0.52,2.65,2.22,123.1,292.5,0
Maharashtra,Raigad,15.3,68.5,223.1,506.3,24.2,90.3,28.6,2.16,2.65,2.22,238.4,292.5,2
Maharashtra,Raigad,1.1,4.3,17.3,34.8,25.8,67.7,16.3,0.6,2.65,2.22,169.6,292.5,0
Maharashtra,Raigad,44.6,235.0,795.8,1328.0,24.8,92.3,59.8,3.75,2.65,2.22,270.4,292.5,2
Maharashtra,Raigad,13.2,73.9,262.5,565.1,25.2,89.5,30.1,2.49,2.65,2.22,254.8,292.5,2
Maharashtra,Raigad,1.0,4.5,17.5,25.8,25.5,77.3,7.7,1.47,2.65,2.22,154.8,292.5,0
Maharashtra,Raigad,1.2,7.4,26.0,49.7,26.8,78.7,12.1,1.09,2.65,2.22,206.2,292.5,0
Maharashtra,Raigad,11.8,71.6,250.4,520.3,26.7,85.9,20.8,2.4,2.65,2.22,247.5,292.5,2
Maharashtra,Raigad,4.7,13.0,35.6,70.1,30.4,69.2,10.2,0.97,2.65,2.22,201.5,292.5,0
Maharashtra,Raigad,1.6,5.7,20.9,52.3,25.8,74.2,9.5,1.54,2.65,2.22,154.0,292.5,0
Maharashtra,Raigad,14.7,73.2,240.7,539.4,25.1,82.5,28.4,2.63,2.65,2.22,221.3,292.5,2
Maharashtra,Raigad,9.7,50.0,168.3,365.5,26.6,87.3,19.3,2.73,2.65,2.22,258.2,292.5,2
Maharashtra,Raigad,18.2,136.9,522.6,1180.7,24.2,93.7,33.0,2.77,2.65,2.22,289.1,292.5,2
Maharashtra,Raigad,46.0,243.7,596.8,1125.0,24.8,96.5,36.1,3.44,2.65,2.22,281.7,292.5,2
Maharashtra,Raigad,4.9,41.8,145.4,306.1,26.0,87.5,19.7,2.33,2.65,2.22,224.1,292.5,2
Maharashtra,Raigad,6.3,38.3,152.8,292.0,26.0,82.6,28.7,2.62,2.65,2.22,222.5,292.5,2
Maharashtra,Raigad,10.5,57.9,227.6,429.0,26.7,90.1,18.8,2.36,2.65,2.22,220.3,292.5,2
Maharashtra,Raigad,5.1,12.8,32.4,65.6,27.3,60.3,7.2,0.62,2.65,2.22,189.9,292.5,0
Maharashtra,Raigad,4.0,15.2,45.4,82.4,30.3,67.3,15.5,1.3,2.65,2.22,150.0,292.5,0
Maharashtra,Raigad,4.0,16.6,49.0,98.3,29.2,64.4,15.5,0.81,2.65,2.22,149.2,292.5,0
Maharashtra,Raigad,0.4,2.4,11.5,19.7,30.6,61.1,14.4,1.19,2.65,2.22,198.9,292.5,0
Maharashtra,Raigad,3.2,10.3,33.9,67.3,26.5,60.7,10.4,2.02,2.65,2.22,166.0,292.5,0
Maharashtra,Raigad,3.1,14.2,46.7,103.8,27.2,74.0,7.1,1.89,2.65,2.22,126.5,292.5,0
Maharashtra,Raigad,9.2,39.5,166.1,339.0,26.2,91.0,18.9,2.25,2.65,2.22,241.0,292.5,2
Maharashtra,Raigad,3.0,6.8,26.8,67.0,26.1,68.7,17.3,1.86,2.65,2.22,141.2,292.5,0
Maharashtra,Ratnagiri,0.2,4.5,11.2,30.2,29.3,58.8,17.2,1.12,3.69,3.21,103.5,256.9,0
Maharashtra,Ratnagiri,54.0,266.9,759.9,1210.2,24.5,89.3,59.5,4.87,3.69,3.21,259.9,256.9,2
Maharashtra,Ratnagiri,0.0,0.9,4.4,19.2,25.4,64.4,6.0,1.66,3.69,3.21,174.6,256.9,0
Maharashtra,Ratnagiri,9.1,50.8,171.6,431.3,25.9,87.3,27.2,3.59,3.69,3.21,223.6,256.9,2
Maharashtra,Ratnagiri,1.6,6.9,26.0,48.6,27.2,62.5,13.3,1.54,3.69,3.21,136.6,256.9,0
Maharashtra,Ratnagiri,1.4,4.6,13.6,26.5,30.2,74.8,15.0,2.13,3.69,3.21,129.9,256.9,0
Maharashtra,Ratnagiri,2.5,6.2,20.5,41.4,30.3,66.6,11.0,0.63,3.69,3.21,188.0,256.9,0
Maharashtra,Ratnagiri,61.4,277.9,801.8,1560.2,23.2,91.5,45.5,4.38,3.69,3.21,274.7,256.9,2
Maharashtra,Ratnagiri,40.5,203.8,706.4,1504.0,22.9,90.7,26.0,4.04,3.69,3.21,257.8,256.9,2
Maharashtra,Ratnagiri,2.1,9.7,31.0,49.5,28.1,58.1,11.3,1.72,3.69,3.21,171.4,256.9,0
Maharashtra,Ratnagiri,2.3,11.5,31.5,76.4,27.3,71.5,11.3,2.31,3.69,3.21,126.8,256.9,0
Maharashtra,Ratnagiri,3.6,13.6,37.4,57.8,30.7,59.9,12.8,1.55,3.69,3.21,177.0,256.9,0
Maharashtra,Ratnagiri,1.0,4.3,13.3,32.0,26.6,67.1,6.8,1.68,3.69,3.21,191.0,256.9,0
Maharashtra,Ratnagiri,41.2,198.2,719.7,1595.6,22.1,90.6,47.3,4.94,3.69,3.21,269.8,256.9,2
Maharashtra,Ratnagiri,2.4,10.3,37.2,75.5,29.8,74.5,8.9,2.55,3.69,3.21,141.8,256.9,0
Maharashtra,Ratnagiri,0.9,4.8,25.1,44.8,29.8,61.4,15.9,1.89,3.69,3.21,178.7,256.9,0
Maharashtra,Ratnagiri,0.1,2.7,6.9,17.3,29.5,65.5,10.0,0.7,3.69,3.21,117.4,256.9,0
Maharashtra,Ratnagiri,1.3,5.1,21.0,47.1,25.9,66.8,6.4,2.85,3.69,3.21,113.4,256.9,0
Maharashtra,Ratnagiri,4.1,17.1,59.7,110.8,26.7,70.3,8.0,0.9,3.69,3.21,132.2,256.9,0
Maharashtra,Ratnagiri,0.7,1.9,5.7,17.2,25.6,79.3,15.7,2.13,3.69,3.21,191.9,256.9,0
Maharashtra,Ratnagiri,2.5,6.5,24.3,56.4,27.1,69.3,6.5,2.74,3.69,3.21,132.4,256.9,0
Maharashtra,Ratnagiri,3.6,15.9,51.7,80.9,27.3,79.8,7.3,1.99,3.69,3.21,158.1,256.9,0
Maharashtra,Ratnagiri,3.2,12.6,32.2,59.8,29.2,57.4,13.3,2.23,3.69,3.21,105.6,256.9,0
Maharashtra,Ratnagiri,49.3,293.2,813.3,1432.5,23.8,96.1,34.4,5.07,3.69,3.21,249.1,256.9,2
Maharashtra,Ratnagiri,0.9,2.9,7.1,14.2,25.6,66.2,7.8,0.68,3.69,3.21,172.0,256.9,0
Maharashtra,Ratnagiri,5.1,40.5,135.1,321.9,25.3,87.1,30.9,3.17,3.69,3.21,209.3,256.9,1
Maharashtra,Ratnagiri,1.8,5.1,10.9,24.6,26.1,67.4,13.9,1.5,3.69,3.21,166.5,256.9,0
Maharashtra,Ratnagiri,2.2,6.6,25.1,53.6,28.4,72.5,6.1,2.47,3.69,3.21,188.6,256.9,0
Maharashtra,Ratnagiri,3.0,13.6,38.5,68.5,30.7,77.7,14.6,1.55,3.69,3.21,172.1,256.9,0
Maharashtra,Ratnagiri,11.2,67.6,201.6,425.3,25.5,82.5,20.7,3.52,3.69,3.21,222.8,256.9,2
Maharashtra,Ratnagiri,10.7,36.1,121.4,221.1,30.7,75.0,11.5,2.3,3.69,3.21,152.0,256.9,1
Maharashtra,Ratnagiri,5.4,18.4,48.2,97.5,27.8,77.0,17.1,2.79,3.69,3.21,157.5,256.9,0
Maharashtra,Ratnagiri,1.2,6.0,18.2,33.2,26.4,77.6,9.0,1.17,3.69,3.21,150.5,256.9,0
Maharashtra,Ratnagiri,7.9,31.6,82.6,175.2,26.6,75.4,12.6,1.55,3.69,3.21,147.9,256.9,1
Maharashtra,Ratnagiri,55.3,296.0,869.3,1834.1,23.0,90.9,29.6,4.06,3.69,3.21,277.0,256.9,2
Maharashtra,Ratnagiri,3.9,31.8,115.4,228.9,24.2,80.2,17.2,3.59,3.69,3.21,198.2,256.9,1
Maharashtra,Pune,27.6,138.2,515.7,1024.7,22.8,97.8,59.9,4.86,3.66,2.99,195.4,212.3,2
Maharashtra,Pune,0.6,6.0,28.5,48.6,23.7,74.1,15.4,1.57,3.66,2.99,94.0,212.3,0
Maharashtra,Pune,3.3,8.7,29.2,50.5,28.7,73.1,16.9,1.92,3.66,2.99,157.0,212.3,0
Maharashtra,Pune,6.8,43.0,146.8,326.9,22.0,89.1,21.0,3.12,3.66,2.99,169.4,212.3,2
Maharashtra,Pune,16.5,69.7,252.2,461.0,22.7,89.0,16.1,3.75,3.66,2.99,162.5,212.3,2
Maharashtra,Pune,2.9,13.0,41.9,77.8,23.3,66.3,6.0,1.31,3.66,2.99,158.3,212.3,0
Maharashtra,Pune,48.5,267.5,975.2,1579.4,21.2,93.6,29.7,3.89,3.66,2.99,212.1,212.3,2
Maharashtra,Pune,52.1,267.5,672.2,1180.2,20.5,90.9,59.3,3.78,3.66,2.99,205.5,212.3,2
Maharashtra,Pune,24.4,141.3,395.7,739.2,21.4,88.8,37.3,4.11,3.66,2.99,196.1,212.3,2
Maharashtra,Pune,33.4,222.1,800.7,1646.3,22.7,90.6,38.4,4.91,3.66,2.99,201.5,212.3,2
Maharashtra,Pune,1.6,6.7,24.0,49.6,28.2,75.3,12.6,1.82,3.66,2.99,136.2,212.3,0
Maharashtra,Pune,1.5,6.0,26.0,50.8,25.5,71.4,9.2,0.62,3.66,2.99,90.0,212.3,0
Maharashtra,Pune,45.7,217.3,645.8,1220.5,21.2,93.6,56.8,3.82,3.66,2.99,201.0,212.3,2
Maharashtra,Pune,1.4,8.6,23.9,47.2,24.0,78.9,16.4,1.67,3.66,2.99,158.5,212.3,0
Maharashtra,Pune,0.1,1.7,12.8,27.6,23.4,60.3,14.0,0.94,3.66,2.99,124.1,212.3,0
Maharashtra,Pune,0.7,4.9,18.0,40.7,23.7,65.5,13.8,1.64,3.66,2.99,157.6,212.3,0
Maharashtra,Pune,0.9,3.4,9.2,18.2,27.0,58.3,6.5,2.79,3.66,2.99,140.3,212.3,0
Maharashtra,Pune,13.8,67.6,211.9,452.6,22.8,90.0,15.2,2.89,3.66,2.99,161.6,212.3,2
Maharashtra,Pune,1.0,7.2,25.2,51.4,27.1,66.1,8.4,1.95,3.66,2.99,100.3,212.3,0
Maharashtra,Pune,2.4,12.8,40.7,86.7,24.5,65.8,7.9,2.29,3.66,2.99,146.9,212.3,0
Maharashtra,Pune,7.1,39.9,120.7,240.3,22.7,85.7,28.0,2.85,3.66,2.99,172.2,212.3,1
Maharashtra,Pune,0.7,2.7,16.6,36.9,25.9,66.0,7.6,2.29,3.66,2.99,132.9,212.3,0
Maharashtra,Pune,2.2,11.1,32.2,55.8,24.5,57.5,16.3,1.68,3.66,2.99,108.0,212.3,0
Maharashtra,Pune,1.7,8.4,26.9,45.4,28.7,78.3,16.3,1.82,3.66,2.99,153.6,212.3,0
Maharashtra,Pune,47.5,275.3,953.5,1864.8,21.3,88.0,32.7,3.86,3.66,2.99,205.7,212.3,2
Maharashtra,Pune,13.7,68.3,238.0,527.4,23.3,84.3,21.5,3.4,3.66,2.99,190.7,212.3,2
Maharashtra,Pune,1.2,6.0,22.8,45.1,26.4,72.2,7.2,2.55,3.66,2.99,102.1,212.3,0
Maharashtra,Pune,5.4,34.0,140.6,337.2,23.7,81.6,27.5,3.0,3.66,2.99,157.0,212.3,2
Maharashtra,Pune,3.5,14.8,53.6,117.1,23.6,78.1,13.3,0.71,3.66,2.99,103.5,212.3,0
Maharashtra,Pune,1.5,9.7,27.0,44.8,27.5,73.2,17.1,1.62,3.66,2.99,158.6,212.3,0
Maharashtra,Pune,12.8,66.9,216.7,442.4,22.9,91.2,27.8,3.33,3.66,2.99,159.8,212.3,2
Maharashtra,Pune,5.7,44.1,160.1,369.3,24.9,82.2,29.1,2.98,3.66,2.99,165.4,212.3,1
Maharashtra,Pune,2.0,8.7,25.0,51.4,27.5,74.0,16.0,1.49,3.66,2.99,136.0,212.3,0
Maharashtra,Pune,5.5,33.5,102.0,220.8,23.7,81.0,17.7,2.86,3.66,2.99,170.5,212.3,1
Maharashtra,Pune,0.7,3.1,16.0,38.8,28.4,69.8,17.5,1.84,3.66,2.99,109.4,212.3,0
Maharashtra,Pune,0.1,3.3,11.4,21.6,28.0,66.1,9.8,1.89,3.66,2.99,153.7,212.3,0
Odisha,Puri,5.6,21.3,50.7,97.1,26.3,73.4,12.4,2.64,3.93,3.2,106.9,179.4,0
Odisha,Puri,1.1,7.0,21.4,45.4,30.8,61.0,6.6,2.65,3.93,3.2,105.9,179.4,0
Odisha,Puri,2.7,8.4,23.0,44.0,31.0,56.1,11.9,2.59,3.93,3.2,80.5,179.4,0
Odisha,Puri,7.2,40.5,127.9,278.7,27.8,89.1,22.8,3.7,3.93,3.2,164.8,179.4,2
Odisha,Puri,4.4,9.1,25.1,47.6,26.2,63.1,15.1,2.52,3.93,3.2,108.5,179.4,0
Odisha,Puri,0.2,5.2,18.8,38.0,30.7,73.7,13.3,2.3,3.93,3.2,133.8,179.4,0
Odisha,Puri,2.1,10.7,30.8,50.9,29.3,58.7,14.0,1.85,3.93,3.2,89.8,179.4,0
Odisha,Puri,11.8,61.3,227.8,472.1,26.9,80.5,22.4,3.03,3.93,3.2,150.7,179.4,1
Odisha,Puri,1.8,5.7,17.2,35.5,29.2,65.1,12.8,1.09,3.93,3.2,81.1,179.4,0
Odisha,Puri,0.8,3.5,13.4,37.1,28.3,56.0,14.6,2.06,3.93,3.2,75.1,179.4,0
Odisha,Puri,0.2,4.8,19.0,35.8,29.7,70.9,17.3,2.81,3.93,3.2,83.4,179.4,0
Odisha,Puri,0.9,2.5,9.3,19.5,29.3,68.2,6.1,2.06,3.93,3.2,88.0,179.4,0
Odisha,Puri,26.3,184.4,676.0,1256.1,24.4,88.6,35.7,4.19,3.93,3.2,166.9,179.4,2
Odisha,Puri,2.0,22.3,88.3,225.7,26.8,81.9,19.1,3.43,3.93,3.2,154.9,179.4,1
Odisha,Puri,3.2,13.2,32.9,62.7,31.2,75.6,9.5,2.96,3.93,3.2,96.2,179.4,0
Odisha,Puri,2.6,12.5,38.4,66.5,30.1,63.5,14.2,1.23,3.93,3.2,132.0,179.4,0
Odisha,Puri,19.1,114.7,368.4,717.6,23.6,93.1,61.7,5.02,3.93,3.2,186.0,179.4,2
Odisha,Puri,3.5,13.0,38.6,76.3,28.8,75.8,6.7,2.22,3.93,3.2,74.1,179.4,0
Odisha,Puri,4.4,36.4,134.3,274.0,26.9,89.9,19.4,3.32,3.93,3.2,154.6,179.4,2
Odisha,Puri,0.5,1.9,5.0,16.7,30.3,74.7,12.5,2.02,3.93,3.2,84.2,179.4,0
Odisha,Puri,10.5,54.4,165.1,321.8,25.4,90.3,27.3,3.98,3.93,3.2,162.1,179.4,2
Odisha,Puri,10.3,60.1,187.5,386.9,26.8,86.6,29.7,3.92,3.93,3.2,129.6,179.4,2
Odisha,Puri,0.1,5.3,11.9,23.9,26.8,69.9,17.1,1.11,3.93,3.2,95.5,179.4,0
Odisha,Puri,0.9,4.3,19.9,40.2,28.5,55.1,13.5,1.03,3.93,3.2,94.9,179.4,0
Odisha,Puri,17.3,66.2,194.2,353.8,25.7,83.4,24.2,3.23,3.93,3.2,143.4,179.4,2
Odisha,Puri,3.3,14.5,46.2,80.3,31.6,70.2,12.1,0.68,3.93,3.2,100.1,179.4,0
Odisha,Puri,1.4,4.3,20.4,43.5,29.1,65.2,15.0,2.57,3.93,3.2,111.3,179.4,0
Odisha,Puri,3.6,30.0,112.3,262.0,25.9,81.4,17.2,3.8,3.93,3.2,129.8,179.4,2
Odisha,Puri,0.6,6.4,18.8,44.0,26.5,76.8,6.3,0.88,3.93,3.2,100.4,179.4,0
Odisha,Puri,1.1,4.2,11.5,27.6,30.9,67.7,8.2,1.93,3.93,3.2,102.2,179.4,0
Odisha,Puri,38.0,235.4,785.0,1599.6,23.1,89.2,37.2,4.73,3.93,3.2,187.8,179.4,2
Odisha,Puri,54.7,262.8,930.7,1847.2,24.8,90.1,50.8,4.81,3.93,3.2,168.6,179.4,2
Odisha,Puri,0.3,4.3,16.9,43.7,29.5,56.6,9.5,1.94,3.93,3.2,130.5,179.4,0
Odisha,Puri,14.6,67.6,249.7,526.2,25.2,85.0,25.6,3.83,3.93,3.2,160.4,179.4,2
Odisha,Puri,14.0,79.1,290.8,626.6,25.4,81.1,23.9,3.15,3.93,3.2,157.3,179.4,1
Odisha,Puri,3.7,33.2,113.5,246.8,25.3,86.8,28.5,3.88,3.93,3.2,163.4,179.4,2
Odisha,Cuttack,19.7,87.4,311.2,648.5,28.8,87.5,15.4,3.55,3.78,3.34,207.2,275.9,2
Odisha,Cuttack,6.0,38.4,165.0,304.1,27.3,91.9,18.9,3.59,3.78,3.34,216.6,275.9,2
Odisha,Cuttack,7.9,54.2,215.6,469.4,28.9,89.8,19.8,3.14,3.78,3.34,217.7,275.9,1
Odisha,Cuttack,1.1,8.4,31.6,52.9,31.8,74.6,10.9,2.51,3.78,3.34,162.9,275.9,0
Odisha,Cuttack,0.5,2.1,11.3,27.6,32.5,60.4,12.7,2.64,3.78,3.34,119.8,275.9,0
Odisha,Cuttack,6.4,49.2,187.7,383.5,28.6,90.1,28.2,3.44,3.78,3.34,206.9,275.9,2
Odisha,Cuttack,2.3,32.3,125.0,317.3,28.5,89.0,15.0,3.63,3.78,3.34,227.0,275.9,2
Odisha,Cuttack,6.4,43.7,175.8,425.9,28.4,81.0,18.3,3.59,3.78,3.34,244.1,275.9,2
Odisha,Cuttack,7.5,47.0,147.7,321.0,27.1,80.9,27.5,3.18,3.78,3.34,221.1,275.9,1
Odisha,Cuttack,2.1,7.6,24.9,43.2,31.4,60.5,9.4,0.54,3.78,3.34,158.2,275.9,0
Odisha,Cuttack,0.3,1.6,9.1,19.6,32.2,71.8,13.2,1.41,3.78,3.34,164.0,275.9,0
Odisha,Cuttack,0.3,4.7,23.3,60.3,30.4,78.3,6.8,2.55,3.78,3.34,112.6,275.9,0
Odisha,Cuttack,49.7,265.0,689.4,1095.3,24.2,91.6,62.2,4.1,3.78,3.34,294.3,275.9,2
Odisha,Cuttack,2.1,10.6,29.2,71.9,31.1,57.0,8.0,1.5,3.78,3.34,131.5,275.9,0
Odisha,Cuttack,0.4,6.3,19.7,48.7,29.3,59.8,11.4,2.85,3.78,3.34,163.0,275.9,0
Odisha,Cuttack,1.4,7.9,23.2,46.1,28.8,56.1,15.8,1.64,3.78,3.34,137.9,275.9,0
Odisha,Cuttack,4.6,16.4,53.2,105.4,32.4,73.5,12.0,1.86,3.78,3.34,198.7,275.9,0
Odisha,Cuttack,0.4,4.6,23.0,52.7,27.6,59.8,12.2,3.07,3.78,3.34,126.9,275.9,0
Odisha,Cuttack,4.7,36.6,150.5,293.2,26.5,90.5,24.2,3.79,3.78,3.34,245.4,275.9,2
Odisha,Cuttack,3.8,13.9,30.6,71.0,27.1,74.6,13.1,2.4,3.78,3.34,151.8,275.9,0
Odisha,Cuttack,2.3,27.1,114.4,283.8,27.8,89.4,17.5,3.73,3.78,3.34,218.8,275.9,2
Odisha,Cuttack,1.4,4.6,15.6,32.6,28.0,79.8,14.1,2.24,3.78,3.34,111.8,275.9,0
Odisha,Cuttack,2.3,13.4,41.9,63.5,30.9,78.4,6.9,2.01,3.78,3.34,142.0,275.9,0
Odisha,Cuttack,3.6,13.1,32.7,65.0,29.6,70.2,9.5,1.94,3.78,3.34,111.9,275.9,0
Odisha,Cuttack,1.1,4.2,10.4,29.3,31.0,68.6,17.7,2.08,3.78,3.34,177.1,275.9,0
Odisha,Cuttack,0.4,1.7,8.6,23.5,30.8,71.2,9.4,1.69,3.78,3.34,163.1,275.9,0
Odisha,Cuttack,2.2,12.2,39.0,65.6,32.4,65.0,10.7,1.02,3.78,3.34,184.6,275.9,0
Odisha,Cuttack,9.2,47.2,160.2,380.3,27.1,91.7,23.4,3.53,3.78,3.34,219.9,275.9,2
Odisha,Cuttack,6.5,24.9,72.1,120.1,28.9,69.4,11.9,2.48,3.78,3.34,186.7,275.9,0
Odisha,Cuttack,1.2,3.9,17.6,38.5,31.2,77.1,14.0,2.79,3.78,3.34,183.3,275.9,0
Odisha,Cuttack,2.2,8.9,23.1,44.2,32.4,59.4,15.0,2.75,3.78,3.34,136.3,275.9,0
Odisha,Cuttack,1.6,7.0,18.7,44.6,28.1,61.2,17.4,2.3,3.78,3.34,181.8,275.9,0
Odisha,Cuttack,55.1,309.5,1072.0,2217.9,26.7,92.0,35.4,4.75,3.78,3.34,294.3,275.9,2
Odisha,Cuttack,0.5,5.3,18.3,41.8,32.8,59.3,17.4,1.09,3.78,3.34,177.4,275.9,0
Odisha,Cuttack,2.2,10.2,30.3,61.1,31.3,64.2,6.3,2.2,3.78,3.34,160.5,275.9,0
Odisha,Cuttack,62.6,309.2,836.3,1674.6,26.3,89.9,50.1,3.99,3.78,3.34,283.6,275.9,2
Odisha,Kendrapara,4.1,14.2,34.4,71.4,27.6,55.9,16.1,0.94,3.4,2.77,146.7,288.9,0
Odisha,Kendrapara,3.0,10.1,25.2,51.8,31.3,75.4,11.7,2.25,3.4,2.77,168.6,288.9,0
Odisha,Kendrapara,0.8,6.5,23.0,48.6,30.2,71.1,7.3,2.47,3.4,2.77,195.7,288.9,0
Odisha,Kendrapara,1.3,5.7,25.1,45.9,28.8,56.5,14.8,0.77,3.4,2.77,163.9,288.9,0
Odisha,Kendrapara,4.5,14.3,46.2,76.8,26.8,63.3,15.7,2.18,3.4,2.77,158.9,288.9,0
Odisha,Kendrapara,1.3,7.2,26.7,51.2,27.8,59.2,11.9,1.2,3.4,2.77,149.7,288.9,0
Odisha,Kendrapara,14.3,75.4,233.9,562.7,27.0,88.6,25.4,2.74,3.4,2.77,215.5,288.9,1
Odisha,Kendrapara,60.8,375.3,1030.0,1691.2,23.4,88.4,57.1,3.95,3.4,2.77,276.4,288.9,2
Odisha,Kendrapara,7.0,47.8,155.2,383.6,25.6,90.4,16.2,2.58,3.4,2.77,227.6,288.9,2
Odisha,Kendrapara,1.5,6.7,19.7,33.3,31.1,68.1,10.6,1.71,3.4,2.77,216.2,288.9,0
Odisha,Kendrapara,3.9,15.6,52.0,96.4,28.6,78.7,13.7,0.81,3.4,2.77,116.2,288.9,0
Odisha,Kendrapara,7.2,24.8,58.3,103.3,29.2,75.1,8.1,1.62,3.4,2.77,198.1,288.9,0
Odisha,Kendrapara,6.9,33.6,106.2,252.0,27.1,81.1,21.4,2.58,3.4,2.77,213.2,288.9,1
Odisha,Kendrapara,1.2,3.8,15.5,24.4,28.8,68.0,7.0,1.44,3.4,2.77,195.1,288.9,0
Odisha,Kendrapara,40.6,224.1,656.1,1226.9,23.4,97.4,38.0,4.29,3.4,2.77,289.4,288.9,2
Odisha,Kendrapara,5.0,36.8,157.8,359.1,26.4,82.2,22.5,2.68,3.4,2.77,235.1,288.9,1
Odisha,Kendrapara,0.7,3.3,17.0,43.1,31.8,78.9,17.1,1.17,3.4,2.77,133.0,288.9,0
Odisha,Kendrapara,5.2,39.2,166.0,412.0,25.6,87.9,24.9,3.17,3.4,2.77,221.7,288.9,2
Odisha,Kendrapara,5.8,32.0,135.1,273.1,25.3,82.4,24.5,2.86,3.4,2.77,232.2,288.9,2
Odisha,Kendrapara,3.5,14.7,47.2,93.3,31.7,69.3,9.1,1.03,3.4,2.77,197.5,288.9,0
Odisha,Kendrapara,10.4,61.6,181.1,432.0,26.7,82.2,18.0,2.63,3.4,2.77,211.2,288.9,1
Odisha,Kendrapara,3.2,13.9,41.6,68.4,31.4,63.2,13.0,1.66,3.4,2.77,208.1,288.9,0
Odisha,Kendrapara,3.1,11.1,33.2,68.2,30.7,76.6,12.6,0.86,3.4,2.77,204.9,288.9,0
Odisha,Kendrapara,4.4,16.2,59.5,109.4,29.4,63.7,8.5,2.03,3.4,2.77,186.8,288.9,0
Odisha,Kendrapara,0.8,3.3,13.1,31.4,30.5,79.9,15.2,0.92,3.4,2.77,143.7,288.9,0
Odisha,Kendrapara,2.1,10.9,41.0,73.2,26.4,75.9,8.0,0.93,3.4,2.77,189.2,288.9,0
Odisha,Kendrapara,58.8,244.1,779.6,1571.5,25.0,88.2,37.1,4.1,3.4,2.77,296.0,288.9,2
Odisha,Kendrapara,2.6,27.7,88.1,201.9,27.4,87.1,16.6,3.47,3.4,2.77,216.4,288.9,2
Odisha,Kendrapara,0.2,1.2,3.9,17.6,28.8,66.7,13.9,0.61,3.4,2.77,176.8,288.9,0
Odisha,Kendrapara,8.4,38.0,126.7,239.7,25.8,85.4,27.3,3.19,3.4,2.77,261.5,288.9,2
Odisha,Kendrapara,7.3,45.1,174.0,312.7,26.7,84.0,24.1,3.18,3.4,2.77,234.3,288.9,2
Odisha,Kendrapara,56.1,304.6,971.2,1526.7,23.6,94.8,50.0,3.64,3.4,2.77,281.4,288.9,2
Odisha,Kendrapara,1.8,10.7,26.2,51.3,29.5,72.5,10.4,2.5,3.4,2.77,188.5,288.9,0
Odisha,Kendrapara,21.1,156.7,542.0,1115.3,25.6,94.9,44.9,3.47,3.4,2.77,270.3,288.9,2
Odisha,Kendrapara,23.6,140.6,427.9,803.9,23.2,90.1,26.1,4.72,3.4,2.77,306.8,288.9,2
Odisha,Kendrapara,10.9,58.0,228.3,435.1,27.3,85.9,16.0,3.13,3.4,2.77,211.6,288.9,2
Odisha,Balasore,19.1,109.3,367.5,827.4,26.2,96.6,58.1,4.84,3.87,3.08,219.6,214.7,2
Odisha,Balasore,5.3,18.8,44.5,92.4,29.4,67.4,17.0,2.02,3.87,3.08,113.6,214.7,0
Odisha,Balasore,32.5,165.0,603.9,1102.8,26.5,90.5,44.2,4.06,3.87,3.08,226.3,214.7,2
Odisha,Balasore,1.8,5.6,22.6,50.2,27.2,55.7,16.9,2.39,3.87,3.08,127.5,214.7,0
Odisha,Balasore,1.5,7.9,18.3,39.5,30.1,75.3,14.0,1.57,3.87,3.08,97.0,214.7,0
Odisha,Balasore,0.8,7.5,26.0,40.1,29.7,61.2,11.5,1.05,3.87,3.08,91.9,214.7,0
Odisha,Balasore,3.6,14.6,41.3,77.3,28.0,72.6,6.3,1.85,3.87,3.08,99.5,214.7,0
Odisha,Balasore,0.9,4.4,15.3,24.2,27.7,55.1,8.4,2.1,3.87,3.08,151.4,214.7,0
Odisha,Balasore,1.3,7.7,28.3,50.5,29.4,75.6,6.9,1.89,3.87,3.08,125.3,214.7,0
Odisha,Balasore,11.1,62.1,183.7,370.1,28.1,84.0,25.0,3.7,3.87,3.08,188.7,214.7,2
Odisha,Balasore,1.9,9.1,22.1,41.0,30.5,68.6,17.3,0.66,3.87,3.08,139.6,214.7,0
Odisha,Balasore,8.0,53.8,157.3,323.3,28.8,89.4,15.7,3.55,3.87,3.08,176.1,214.7,2
Odisha,Balasore,4.7,38.7,169.7,349.7,26.0,87.7,26.0,3.1,3.87,3.08,179.9,214.7,2
Odisha,Balasore,9.5,55.8,190.4,381.8,28.7,82.6,19.9,2.93,3.87,3.08,175.2,214.7,1
Odisha,Balasore,8.2,20.7,51.2,108.8,31.0,69.9,13.0,2.67,3.87,3.08,160.7,214.7,0
Odisha,Balasore,0.4,4.4,15.3,40.2,31.0,55.7,11.6,1.73,3.87,3.08,147.5,214.7,0
Odisha,Balasore,0.5,1.6,4.9,9.2,31.8,70.7,7.1,2.72,3.87,3.08,156.3,214.7,0
Odisha,Balasore,55.6,274.2,901.2,1752.2,24.7,92.5,30.9,4.07,3.87,3.08,231.1,214.7,2
Odisha,Balasore,52.4,286.3,1038.2,1931.6,24.4,97.7,62.1,5.13,3.87,3.08,208.0,214.7,2
Odisha,Balasore,3.3,13.4,44.5,89.9,30.4,66.0,12.1,1.54,3.87,3.08,86.7,214.7,0
Odisha,Balasore,2.2,8.9,23.0,40.1,32.1,76.1,10.6,0.7,3.87,3.08,130.6,214.7,0
Odisha,Balasore,5.0,16.3,44.6,89.3,31.7,70.0,11.1,2.65,3.87,3.08,97.2,214.7,0
Odisha,Balasore,5.1,42.4,171.4,368.3,28.9,84.3,27.1,3.16,3.87,3.08,188.5,214.7,2
Odisha,Balasore,12.6,61.1,180.4,387.0,28.1,90.7,26.7,3.49,3.87,3.08,168.9,214.7,2
Odisha,Balasore,2.4,9.9,35.3,73.0,28.1,71.0,16.6,2.7,3.87,3.08,138.6,214.7,0
Odisha,Balasore,0.6,3.8,11.4,20.5,29.7,62.8,6.8,0.53,3.87,3.08,128.0,214.7,0
Odisha,Balasore,0.9,6.9,24.3,52.2,30.3,58.1,12.0,1.87,3.87,3.08,145.2,214.7,0
Odisha,Balasore,1.8,8.0,27.0,54.1,28.6,67.0,17.9,2.29,3.87,3.08,119.3,214.7,0
Odisha,Balasore,4.7,36.4,110.6,237.4,27.2,89.1,27.3,3.27,3.87,3.08,187.0,214.7,1
Odisha,Balasore,14.1,84.5,319.7,540.1,26.8,90.7,20.8,3.95,3.87,3.08,156.5,214.7,2
Odisha,Balasore,3.2,10.1,32.5,48.4,32.4,62.0,9.6,0.84,3.87,3.08,95.2,214.7,0
Odisha,Balasore,1.1,3.0,9.6,22.1,29.4,56.6,15.1,1.65,3.87,3.08,154.4,214.7,0
Odisha,Balasore,7.2,41.8,139.5,331.7,27.4,91.5,27.4,3.82,3.87,3.08,174.4,214.7,2
Odisha,Balasore,12.9,51.8,165.1,416.3,26.5,87.5,30.6,3.56,3.87,3.08,195.3,214.7,2
Odisha,Balasore,1.6,7.7,25.3,56.2,30.7,66.0,17.2,1.41,3.87,3.08,109.4,214.7,0
Odisha,Balasore,22.2,131.0,424.1,763.3,24.8,94.8,27.3,4.85,3.87,3.08,213.9,214.7,2
Gujarat,Surat,20.4,83.0,228.2,407.2,28.4,89.3,28.7,2.54,3.22,2.54,162.2,207.2,2
Gujarat,Surat,2.7,9.5,27.5,45.5,30.9,56.2,13.1,1.7,3.22,2.54,104.7,207.2,0
Gujarat,Surat,0.7,5.0,14.0,28.4,33.2,74.6,14.9,1.52,3.22,2.54,114.4,207.2,0
Gujarat,Surat,0.5,5.0,11.7,26.6,30.5,64.1,15.1,1.13,3.22,2.54,147.6,207.2,0
Gujarat,Surat,4.1,15.5,39.1,85.1,28.2,58.3,16.3,1.18,3.22,2.54,140.8,207.2,0
Gujarat,Surat,54.8,308.8,888.8,1392.9,27.0,94.1,34.2,3.34,3.22,2.54,213.7,207.2,2
Gujarat,Surat,6.1,32.6,106.5,285.5,28.7,90.6,26.8,2.8,3.22,2.54,165.8,207.2,2
Gujarat,Surat,8.6,49.6,140.2,312.9,28.9,91.7,23.6,3.28,3.22,2.54,171.3,207.2,2
Gujarat,Surat,1.8,5.2,24.9,42.2,31.1,64.9,14.5,2.32,3.22,2.54,92.2,207.2,0
Gujarat,Surat,26.1,185.4,592.4,994.4,26.7,97.9,41.3,3.63,3.22,2.54,196.1,207.2,2
Gujarat,Surat,3.2,30.9,126.3,273.1,27.7,85.7,18.9,2.68,3.22,2.54,173.6,207.2,2
Gujarat,Surat,0.3,1.2,12.9,28.5,29.6,67.9,9.7,0.73,3.22,2.54,123.3,207.2,0
Gujarat,Surat,14.8,78.8,249.3,571.2,28.0,85.2,20.2,2.7,3.22,2.54,176.2,207.2,2
Gujarat,Surat,1.3,3.9,13.0,27.9,32.3,66.2,15.2,1.63,3.22,2.54,136.3,207.2,0
Gujarat,Surat,50.1,290.8,706.3,1473.1,27.3,90.9,50.7,4.27,3.22,2.54,206.8,207.2,2
Gujarat,Surat,1.2,7.0,18.9,34.4,32.3,71.4,6.7,2.06,3.22,2.54,126.9,207.2,0
Gujarat,Surat,7.9,19.5,53.1,84.5,32.8,60.7,14.6,1.43,3.22,2.54,93.4,207.2,0
Gujarat,Surat,13.1,66.5,242.8,565.9,27.6,88.9,23.7,3.04,3.22,2.54,165.6,207.2,2
Gujarat,Surat,5.8,19.1,61.0,95.5,33.5,78.9,9.1,1.29,3.22,2.54,142.8,207.2,0
Gujarat,Surat,4.7,15.7,38.7,69.8,31.3,55.4,14.2,1.89,3.22,2.54,140.9,207.2,0
Gujarat,Surat,12.1,59.6,173.9,371.8,27.4,88.8,28.7,2.9,3.22,2.54,166.8,207.2,2
Gujarat,Surat,5.6,17.2,59.6,100.5,29.9,69.5,7.6,1.38,3.22,2.54,102.8,207.2,0
Gujarat,Surat,0.8,3.7,8.5,24.6,32.5,64.5,9.0,0.99,3.22,2.54,148.5,207.2,0
Gujarat,Surat,4.6,37.2,115.6,252.5,27.1,91.8,26.2,2.83,3.22,2.54,165.4,207.2,2
Gujarat,Surat,3.1,32.2,144.9,301.0,28.3,91.1,17.9,2.46,3.22,2.54,183.0,207.2,2
Gujarat,Surat,0.2,4.9,16.8,33.9,28.7,77.8,12.1,1.66,3.22,2.54,131.6,207.2,0
Gujarat,Surat,2.0,9.3,23.0,37.8,30.2,74.9,9.5,2.19,3.22,2.54,99.9,207.2,0
Gujarat,Surat,0.3,4.4,13.0,22.9,30.9,65.5,15.0,2.08,3.22,2.54,129.4,207.2,0
Gujarat,Surat,0.5,5.6,23.5,44.6,29.2,74.3,6.2,2.04,3.22,2.54,112.2,207.2,0
Gujarat,Surat,1.4,7.8,34.0,66.2,28.4,55.5,14.3,1.3,3.22,2.54,153.4,207.2,0
Gujarat,Surat,1.0,15.0,69.4,187.6,29.7,81.1,29.3,3.31,3.22,2.54,158.5,207.2,2
Gujarat,Surat,1.6,8.2,23.5,54.8,32.6,66.7,12.3,0.53,3.22,2.54,138.9,207.2,0
Gujarat,Surat,8.0,47.4,145.9,320.4,28.1,81.9,25.3,3.11,3.22,2.54,171.1,207.2,2
Gujarat,Surat,7.5,25.1,70.5,131.3,31.8,74.5,6.9,0.56,3.22,2.54,141.1,207.2,0
Gujarat,Surat,2.1,9.8,35.3,58.8,28.8,78.6,7.6,2.12,3.22,2.54,138.3,207.2,0
Gujarat,Surat,2.0,10.2,35.8,54.4,33.9,68.8,6.1,2.24,3.22,2.54,148.0,207.2,0
Gujarat,Bharuch,5.6,16.2,55.6,103.7,33.0,58.4,9.6,1.61,3.01,2.55,108.5,160.9,0
Gujarat,Bharuch,1.4,8.7,26.0,54.8,34.6,65.9,8.1,0.76,3.01,2.55,117.5,160.9,0
Gujarat,Bharuch,2.1,8.7,34.7,71.6,33.4,61.7,7.6,2.02,3.01,2.55,83.9,160.9,0
Gujarat,Bharuch,3.9,15.4,44.5,78.3,29.8,76.1,10.4,2.04,3.01,2.55,104.4,160.9,0
Gujarat,Bharuch,0.8,3.0,16.7,38.5,34.7,66.5,8.5,0.75,3.01,2.55,112.1,160.9,0
Gujarat,Bharuch,3.9,9.9,29.7,66.2,29.0,57.2,12.2,2.25,3.01,2.55,110.4,160.9,0
Gujarat,Bharuch,0.3,4.6,11.9,25.5,34.6,78.1,15.5,1.19,3.01,2.55,91.5,160.9,0
Gujarat,Bharuch,3.1,11.0,40.7,67.8,34.8,70.3,16.1,2.14,3.01,2.55,70.5,160.9,0
Gujarat,Bharuch,11.3,48.1,152.9,345.8,28.5,89.5,15.9,2.78,3.01,2.55,122.3,160.9,2
Gujarat,Bharuch,1.2,4.7,11.3,26.2,33.2,79.7,7.0,1.43,3.01,2.55,108.6,160.9,0
Gujarat,Bharuch,1.5,5.3,17.2,37.0,32.6,69.3,16.4,1.26,3.01,2.55,71.8,160.9,0
Gujarat,Bharuch,6.1,26.5,73.5,157.1,32.1,58.5,11.7,1.99,3.01,2.55,110.0,160.9,0
Gujarat,Bharuch,1.6,9.4,22.2,37.0,32.4,70.3,8.7,0.84,3.01,2.55,90.7,160.9,0
Gujarat,Bharuch,2.8,14.4,45.8,91.7,30.5,76.8,7.8,1.48,3.01,2.55,87.2,160.9,0
Gujarat,Bharuch,1.8,5.6,16.0,42.5,35.0,77.3,17.2,1.43,3.01,2.55,95.2,160.9,0
Gujarat,Bharuch,32.9,194.7,686.2,1431.2,28.6,88.5,38.4,3.66,3.01,2.55,159.5,160.9,2
Gujarat,Bharuch,0.9,3.7,13.7,28.1,30.2,59.6,15.9,1.6,3.01,2.55,94.8,160.9,0
Gujarat,Bharuch,0.9,3.6,16.3,40.0,32.6,77.2,7.2,0.65,3.01,2.55,70.0,160.9,0
Gujarat,Bharuch,9.8,54.7,211.0,403.9,28.2,88.2,15.9,2.88,3.01,2.55,121.3,160.9,2
Gujarat,Bharuch,5.2,19.0,51.5,111.4,29.5,59.4,6.0,0.65,3.01,2.55,72.0,160.9,0
Gujarat,Bharuch,0.4,5.0,22.1,34.1,31.5,75.3,17.0,0.65,3.01,2.55,70.6,160.9,0
Gujarat,Bharuch,5.8,20.0,70.8,137.2,30.6,70.8,13.4,0.56,3.01,2.55,80.3,160.9,0
Gujarat,Bharuch,41.1,255.5,867.0,1673.4,26.9,93.9,39.6,3.1,3.01,2.55,154.0,160.9,2
Gujarat,Bharuch,11.1,44.5,164.6,377.7,28.7,80.1,26.7,2.79,3.01,2.55,115.9,160.9,2
Gujarat,Bharuch,1.4,9.6,29.2,64.5,29.4,68.6,13.5,2.18,3.01,2.55,118.2,160.9,0
Gujarat,Bharuch,33.8,219.3,779.9,1551.8,27.9,93.7,30.9,3.55,3.01,2.55,149.8,160.9,2
Gujarat,Bharuch,2.3,11.4,37.1,67.2,34.5,75.6,6.7,1.51,3.01,2.55,104.7,160.9,0
Gujarat,Bharuch,3.0,9.7,27.0,52.3,33.3,78.9,13.9,1.56,3.01,2.55,80.6,160.9,0
Gujarat,Bharuch,0.5,3.7,8.4,19.9,34.1,58.9,9.9,0.9,3.01,2.55,100.0,160.9,0
Gujarat,Bharuch,7.2,35.6,122.3,295.9,30.7,86.4,18.1,2.4,3.01,2.55,121.9,160.9,1
Gujarat,Bharuch,51.0,253.0,727.9,1203.2,28.9,88.4,60.8,3.63,3.01,2.55,165.5,160.9,2
Gujarat,Bharuch,1.8,7.4,28.7,52.6,29.9,77.6,7.1,1.23,3.01,2.55,76.7,160.9,0
Gujarat,Bharuch,0.2,2.1,15.5,37.1,33.5,79.9,12.7,2.32,3.01,2.55,89.8,160.9,0
Gujarat,Bharuch,12.3,64.1,225.3,439.8,30.9,91.4,19.1,2.86,3.01,2.55,144.2,160.9,2
Gujarat,Bharuch,5.5,35.9,129.3,244.8,29.6,80.3,25.1,2.35,3.01,2.55,130.2,160.9,1
Gujarat,Bharuch,1.0,3.4,15.2,29.4,34.7,57.5,15.5,1.84,3.01,2.55,74.0,160.9,0
Gujarat,Vadodara,1.6,9.4,32.2,65.1,32.0,60.3,10.5,1.51,3.29,2.53,114.8,267.9,0
Gujarat,Vadodara,10.1,56.3,206.1,443.5,29.3,80.5,15.9,3.38,3.29,2.53,211.1,267.9,2
Gujarat,Vadodara,2.4,11.2,32.7,62.2,34.7,67.7,13.0,2.15,3.29,2.53,182.5,267.9,0
Gujarat,Vadodara,1.8,8.3,18.1,33.4,33.5,59.1,6.6,1.51,3.29,2.53,164.8,267.9,0
Gujarat,Vadodara,2.3,11.4,32.6,52.5,30.7,67.2,9.3,0.89,3.29,2.53,119.5,267.9,0
Gujarat,Vadodara,5.1,31.0,129.0,274.1,30.4,80.1,17.2,2.99,3.29,2.53,193.6,267.9,2
Gujarat,Vadodara,2.0,5.0,22.6,36.6,33.3,67.5,16.2,0.73,3.29,2.53,189.3,267.9,0
Gujarat,Vadodara,2.8,9.4,28.9,47.1,29.3,61.3,8.4,1.75,3.29,2.53,184.5,267.9,0
Gujarat,Vadodara,1.0,4.6,18.3,43.1,29.6,68.4,7.6,0.63,3.29,2.53,109.3,267.9,0
Gujarat,Vadodara,1.8,7.6,30.1,62.6,31.3,70.2,16.3,0.79,3.29,2.53,177.4,267.9,0
Gujarat,Vadodara,2.9,10.3,32.3,71.9,29.4,64.7,7.9,1.54,3.29,2.53,182.3,267.9,0
Gujarat,Vadodara,1.6,6.0,19.3,39.0,34.0,76.0,16.9,1.34,3.29,2.53,177.8,267.9,0
Gujarat,Vadodara,36.0,236.1,597.0,1093.0,28.1,90.9,55.5,3.68,3.29,2.53,274.6,267.9,2
Gujarat,Vadodara,0.4,6.0,23.0,38.2,31.5,55.2,13.8,1.19,3.29,2.53,149.7,267.9,0
Gujarat,Vadodara,5.1,12.4,39.1,63.9,30.3,65.3,7.6,2.02,3.29,2.53,139.4,267.9,0
Gujarat,Vadodara,14.4,72.2,210.0,489.1,28.1,86.4,23.4,3.38,3.29,2.53,243.8,267.9,2
Gujarat,Vadodara,7.9,56.4,160.9,331.0,30.7,87.2,26.6,2.61,3.29,2.53,203.7,267.9,2
Gujarat,Vadodara,5.7,14.5,55.7,124.2,30.1,64.1,6.7,1.47,3.29,2.53,128.2,267.9,0
Gujarat,Vadodara,3.0,11.2,35.7,64.2,34.1,68.2,10.9,1.18,3.29,2.53,174.6,267.9,0
Gujarat,Vadodara,1.4,7.6,29.2,50.5,31.7,69.7,16.7,1.96,3.29,2.53,132.3,267.9,0
Gujarat,Vadodara,5.2,42.2,173.8,331.0,29.6,90.3,21.7,3.32,3.29,2.53,224.7,267.9,2
Gujarat,Vadodara,0.5,2.2,7.8,16.4,31.2,68.4,16.9,1.55,3.29,2.53,193.9,267.9,0
Gujarat,Vadodara,61.1,279.2,793.7,1507.3,26.2,93.8,40.9,4.48,3.29,2.53,254.3,267.9,2
Gujarat,Vadodara,29.3,194.4,510.1,1112.4,28.2,91.8,62.3,3.73,3.29,2.53,289.2,267.9,2
Gujarat,Vadodara,48.6,258.2,929.7,1867.2,28.0,91.1,53.7,3.42,3.29,2.53,270.8,267.9,2
Gujarat,Vadodara,1.5,6.2,26.4,45.3,33.1,58.0,17.3,2.0,3.29,2.53,193.4,267.9,0
Gujarat,Vadodara,0.7,3.4,10.0,23.8,29.9,64.1,17.6,1.01,3.29,2.53,191.2,267.9,0
Gujarat,Vadodara,0.8,6.9,24.4,53.9,29.3,67.4,13.7,0.8,3.29,2.53,167.9,267.9,0
Gujarat,Vadodara,9.5,46.8,193.3,437.6,29.7,85.4,24.8,2.75,3.29,2.53,210.2,267.9,2
Gujarat,Vadodara,0.4,1.7,11.7,28.2,33.2,75.4,15.8,2.21,3.29,2.53,113.1,267.9,0
Gujarat,Vadodara,35.3,218.8,511.6,928.5,28.5,89.3,37.4,3.77,3.29,2.53,274.9,267.9,2
Gujarat,Vadodara,23.6,125.7,512.7,927.6,26.7,93.3,50.1,3.46,3.29,2.53,289.1,267.9,2
Gujarat,Vadodara,27.3,159.6,458.8,953.4,26.8,94.0,32.5,4.32,3.29,2.53,283.2,267.9,2
Gujarat,Vadodara,2.7,30.3,133.5,333.5,30.4,82.8,17.9,3.01,3.29,2.53,234.2,267.9,2
Gujarat,Vadodara,1.9,7.1,24.7,40.1,31.8,72.3,16.7,2.02,3.29,2.53,180.5,267.9,0
Gujarat,Vadodara,2.9,9.1,33.5,57.7,29.3,79.4,6.5,0.84,3.29,2.53,164.1,267.9,0
Gujarat,Navsari,2.5,10.7,27.6,42.7,30.9,78.8,17.8,1.05,3.63,3.18,166.4,225.8,0
Gujarat,Navsari,2.8,23.8,96.6,245.2,27.7,88.5,19.5,3.62,3.63,3.18,197.8,225.8,2
Gujarat,Navsari,0.8,5.8,14.6,32.2,31.1,58.8,17.4,2.78,3.63,3.18,130.5,225.8,0
Gujarat,Navsari,0.9,4.5,17.8,48.4,30.4,72.9,14.0,2.2,3.63,3.18,158.3,225.8,0
Gujarat,Navsari,0.3,3.1,15.8,42.9,28.3,71.4,16.8,1.1,3.63,3.18,161.2,225.8,0
Gujarat,Navsari,8.1,52.1,155.3,328.9,26.9,85.9,16.8,3.16,3.63,3.18,184.5,225.8,1
Gujarat,Navsari,2.1,12.2,42.2,67.5,31.0,60.5,10.6,1.5,3.63,3.18,94.9,225.8,0
Gujarat,Navsari,7.1,41.8,168.8,328.3,26.8,89.5,15.8,3.22,3.63,3.18,188.3,225.8,2
Gujarat,Navsari,2.9,32.7,118.3,269.3,27.3,91.0,20.8,3.3,3.63,3.18,163.3,225.8,2
Gujarat,Navsari,22.3,159.1,444.3,883.6,26.4,92.8,25.0,3.87,3.63,3.18,216.9,225.8,2
Gujarat,Navsari,7.3,16.8,52.7,87.8,27.5,62.7,17.3,1.92,3.63,3.18,149.7,225.8,0
Gujarat,Navsari,0.7,4.6,18.6,39.1,30.1,60.4,8.0,1.72,3.63,3.18,128.6,225.8,0
Gujarat,Navsari,3.8,15.6,40.2,73.0,32.8,72.4,17.6,1.83,3.63,3.18,127.9,225.8,0
Gujarat,Navsari,5.2,17.9,65.3,131.8,31.2,62.7,7.4,0.73,3.63,3.18,151.2,225.8,0
Gujarat,Navsari,1.2,7.6,29.2,54.8,27.7,56.1,7.5,0.67,3.63,3.18,156.9,225.8,0
Gujarat,Navsari,9.9,52.6,217.7,453.7,27.6,88.5,15.0,3.3,3.63,3.18,187.9,225.8,2
Gujarat,Navsari,0.4,4.3,14.9,34.9,32.5,77.1,7.1,2.52,3.63,3.18,120.8,225.8,0
Gujarat,Navsari,1.2,4.1,12.8,26.3,31.2,66.8,6.5,2.33,3.63,3.18,167.4,225.8,0
Gujarat,Navsari,2.6,12.9,33.7,69.8,27.8,72.4,8.7,1.01,3.63,3.18,145.2,225.8,0
Gujarat,Navsari,1.8,6.8,18.1,33.3,28.2,62.5,17.8,2.62,3.63,3.18,138.9,225.8,0
Gujarat,Navsari,47.2,262.9,723.1,1534.0,25.7,91.0,38.2,4.03,3.63,3.18,240.3,225.8,2
Gujarat,Navsari,53.0,253.5,660.9,1287.5,24.2,93.9,55.1,4.01,3.63,3.18,233.2,225.8,2
Gujarat,Navsari,11.5,56.0,181.7,422.0,27.4,88.1,26.2,3.4,3.63,3.18,169.2,225.8,2
Gujarat,Navsari,1.1,5.0,18.4,50.9,31.0,68.3,15.2,1.8,3.63,3.18,158.1,225.8,0
Gujarat,Navsari,3.8,9.8,28.6,51.8,31.1,57.9,11.7,0.61,3.63,3.18,116.1,225.8,0
Gujarat,Navsari,42.4,217.5,729.4,1366.6,24.4,89.3,34.8,3.74,3.63,3.18,217.8,225.8,2
Gujarat,Navsari,0.6,6.2,19.6,46.4,27.8,73.4,10.3,0.84,3.63,3.18,99.4,225.8,0
Gujarat,Navsari,9.9,59.4,230.6,477.6,27.3,87.5,29.3,3.7,3.63,3.18,187.7,225.8,2
Gujarat,Navsari,1.0,8.1,31.6,54.6,28.8,61.5,9.9,1.46,3.63,3.18,97.0,225.8,0
Gujarat,Navsari,0.2,2.5,10.6,28.4,27.9,71.8,7.6,2.63,3.63,3.18,105.7,225.8,0
Gujarat,Navsari,3.1,9.3,26.1,46.9,30.5,67.6,14.3,2.49,3.63,3.18,121.6,225.8,0
Gujarat,Navsari,5.1,32.1,148.4,341.6,26.3,86.8,19.8,3.54,3.63,3.18,205.9,225.8,2
Gujarat,Navsari,0.6,2.5,11.9,24.0,28.6,79.8,9.6,2.59,3.63,3.18,94.9,225.8,0
Gujarat,Navsari,4.6,19.9,64.1,130.2,28.7,64.8,8.2,2.36,3.63,3.18,148.0,225.8,0
Gujarat,Navsari,12.2,63.5,195.6,415.8,28.6,81.6,21.8,3.72,3.63,3.18,172.3,225.8,2
Gujarat,Navsari,28.8,151.7,454.1,971.4,25.7,92.6,62.3,3.69,3.63,3.18,238.7,225.8,2
Uttar Pradesh,Varanasi,4.1,37.7,112.7,229.9,27.2,82.1,18.9,2.53,2.8,2.21,211.1,241.5,1
Uttar Pradesh,Varanasi,3.7,22.5,100.4,237.7,28.4,85.5,31.1,2.72,2.8,2.21,213.0,241.5,2
Uttar Pradesh,Varanasi,6.0,36.5,125.9,257.2,29.1,90.6,16.0,2.73,2.8,2.21,208.8,241.5,2
Uttar Pradesh,Varanasi,30.2,199.5,652.9,1417.6,25.9,91.2,35.4,2.99,2.8,2.21,252.6,241.5,2
Uttar Pradesh,Varanasi,0.5,6.4,16.8,37.0,33.5,58.9,14.1,1.45,2.8,2.21,125.3,241.5,0
Uttar Pradesh,Varanasi,21.0,133.0,500.9,1026.6,25.7,90.8,35.2,3.53,2.8,2.21,250.8,241.5,2
Uttar Pradesh,Varanasi,40.8,234.4,751.3,1228.8,27.7,88.5,46.2,4.15,2.8,2.21,223.8,241.5,2
Uttar Pradesh,Varanasi,16.3,91.2,334.9,571.6,27.1,80.9,29.5,2.78,2.8,2.21,197.3,241.5,2
Uttar Pradesh,Varanasi,2.5,34.5,131.5,299.9,29.2,84.3,25.2,2.66,2.8,2.21,217.2,241.5,2
Uttar Pradesh,Varanasi,6.6,15.3,56.7,108.6,31.3,59.5,6.3,1.79,2.8,2.21,109.2,241.5,0
Uttar Pradesh,Varanasi,2.4,9.0,28.0,59.7,33.7,77.7,14.9,0.5,2.8,2.21,142.2,241.5,0
Uttar Pradesh,Varanasi,2.8,12.0,39.4,63.1,31.1,67.7,13.0,1.0,2.8,2.21,119.5,241.5,0
Uttar Pradesh,Varanasi,1.9,8.7,27.6,52.3,31.7,76.9,8.3,1.53,2.8,2.21,138.6,241.5,0
Uttar Pradesh,Varanasi,2.7,27.7,109.0,283.7,29.1,82.8,18.1,2.83,2.8,2.21,196.8,241.5,2
Uttar Pradesh,Varanasi,12.0,54.3,160.8,381.4,29.7,89.7,17.3,2.59,2.8,2.21,201.5,241.5,2
Uttar Pradesh,Varanasi,25.1,132.9,549.6,1124.7,27.5,91.2,55.3,3.8,2.8,2.21,237.7,241.5,2
Uttar Pradesh,Varanasi,1.8,8.7,23.1,54.6,32.0,78.8,6.5,1.07,2.8,2.21,124.9,241.5,0
Uttar Pradesh,Varanasi,0.6,5.0,14.3,23.4,31.9,74.0,6.5,0.91,2.8,2.21,141.8,241.5,0
Uttar Pradesh,Varanasi,13.8,68.3,245.1,546.4,27.5,89.4,21.3,2.27,2.8,2.21,205.9,241.5,2
Uttar Pradesh,Varanasi,51.4,291.7,876.5,1858.3,28.0,95.6,29.4,3.29,2.8,2.21,243.7,241.5,2
Uttar Pradesh,Varanasi,3.9,11.5,33.2,58.4,29.1,78.2,17.0,1.25,2.8,2.21,150.6,241.5,0
Uttar Pradesh,Varanasi,4.2,17.3,60.3,111.7,33.2,73.7,15.3,0.68,2.8,2.21,133.4,241.5,0
Uttar Pradesh,Varanasi,3.7,10.3,35.3,60.8,28.5,59.6,9.7,0.6,2.8,2.21,120.6,241.5,0
Uttar Pradesh,Varanasi,1.0,6.9,22.1,57.1,31.4,76.5,16.4,0.64,2.8,2.21,169.5,241.5,0
Uttar Pradesh,Varanasi,2.8,11.8,42.0,76.2,28.6,59.0,14.4,0.67,2.8,2.21,143.1,241.5,0
Uttar Pradesh,Varanasi,4.1,16.8,40.9,61.4,28.0,78.4,15.0,1.31,2.8,2.21,112.9,241.5,0
Uttar Pradesh,Varanasi,3.8,13.6,40.8,65.2,31.2,60.9,14.5,1.91,2.8,2.21,143.4,241.5,0
Uttar Pradesh,Varanasi,0.0,4.1,16.8,32.2,30.7,68.3,11.2,1.74,2.8,2.21,160.5,241.5,0
Uttar Pradesh,Varanasi,58.3,273.9,970.7,1820.4,26.0,96.8,33.2,3.95,2.8,2.21,237.9,241.5,2
Uttar Pradesh,Varanasi,7.6,48.1,205.1,491.2,27.7,82.1,22.7,2.23,2.8,2.21,200.5,241.5,2
Uttar Pradesh,Varanasi,23.1,156.7,561.5,956.4,26.2,89.0,46.6,3.54,2.8,2.21,259.7,241.5,2
Uttar Pradesh,Varanasi,0.8,5.6,16.7,38.8,32.6,78.5,6.2,1.94,2.8,2.21,137.4,241.5,0
Uttar Pradesh,Varanasi,5.3,18.9,55.8,97.7,33.4,68.5,7.2,1.49,2.8,2.21,119.1,241.5,0
Uttar Pradesh,Varanasi,7.7,47.3,161.6,339.6,29.7,91.6,22.1,2.77,2.8,2.21,204.9,241.5,2
Uttar Pradesh,Varanasi,2.6,9.9,28.7,69.6,28.9,64.8,10.4,1.94,2.8,2.21,130.3,241.5,0
Uttar Pradesh,Varanasi,2.1,9.2,25.7,44.0,31.7,69.8,16.7,0.75,2.8,2.21,124.2,241.5,0
Uttar Pradesh,Prayagraj,4.9,15.2,41.5,62.7,31.9,74.1,10.9,1.8,3.57,2.9,182.9,244.2,0
Uttar Pradesh,Prayagraj,6.7,21.8,61.9,116.1,30.8,72.0,9.1,1.27,3.57,2.9,150.5,244.2,0
Uttar Pradesh,Prayagraj,1.8,5.3,21.9,53.9,29.7,66.6,9.5,1.51,3.57,2.9,178.3,244.2,0
Uttar Pradesh,Prayagraj,2.2,8.9,27.5,56.4,32.2,61.6,9.8,2.24,3.57,2.9,111.9,244.2,0
Uttar Pradesh,Prayagraj,5.1,22.0,54.3,118.0,30.0,58.5,11.5,1.37,3.57,2.9,122.5,244.2,0
Uttar Pradesh,Prayagraj,0.5,5.3,17.1,34.3,33.6,55.0,16.5,1.76,3.57,2.9,113.9,244.2,0
Uttar Pradesh,Prayagraj,4.2,30.1,125.8,257.4,29.6,90.0,27.6,2.8,3.57,2.9,192.8,244.2,2
Uttar Pradesh,Prayagraj,29.1,177.6,656.4,1038.9,27.0,95.2,55.4,4.16,3.57,2.9,247.8,244.2,2
Uttar Pradesh,Prayagraj,5.4,40.7,134.7,274.5,29.3,89.2,18.3,3.13,3.57,2.9,202.3,244.2,2
Uttar Pradesh,Prayagraj,11.9,69.9,238.1,488.8,30.9,81.4,23.0,3.1,3.57,2.9,207.2,244.2,2
Uttar Pradesh,Prayagraj,1.9,7.9,28.7,45.8,34.5,62.6,17.6,0.79,3.57,2.9,148.6,244.2,0
Uttar Pradesh,Prayagraj,0.9,5.9,24.1,59.5,31.2,62.5,6.5,0.81,3.57,2.9,164.2,244.2,0
Uttar Pradesh,Prayagraj,4.7,20.2,55.8,95.1,30.1,78.5,8.2,1.84,3.57,2.9,126.0,244.2,0
Uttar Pradesh,Prayagraj,0.3,4.2,10.9,25.7,31.3,68.5,14.2,1.22,3.57,2.9,148.7,244.2,0
Uttar Pradesh,Prayagraj,0.9,2.8,10.7,16.5,34.0,79.2,9.4,2.1,3.57,2.9,116.3,244.2,0
Uttar Pradesh,Prayagraj,1.5,9.7,27.5,54.9,34.7,78.3,6.8,2.08,3.57,2.9,138.0,244.2,0
Uttar Pradesh,Prayagraj,48.1,268.7,709.8,1356.6,28.3,91.5,37.8,4.53,3.57,2.9,246.3,244.2,2
Uttar Pradesh,Prayagraj,6.6,21.7,64.6,122.8,31.4,79.4,9.9,1.31,3.57,2.9,104.9,244.2,0
Uttar Pradesh,Prayagraj,0.9,2.6,8.3,14.5,31.7,62.7,11.7,2.18,3.57,2.9,152.3,244.2,0
Uttar Pradesh,Prayagraj,2.8,8.5,29.8,56.5,33.7,66.5,10.3,1.16,3.57,2.9,166.5,244.2,0
Uttar Pradesh,Prayagraj,1.5,5.0,17.4,35.2,32.2,60.6,7.5,0.98,3.57,2.9,104.8,244.2,0
Uttar Pradesh,Prayagraj,3.7,28.5,129.5,325.9,30.9,85.7,24.1,2.87,3.57,2.9,220.4,244.2,2
Uttar Pradesh,Prayagraj,2.7,11.7,30.2,63.8,30.9,56.6,8.2,1.48,3.57,2.9,123.8,244.2,0
Uttar Pradesh,Prayagraj,1.3,8.8,30.1,64.4,29.6,69.1,7.3,1.43,3.57,2.9,138.6,244.2,0
Uttar Pradesh,Prayagraj,1.0,6.0,21.7,37.8,33.9,69.7,6.8,1.18,3.57,2.9,115.6,244.2,0
Uttar Pradesh,Prayagraj,1.9,8.7,33.0,69.3,31.0,70.2,12.9,2.24,3.57,2.9,156.6,244.2,0
Uttar Pradesh,Prayagraj,5.5,19.0,54.7,97.5,34.6,72.7,8.0,2.05,3.57,2.9,143.9,244.2,0
Uttar Pradesh,Prayagraj,0.9,7.2,18.8,43.5,33.7,62.4,15.0,2.48,3.57,2.9,154.9,244.2,0
Uttar Pradesh,Prayagraj,3.9,31.7,134.8,336.6,30.0,88.5,20.9,3.2,3.57,2.9,222.0,244.2,2
Uttar Pradesh,Prayagraj,2.6,21.9,83.3,210.9,29.2,90.8,29.4,3.51,3.57,2.9,215.9,244.2,2
Uttar Pradesh,Prayagraj,0.2,3.8,16.3,23.8,31.0,69.5,9.6,2.62,3.57,2.9,176.8,244.2,0
Uttar Pradesh,Prayagraj,7.4,52.9,163.0,389.9,29.8,86.3,16.4,3.4,3.57,2.9,207.0,244.2,2
Uttar Pradesh,Prayagraj,1.9,9.3,29.2,46.0,34.9,67.3,12.5,1.11,3.57,2.9,176.0,244.2,0
Uttar Pradesh,Prayagraj,2.5,9.1,33.4,76.8,32.4,76.1,16.0,1.48,3.57,2.9,147.0,244.2,0
Uttar Pradesh,Prayagraj,1.6,7.9,30.4,58.4,29.5,75.7,9.8,1.61,3.57,2.9,161.9,244.2,0
Uttar Pradesh,Prayagraj,8.8,53.8,208.9,392.1,30.9,88.9,17.1,2.93,3.57,2.9,204.4,244.2,2
Uttar Pradesh,Gorakhpur,64.3,314.5,817.6,1583.8,26.8,93.3,58.1,3.93,2.8,2.02,243.0,229.9,2
Uttar Pradesh,Gorakhpur,16.6,65.8,247.5,531.3,28.8,84.1,26.9,2.67,2.8,2.02,188.3,229.9,2
Uttar Pradesh,Gorakhpur,4.6,17.1,42.7,81.8,30.4,60.2,8.9,1.32,2.8,2.02,148.6,229.9,0
Uttar Pradesh,Gorakhpur,14.5,80.0,318.6,614.8,26.1,85.4,19.2,2.52,2.8,2.02,205.1,229.9,2
Uttar Pradesh,Gorakhpur,29.3,164.3,527.1,879.0,25.8,94.8,26.7,3.03,2.8,2.02,230.2,229.9,2
Uttar Pradesh,Gorakhpur,4.0,13.8,47.2,89.5,29.3,55.1,17.0,0.89,2.8,2.02,133.9,229.9,0
Uttar Pradesh,Gorakhpur,3.0,7.7,26.0,38.5,33.0,66.5,17.4,1.34,2.8,2.02,108.4,229.9,0
Uttar Pradesh,Gorakhpur,2.9,36.0,125.0,331.7,28.9,88.0,24.3,1.97,2.8,2.02,210.6,229.9,2
Uttar Pradesh,Gorakhpur,1.4,5.3,22.6,40.1,30.8,71.9,11.4,1.2,2.8,2.02,138.6,229.9,0
Uttar Pradesh,Gorakhpur,9.2,62.5,218.6,379.6,28.2,89.1,30.6,2.75,2.8,2.02,194.3,229.9,2
Uttar Pradesh,Gorakhpur,4.7,26.7,115.4,244.0,27.6,83.2,20.4,2.86,2.8,2.02,170.7,229.9,2
Uttar Pradesh,Gorakhpur,18.1,98.4,327.6,567.3,27.6,90.7,15.4,2.87,2.8,2.02,202.6,229.9,2
Uttar Pradesh,Gorakhpur,64.3,371.6,1243.1,2475.4,26.9,91.1,33.3,3.53,2.8,2.02,230.7,229.9,2
Uttar Pradesh,Gorakhpur,1.3,6.5,23.9,50.6,28.4,65.1,15.1,1.09,2.8,2.02,158.7,229.9,0
Uttar Pradesh,Gorakhpur,0.2,3.7,11.3,25.2,32.0,76.8,17.6,0.75,2.8,2.02,102.2,229.9,0
Uttar Pradesh,Gorakhpur,1.2,3.8,10.4,21.2,32.2,77.4,13.3,1.46,2.8,2.02,120.6,229.9,0
Uttar Pradesh,Gorakhpur,2.5,8.8,18.9,44.6,32.0,61.8,12.8,0.71,2.8,2.02,121.8,229.9,0
Uttar Pradesh,Gorakhpur,4.7,39.7,122.5,269.5,27.1,81.7,27.8,2.41,2.8,2.02,186.9,229.9,2
Uttar Pradesh,Gorakhpur,7.3,47.1,193.8,455.4,28.4,82.1,16.3,2.36,2.8,2.02,179.3,229.9,2
Uttar Pradesh,Gorakhpur,0.2,1.8,12.0,24.6,27.6,75.7,6.6,0.75,2.8,2.02,122.7,229.9,0
Uttar Pradesh,Gorakhpur,1.1,4.6,13.3,32.2,28.0,78.4,7.8,0.55,2.8,2.02,139.8,229.9,0
Uttar Pradesh,Gorakhpur,8.0,50.2,160.9,341.6,26.1,87.0,15.2,2.32,2.8,2.02,193.3,229.9,2
Uttar Pradesh,Gorakhpur,1.6,4.7,19.3,38.6,29.8,70.4,7.1,1.49,2.8,2.02,94.7,229.9,0
Uttar Pradesh,Gorakhpur,3.4,8.3,25.8,44.4,32.3,71.4,11.9,0.75,2.8,2.02,94.0,229.9,0
Uttar Pradesh,Gorakhpur,32.9,227.7,781.9,1654.3,26.5,96.1,63.6,3.49,2.8,2.02,211.7,229.9,2
Uttar Pradesh,Gorakhpur,0.6,1.7,13.6,29.6,31.7,77.6,8.2,0.69,2.8,2.02,144.1,229.9,0
Uttar Pradesh,Gorakhpur,2.4,7.4,27.6,52.0,32.6,73.3,13.0,0.9,2.8,2.02,158.2,229.9,0
Uttar Pradesh,Gorakhpur,10.7,52.4,182.5,346.3,27.9,81.1,30.7,2.33,2.8,2.02,169.2,229.9,2
Uttar Pradesh,Gorakhpur,0.8,6.4,22.7,47.8,32.0,64.0,12.5,0.65,2.8,2.02,94.9,229.9,0
Uttar Pradesh,Gorakhpur,0.7,2.7,13.9,28.5,31.8,68.5,10.9,1.5,2.8,2.02,114.9,229.9,0
Uttar Pradesh,Gorakhpur,18.2,85.4,271.8,634.3,27.0,81.5,22.9,2.9,2.8,2.02,207.3,229.9,2
Uttar Pradesh,Gorakhpur,6.7,39.6,127.1,279.4,26.1,91.7,16.9,1.86,2.8,2.02,178.9,229.9,2
Uttar Pradesh,Gorakhpur,24.1,134.0,451.9,1013.2,24.7,97.4,33.1,3.67,2.8,2.02,238.4,229.9,2
Uttar Pradesh,Gorakhpur,2.5,7.5,22.5,42.4,32.7,56.0,7.9,0.8,2.8,2.02,169.6,229.9,0
Uttar Pradesh,Gorakhpur,2.6,7.4,21.2,33.0,31.5,67.3,17.3,0.7,2.8,2.02,93.1,229.9,0
Uttar Pradesh,Gorakhpur,18.1,108.5,286.4,595.0,26.1,95.1,41.1,3.17,2.8,2.02,215.6,229.9,2
Uttar Pradesh,Ballia,3.2,26.2,101.7,212.8,26.4,84.6,27.8,2.38,2.62,2.01,208.5,235.8,2
Uttar Pradesh,Ballia,2.1,10.7,36.7,74.7,31.4,73.5,13.4,1.01,2.62,2.01,139.0,235.8,0
Uttar Pradesh,Ballia,8.6,54.5,230.8,532.6,27.6,83.1,19.2,1.86,2.62,2.01,213.2,235.8,2
Uttar Pradesh,Ballia,18.2,98.9,331.8,558.2,26.5,91.4,16.4,1.9,2.62,2.01,211.4,235.8,2
Uttar Pradesh,Ballia,2.0,9.2,25.1,54.1,32.8,62.7,17.7,0.75,2.62,2.01,115.8,235.8,0
Uttar Pradesh,Ballia,18.6,119.5,366.3,631.6,24.2,94.1,35.0,3.46,2.62,2.01,243.5,235.8,2
Uttar Pradesh,Ballia,38.3,175.9,435.2,991.5,24.6,95.1,46.6,2.79,2.62,2.01,236.1,235.8,2
Uttar Pradesh,Ballia,48.7,266.8,916.6,1534.4,26.6,93.3,45.0,2.76,2.62,2.01,226.8,235.8,2
Uttar Pradesh,Ballia,3.3,8.5,32.7,54.2,32.7,60.6,17.9,0.52,2.62,2.01,118.6,235.8,0
Uttar Pradesh,Ballia,3.4,11.2,40.7,73.3,31.1,78.5,13.5,1.53,2.62,2.01,174.7,235.8,0
Uttar Pradesh,Ballia,1.3,6.0,19.6,34.8,28.0,56.4,11.1,0.53,2.62,2.01,101.4,235.8,0
Uttar Pradesh,Ballia,21.8,99.4,260.6,562.2,26.0,81.5,27.5,2.65,2.62,2.01,189.9,235.8,2
Uttar Pradesh,Ballia,0.8,5.1,17.1,35.2,29.6,73.8,8.7,1.57,2.62,2.01,167.9,235.8,0
Uttar Pradesh,Ballia,53.4,274.2,952.2,1529.0,25.7,97.9,59.1,3.07,2.62,2.01,248.1,235.8,2
Uttar Pradesh,Ballia,0.2,2.3,9.6,27.1,28.2,73.3,11.9,0.7,2.62,2.01,113.7,235.8,0
Uttar Pradesh,Ballia,6.0,39.2,131.4,336.3,26.8,81.5,22.8,2.68,2.62,2.01,188.4,235.8,2
Uttar Pradesh,Ballia,41.9,265.1,741.5,1469.0,26.5,89.3,64.3,3.96,2.62,2.01,240.4,235.8,2
Uttar Pradesh,Ballia,0.2,5.0,21.2,42.5,29.8,75.7,13.9,1.26,2.62,2.01,147.1,235.8,0
Uttar Pradesh,Ballia,0.9,6.7,19.4,40.2,28.8,58.6,8.8,1.63,2.62,2.01,161.3,235.8,0
Uttar Pradesh,Ballia,1.8,6.7,23.1,36.1,27.5,74.8,11.2,0.83,2.62,2.01,155.2,235.8,0
Uttar Pradesh,Ballia,2.2,8.7,28.9,56.0,28.7,75.5,15.2,0.63,2.62,2.01,152.9,235.8,0
Uttar Pradesh,Ballia,1.2,5.6,19.4,37.2,28.4,60.6,14.1,1.53,2.62,2.01,135.6,235.8,0
Uttar Pradesh,Ballia,55.9,315.6,860.3,1660.8,25.8,96.7,25.7,3.81,2.62,2.01,247.7,235.8,2
Uttar Pradesh,Ballia,26.5,165.1,504.3,950.6,26.4,96.6,29.7,3.21,2.62,2.01,228.7,235.8,2
Uttar Pradesh,Ballia,5.2,29.8,134.6,263.3,26.4,84.6,31.8,1.99,2.62,2.01,172.7,235.8,1
Uttar Pradesh,Ballia,5.9,35.3,151.2,354.9,28.7,83.3,31.0,2.0,2.62,2.01,213.1,235.8,2
Uttar Pradesh,Ballia,2.8,6.7,26.4,53.3,30.9,65.4,15.4,0.64,2.62,2.01,146.3,235.8,0
Uttar Pradesh,Ballia,0.5,5.6,24.4,54.5,27.3,67.7,7.2,1.35,2.62,2.01,164.1,235.8,0
Uttar Pradesh,Ballia,5.2,36.9,118.9,224.6,27.7,82.7,24.0,2.45,2.62,2.01,170.8,235.8,1
Uttar Pradesh,Ballia,44.2,269.0,767.0,1263.9,24.7,95.2,43.7,3.95,2.62,2.01,220.9,235.8,2
Uttar Pradesh,Ballia,2.3,8.0,31.7,60.7,31.1,77.0,13.1,1.79,2.62,2.01,115.1,235.8,0
Uttar Pradesh,Ballia,1.9,5.2,14.8,31.0,32.2,77.5,6.1,1.55,2.62,2.01,139.5,235.8,0
Uttar Pradesh,Ballia,2.6,26.1,111.0,235.8,27.0,88.0,20.0,2.54,2.62,2.01,176.1,235.8,1
Uttar Pradesh,Ballia,63.3,302.0,808.6,1754.2,24.7,93.5,58.9,3.02,2.62,2.01,242.1,235.8,2
Uttar Pradesh,Ballia,4.1,17.5,46.9,88.8,32.1,77.9,10.4,1.48,2.62,2.01,166.7,235.8,0
Uttar Pradesh,Ballia,1.1,6.5,28.5,59.8,27.0,78.2,8.6,0.98,2.62,2.01,175.1,235.8,0
