state,district,ward_village,rainfall_1h,rainfall_6h,rainfall_24h,rainfall_72h,rainfall_forecast_24h,soil_moisture_pct,slope_angle_deg,elevation_m,geological_stability,historical_floods,historical_landslides,river_level,danger_level,warning_level,temperature,humidity,wind_speed,flood_risk,landslide_risk
Uttarakhand,Chamoli,Joshimath Upper Ward 4,2.1,6.6,23.5,35.8,7.3,32.2,36.5,1875.0,0.88,6,19,1.12,2.7,2.29,22.3,51.0,12.1,0,2
Uttarakhand,Chamoli,Joshimath Upper Ward 4,6.1,31.2,107.8,245.5,75.9,64.5,36.5,1875.0,0.88,6,19,2.54,2.7,2.29,22.7,76.2,13.5,1,3
Uttarakhand,Chamoli,Joshimath Upper Ward 4,30.1,168.8,483.1,812.6,626.9,86.7,36.5,1875.0,0.88,6,19,3.26,2.7,2.29,22.6,92.8,26.1,3,3
Uttarakhand,Chamoli,Joshimath Upper Ward 4,1.1,2.6,6.1,15.1,2.7,37.2,36.5,1875.0,0.88,6,19,0.76,2.7,2.29,24.7,73.1,12.1,0,2
Uttarakhand,Chamoli,Joshimath Upper Ward 4,5.8,31.3,91.3,223.0,76.2,73.0,36.5,1875.0,0.88,6,19,2.47,2.7,2.29,26.2,78.0,12.5,1,3
Uttarakhand,Chamoli,Joshimath Upper Ward 4,4.6,10.4,35.5,58.3,16.3,55.2,36.5,1875.0,0.88,6,19,1.06,2.7,2.29,24.6,52.4,11.2,0,2
Uttarakhand,Chamoli,Joshimath Upper Ward 4,2.6,9.2,22.0,44.7,7.4,26.6,36.5,1875.0,0.88,6,19,0.63,2.7,2.29,28.3,68.8,9.6,0,2
Uttarakhand,Chamoli,Joshimath Upper Ward 4,0.9,5.0,19.4,33.7,11.4,47.5,36.5,1875.0,0.88,6,19,1.15,2.7,2.29,24.7,64.2,6.2,0,2
Uttarakhand,Chamoli,Joshimath Upper Ward 4,9.1,46.5,162.1,305.1,169.8,75.9,36.5,1875.0,0.88,6,19,2.13,2.7,2.29,25.1,82.9,14.4,1,3
Uttarakhand,Chamoli,Joshimath Upper Ward 4,28.5,155.8,340.1,561.2,451.4,89.6,36.5,1875.0,0.88,6,19,2.81,2.7,2.29,18.5,94.7,48.7,3,3
Uttarakhand,Chamoli,Joshimath Upper Ward 4,1.7,4.3,17.1,28.1,8.9,33.7,36.5,1875.0,0.88,6,19,1.56,2.7,2.29,26.2,51.4,10.9,0,2
Uttarakhand,Chamoli,Joshimath Upper Ward 4,20.0,116.5,350.1,613.0,327.3,82.7,36.5,1875.0,0.88,6,19,3.04,2.7,2.29,19.8,87.4,26.8,3,3
Uttarakhand,Chamoli,Joshimath Upper Ward 4,1.5,21.3,81.0,166.7,50.9,64.1,36.5,1875.0,0.88,6,19,2.53,2.7,2.29,24.6,81.1,24.6,1,3
Uttarakhand,Chamoli,Joshimath Upper Ward 4,19.8,94.5,276.1,560.0,383.9,79.4,36.5,1875.0,0.88,6,19,2.89,2.7,2.29,20.7,94.5,31.2,2,3
Uttarakhand,Chamoli,Joshimath Upper Ward 4,0.5,2.4,7.0,16.8,4.5,43.2,36.5,1875.0,0.88,6,19,0.56,2.7,2.29,32.0,70.1,15.7,0,2
Uttarakhand,Chamoli,Joshimath Upper Ward 4,87.0,323.5,697.9,984.2,1248.0,92.5,36.5,1875.0,0.88,6,19,4.19,2.7,2.29,19.6,95.0,73.3,3,3
Uttarakhand,Chamoli,Joshimath Upper Ward 4,71.5,323.5,761.8,1234.0,1217.6,90.5,36.5,1875.0,0.88,6,19,3.95,2.7,2.29,20.0,98.0,41.3,3,3
Uttarakhand,Chamoli,Joshimath Upper Ward 4,46.2,218.1,588.0,905.0,703.8,95.6,36.5,1875.0,0.88,6,19,3.99,2.7,2.29,19.4,96.1,55.9,3,3
Uttarakhand,Chamoli,Joshimath Upper Ward 4,52.8,260.7,647.0,979.3,1036.2,90.7,36.5,1875.0,0.88,6,19,3.8,2.7,2.29,24.0,99.0,37.9,3,3
Uttarakhand,Chamoli,Joshimath Upper Ward 4,1.8,6.6,24.7,38.3,15.6,48.2,36.5,1875.0,0.88,6,19,1.24,2.7,2.29,31.9,64.6,5.1,0,2
Uttarakhand,Chamoli,Joshimath Upper Ward 4,22.5,136.8,314.8,519.3,303.3,86.5,36.5,1875.0,0.88,6,19,3.15,2.7,2.29,19.6,92.0,31.6,3,3
Uttarakhand,Chamoli,Joshimath Upper Ward 4,14.6,72.8,177.1,302.4,170.5,72.2,36.5,1875.0,0.88,6,19,2.11,2.7,2.29,25.9,82.2,18.8,1,3
Uttarakhand,Chamoli,Joshimath Upper Ward 4,1.1,4.7,17.1,35.2,6.1,29.2,36.5,1875.0,0.88,6,19,0.88,2.7,2.29,31.0,68.9,14.5,0,2
Uttarakhand,Chamoli,Joshimath Upper Ward 4,20.3,93.0,324.7,585.3,289.9,91.0,36.5,1875.0,0.88,6,19,3.27,2.7,2.29,25.8,93.9,47.0,3,3
Uttarakhand,Chamoli,Joshimath Upper Ward 4,0.8,3.1,14.9,33.9,6.1,51.0,36.5,1875.0,0.88,6,19,0.63,2.7,2.29,30.7,70.8,7.4,0,2
Uttarakhand,Chamoli,Tapovan Dhauliganga Valley,1.5,4.8,10.3,23.7,7.1,34.2,38.0,1920.0,0.85,12,16,1.33,2.94,2.4,26.0,74.4,10.9,0,2
Uttarakhand,Chamoli,Tapovan Dhauliganga Valley,48.1,259.2,747.8,1064.6,1183.6,93.0,38.0,1920.0,0.85,12,16,4.33,2.94,2.4,20.1,94.7,58.1,3,3
Uttarakhand,Chamoli,Tapovan Dhauliganga Valley,0.8,2.1,10.0,24.0,5.7,37.0,38.0,1920.0,0.85,12,16,0.59,2.94,2.4,28.6,54.9,8.5,0,2
Uttarakhand,Chamoli,Tapovan Dhauliganga Valley,33.0,142.0,376.7,613.0,396.4,91.2,38.0,1920.0,0.85,12,16,3.39,2.94,2.4,25.2,91.8,32.5,3,3
Uttarakhand,Chamoli,Tapovan Dhauliganga Valley,5.5,24.6,88.5,195.3,67.7,65.4,38.0,1920.0,0.85,12,16,2.4,2.94,2.4,27.2,85.3,14.7,1,3
Uttarakhand,Chamoli,Tapovan Dhauliganga Valley,1.4,5.3,17.9,36.7,7.0,31.6,38.0,1920.0,0.85,12,16,0.53,2.94,2.4,24.4,59.3,14.3,0,2
Uttarakhand,Chamoli,Tapovan Dhauliganga Valley,0.4,2.8,11.2,19.8,6.3,25.2,38.0,1920.0,0.85,12,16,1.48,2.94,2.4,29.7,48.2,9.7,0,2
Uttarakhand,Chamoli,Tapovan Dhauliganga Valley,2.8,9.8,20.1,39.2,12.5,47.0,38.0,1920.0,0.85,12,16,1.78,2.94,2.4,28.0,73.5,14.8,0,2
Uttarakhand,Chamoli,Tapovan Dhauliganga Valley,2.8,23.1,95.2,228.1,74.7,66.1,38.0,1920.0,0.85,12,16,2.23,2.94,2.4,25.1,85.0,20.3,1,3
Uttarakhand,Chamoli,Tapovan Dhauliganga Valley,2.6,16.3,58.6,131.8,34.2,65.7,38.0,1920.0,0.85,12,16,2.56,2.94,2.4,25.7,75.8,18.5,1,3
Uttarakhand,Chamoli,Tapovan Dhauliganga Valley,7.5,33.5,117.0,247.2,118.6,74.2,38.0,1920.0,0.85,12,16,2.33,2.94,2.4,20.0,79.6,24.1,1,3
Uttarakhand,Chamoli,Tapovan Dhauliganga Valley,38.8,180.0,494.5,770.5,524.9,78.4,38.0,1920.0,0.85,12,16,3.09,2.94,2.4,23.4,89.4,29.1,3,3
Uttarakhand,Chamoli,Tapovan Dhauliganga Valley,10.2,41.7,107.6,212.8,95.3,64.2,38.0,1920.0,0.85,12,16,2.39,2.94,2.4,20.4,79.9,15.4,1,3
Uttarakhand,Chamoli,Tapovan Dhauliganga Valley,1.6,5.5,20.7,30.3,6.4,42.8,38.0,1920.0,0.85,12,16,1.8,2.94,2.4,25.5,64.5,13.6,0,2
Uttarakhand,Chamoli,Tapovan Dhauliganga Valley,6.2,40.0,105.0,184.8,94.7,71.0,38.0,1920.0,0.85,12,16,2.2,2.94,2.4,25.6,85.0,14.7,1,3
Uttarakhand,Chamoli,Tapovan Dhauliganga Valley,5.5,29.1,121.1,203.0,83.2,72.8,38.0,1920.0,0.85,12,16,2.76,2.94,2.4,23.2,84.3,13.2,1,3
Uttarakhand,Chamoli,Tapovan Dhauliganga Valley,5.0,26.2,108.7,219.4,118.5,74.5,38.0,1920.0,0.85,12,16,2.3,2.94,2.4,23.4,79.8,20.1,1,3
Uttarakhand,Chamoli,Tapovan Dhauliganga Valley,3.3,11.8,30.2,57.1,17.6,39.4,38.0,1920.0,0.85,12,16,1.45,2.94,2.4,31.7,53.1,13.9,0,2
Uttarakhand,Chamoli,Tapovan Dhauliganga Valley,8.1,38.5,131.1,296.3,72.4,76.1,38.0,1920.0,0.85,12,16,2.22,2.94,2.4,23.7,82.9,18.1,1,3
Uttarakhand,Chamoli,Tapovan Dhauliganga Valley,1.0,3.4,13.2,28.2,7.7,34.1,38.0,1920.0,0.85,12,16,0.51,2.94,2.4,31.5,47.6,12.9,0,2
Uttarakhand,Chamoli,Tapovan Dhauliganga Valley,4.3,30.5,109.5,232.7,69.3,73.1,38.0,1920.0,0.85,12,16,2.27,2.94,2.4,24.7,81.2,20.5,1,3
Uttarakhand,Chamoli,Tapovan Dhauliganga Valley,9.5,45.7,150.4,261.3,92.6,63.9,38.0,1920.0,0.85,12,16,2.44,2.94,2.4,26.1,77.4,15.5,2,3
Uttarakhand,Chamoli,Tapovan Dhauliganga Valley,11.8,60.1,178.7,290.8,113.7,64.9,38.0,1920.0,0.85,12,16,2.05,2.94,2.4,24.3,78.6,27.6,1,3
Uttarakhand,Chamoli,Tapovan Dhauliganga Valley,11.2,49.0,173.9,373.9,135.9,69.0,38.0,1920.0,0.85,12,16,2.18,2.94,2.4,20.4,87.2,19.6,1,3
Uttarakhand,Chamoli,Tapovan Dhauliganga Valley,25.0,113.9,262.8,493.8,367.0,79.7,38.0,1920.0,0.85,12,16,3.47,2.94,2.4,22.9,93.7,30.6,3,3
Uttarakhand,Chamoli,Raini Village (Rishi Ganga Confluence),3.8,32.3,103.9,227.0,111.0,65.3,41.2,2040.0,0.92,14,21,1.84,2.53,1.99,25.3,77.0,14.8,1,3
Uttarakhand,Chamoli,Raini Village (Rishi Ganga Confluence),1.0,3.2,10.0,21.2,5.8,40.0,41.2,2040.0,0.92,14,21,1.18,2.53,1.99,31.2,68.6,11.9,0,2
Uttarakhand,Chamoli,Raini Village (Rishi Ganga Confluence),4.9,31.4,111.3,262.1,60.4,64.7,41.2,2040.0,0.92,14,21,1.91,2.53,1.99,26.0,82.4,16.6,1,3
Uttarakhand,Chamoli,Raini Village (Rishi Ganga Confluence),1.2,5.3,18.5,29.4,5.8,39.3,41.2,2040.0,0.92,14,21,0.82,2.53,1.99,24.5,47.7,15.6,0,2
Uttarakhand,Chamoli,Raini Village (Rishi Ganga Confluence),29.4,179.8,501.6,767.5,542.9,87.1,41.2,2040.0,0.92,14,21,3.1,2.53,1.99,19.5,91.4,40.9,3,3
Uttarakhand,Chamoli,Raini Village (Rishi Ganga Confluence),10.6,39.4,123.0,268.7,112.7,66.6,41.2,2040.0,0.92,14,21,2.36,2.53,1.99,26.5,82.2,19.3,1,3
Uttarakhand,Chamoli,Raini Village (Rishi Ganga Confluence),4.0,11.7,29.9,60.2,15.5,38.6,41.2,2040.0,0.92,14,21,0.69,2.53,1.99,25.6,67.7,11.9,0,2
Uttarakhand,Chamoli,Raini Village (Rishi Ganga Confluence),20.1,123.2,352.2,597.6,410.4,81.4,41.2,2040.0,0.92,14,21,2.52,2.53,1.99,22.4,91.1,27.3,3,3
Uttarakhand,Chamoli,Raini Village (Rishi Ganga Confluence),90.4,354.4,957.3,1563.9,1166.7,97.9,41.2,2040.0,0.92,14,21,4.15,2.53,1.99,17.9,95.9,50.3,3,3
Uttarakhand,Chamoli,Raini Village (Rishi Ganga Confluence),68.9,366.3,822.5,1298.3,1156.6,97.8,41.2,2040.0,0.92,14,21,3.36,2.53,1.99,18.4,96.1,75.0,3,3
Uttarakhand,Chamoli,Raini Village (Rishi Ganga Confluence),8.3,36.0,112.9,231.3,78.2,65.0,41.2,2040.0,0.92,14,21,2.19,2.53,1.99,24.6,78.0,24.4,1,3
Uttarakhand,Chamoli,Raini Village (Rishi Ganga Confluence),0.7,4.0,13.5,30.2,9.3,41.3,41.2,2040.0,0.92,14,21,0.54,2.53,1.99,27.0,62.7,14.6,0,2
Uttarakhand,Chamoli,Raini Village (Rishi Ganga Confluence),26.0,132.5,397.7,716.5,430.2,91.6,41.2,2040.0,0.92,14,21,2.66,2.53,1.99,23.5,92.1,46.3,3,3
Uttarakhand,Chamoli,Raini Village (Rishi Ganga Confluence),36.5,158.7,478.9,893.6,402.8,86.8,41.2,2040.0,0.92,14,21,3.1,2.53,1.99,26.0,93.2,35.8,3,3
Uttarakhand,Chamoli,Raini Village (Rishi Ganga Confluence),1.4,6.2,19.5,34.6,12.1,34.7,41.2,2040.0,0.92,14,21,0.87,2.53,1.99,23.5,60.9,11.2,0,2
Uttarakhand,Chamoli,Raini Village (Rishi Ganga Confluence),19.2,103.1,305.3,604.8,328.7,81.6,41.2,2040.0,0.92,14,21,2.6,2.53,1.99,18.1,93.9,47.5,3,3
Uttarakhand,Chamoli,Raini Village (Rishi Ganga Confluence),15.3,54.3,157.9,317.2,102.6,75.5,41.2,2040.0,0.92,14,21,1.83,2.53,1.99,23.1,81.3,15.8,2,3
Uttarakhand,Chamoli,Raini Village (Rishi Ganga Confluence),7.0,41.5,132.3,269.3,111.1,73.0,41.2,2040.0,0.92,14,21,2.22,2.53,1.99,20.4,82.9,19.9,1,3
Uttarakhand,Chamoli,Raini Village (Rishi Ganga Confluence),57.2,301.9,713.3,1187.3,1124.7,96.3,41.2,2040.0,0.92,14,21,3.99,2.53,1.99,21.0,98.3,60.9,3,3
Uttarakhand,Chamoli,Raini Village (Rishi Ganga Confluence),1.0,4.1,11.1,23.5,4.1,29.4,41.2,2040.0,0.92,14,21,1.04,2.53,1.99,31.7,60.9,15.0,0,2
Uttarakhand,Chamoli,Raini Village (Rishi Ganga Confluence),21.4,127.0,409.6,668.8,564.3,80.0,41.2,2040.0,0.92,14,21,3.14,2.53,1.99,24.9,93.0,49.5,3,3
Uttarakhand,Chamoli,Raini Village (Rishi Ganga Confluence),84.6,357.5,704.0,1126.7,1082.7,95.6,41.2,2040.0,0.92,14,21,3.97,2.53,1.99,23.5,92.8,44.4,3,3
Uttarakhand,Chamoli,Raini Village (Rishi Ganga Confluence),1.1,4.8,14.8,27.9,9.8,35.0,41.2,2040.0,0.92,14,21,0.91,2.53,1.99,23.4,73.4,8.3,0,2
Uttarakhand,Chamoli,Raini Village (Rishi Ganga Confluence),8.2,38.6,107.6,237.5,114.9,68.7,41.2,2040.0,0.92,14,21,2.22,2.53,1.99,21.2,80.4,13.6,1,3
Uttarakhand,Chamoli,Raini Village (Rishi Ganga Confluence),3.9,29.7,83.0,187.0,84.1,63.6,41.2,2040.0,0.92,14,21,2.18,2.53,1.99,24.4,87.7,17.7,1,3
Uttarakhand,Chamoli,Karnaprayag Alaknanda Basin Ward,0.8,3.6,14.0,22.6,8.6,33.0,18.5,860.0,0.65,15,8,0.69,3.18,2.72,27.6,47.1,13.4,0,1
Uttarakhand,Chamoli,Karnaprayag Alaknanda Basin Ward,3.0,8.8,19.9,34.9,12.8,29.8,18.5,860.0,0.65,15,8,0.7,3.18,2.72,24.5,50.2,12.3,0,1
Uttarakhand,Chamoli,Karnaprayag Alaknanda Basin Ward,1.9,5.8,14.4,20.5,8.6,42.4,18.5,860.0,0.65,15,8,1.65,3.18,2.72,26.8,68.3,10.6,0,1
Uttarakhand,Chamoli,Karnaprayag Alaknanda Basin Ward,1.5,6.4,18.1,36.6,8.7,56.8,18.5,860.0,0.65,15,8,0.59,3.18,2.72,26.8,57.0,12.5,0,1
Uttarakhand,Chamoli,Karnaprayag Alaknanda Basin Ward,11.5,53.2,138.7,231.5,122.0,70.8,18.5,860.0,0.65,15,8,2.54,3.18,2.72,28.0,81.9,19.3,1,1
Uttarakhand,Chamoli,Karnaprayag Alaknanda Basin Ward,4.2,26.1,106.9,242.0,67.2,69.2,18.5,860.0,0.65,15,8,2.47,3.18,2.72,22.7,80.9,18.7,1,1
Uttarakhand,Chamoli,Karnaprayag Alaknanda Basin Ward,1.0,4.3,10.6,19.3,6.7,28.1,18.5,860.0,0.65,15,8,0.65,3.18,2.72,29.4,69.4,11.1,0,1
Uttarakhand,Chamoli,Karnaprayag Alaknanda Basin Ward,8.0,38.0,103.6,230.2,105.8,73.5,18.5,860.0,0.65,15,8,3.0,3.18,2.72,24.8,79.6,21.2,1,2
Uttarakhand,Chamoli,Karnaprayag Alaknanda Basin Ward,1.8,5.3,16.9,32.7,9.0,51.6,18.5,860.0,0.65,15,8,1.8,3.18,2.72,31.7,69.6,11.7,0,1
Uttarakhand,Chamoli,Karnaprayag Alaknanda Basin Ward,2.4,23.4,90.4,178.9,62.0,67.4,18.5,860.0,0.65,15,8,2.32,3.18,2.72,27.0,82.4,18.4,1,1
Uttarakhand,Chamoli,Karnaprayag Alaknanda Basin Ward,0.9,2.4,7.8,15.2,3.5,48.8,18.5,860.0,0.65,15,8,1.7,3.18,2.72,27.7,47.5,5.6,0,1
Uttarakhand,Chamoli,Karnaprayag Alaknanda Basin Ward,1.2,5.1,15.9,29.0,6.5,49.9,18.5,860.0,0.65,15,8,0.68,3.18,2.72,26.3,53.5,12.5,0,1
Uttarakhand,Chamoli,Karnaprayag Alaknanda Basin Ward,8.5,38.2,121.5,203.2,76.1,64.2,18.5,860.0,0.65,15,8,2.49,3.18,2.72,22.6,75.1,24.0,1,1
Uttarakhand,Chamoli,Karnaprayag Alaknanda Basin Ward,1.8,6.2,20.9,36.3,13.5,26.4,18.5,860.0,0.65,15,8,0.53,3.18,2.72,31.2,70.9,11.3,0,1
Uttarakhand,Chamoli,Karnaprayag Alaknanda Basin Ward,6.4,35.0,90.3,189.0,78.6,75.3,18.5,860.0,0.65,15,8,2.96,3.18,2.72,20.7,86.0,15.9,2,2
Uttarakhand,Chamoli,Karnaprayag Alaknanda Basin Ward,1.5,16.9,61.9,128.2,49.9,63.8,18.5,860.0,0.65,15,8,2.67,3.18,2.72,27.2,79.5,23.6,0,1
Uttarakhand,Chamoli,Karnaprayag Alaknanda Basin Ward,35.4,142.0,355.7,696.9,322.4,88.8,18.5,860.0,0.65,15,8,3.49,3.18,2.72,24.0,93.4,36.2,3,3
Uttarakhand,Chamoli,Karnaprayag Alaknanda Basin Ward,71.9,339.5,941.2,1291.7,1274.2,92.9,18.5,860.0,0.65,15,8,4.21,3.18,2.72,16.4,95.6,47.4,3,3
Uttarakhand,Chamoli,Karnaprayag Alaknanda Basin Ward,6.6,33.4,102.2,235.9,82.2,69.4,18.5,860.0,0.65,15,8,2.71,3.18,2.72,26.3,86.6,19.2,1,1
Uttarakhand,Chamoli,Karnaprayag Alaknanda Basin Ward,31.3,141.6,324.0,551.9,326.0,88.0,18.5,860.0,0.65,15,8,3.5,3.18,2.72,19.4,87.7,35.9,3,3
Uttarakhand,Chamoli,Karnaprayag Alaknanda Basin Ward,6.9,32.2,99.5,197.2,85.4,74.6,18.5,860.0,0.65,15,8,2.77,3.18,2.72,20.5,76.2,22.9,1,2
Uttarakhand,Chamoli,Karnaprayag Alaknanda Basin Ward,7.6,22.3,67.3,104.5,24.0,36.5,18.5,860.0,0.65,15,8,1.99,3.18,2.72,29.0,56.8,11.5,0,1
Uttarakhand,Chamoli,Karnaprayag Alaknanda Basin Ward,58.4,278.6,786.6,1363.8,1217.9,95.0,18.5,860.0,0.65,15,8,4.74,3.18,2.72,19.4,94.5,49.5,3,3
Uttarakhand,Chamoli,Karnaprayag Alaknanda Basin Ward,1.2,5.3,13.9,19.8,8.9,28.3,18.5,860.0,0.65,15,8,1.69,3.18,2.72,30.4,71.5,5.4,0,1
Uttarakhand,Chamoli,Karnaprayag Alaknanda Basin Ward,1.8,5.3,12.8,29.7,8.0,30.5,18.5,860.0,0.65,15,8,1.17,3.18,2.72,26.1,65.3,7.6,0,1
Uttarakhand,Rudraprayag,Kedarnath Valley - Lincholi Ward,26.2,129.9,405.0,777.7,554.2,91.8,39.0,3150.0,0.94,18,24,2.63,2.42,1.93,20.3,89.2,38.2,3,3
Uttarakhand,Rudraprayag,Kedarnath Valley - Lincholi Ward,85.3,382.7,833.3,1435.7,901.7,98.0,39.0,3150.0,0.94,18,24,3.83,2.42,1.93,18.3,97.3,45.9,3,3
Uttarakhand,Rudraprayag,Kedarnath Valley - Lincholi Ward,49.8,264.5,597.6,902.8,623.1,94.8,39.0,3150.0,0.94,18,24,3.16,2.42,1.93,24.0,94.6,36.1,3,3
Uttarakhand,Rudraprayag,Kedarnath Valley - Lincholi Ward,86.5,400.2,800.0,1381.2,888.8,96.7,39.0,3150.0,0.94,18,24,3.39,2.42,1.93,16.0,92.6,45.2,3,3
Uttarakhand,Rudraprayag,Kedarnath Valley - Lincholi Ward,28.7,154.0,352.3,573.9,370.6,89.1,39.0,3150.0,0.94,18,24,2.63,2.42,1.93,18.9,95.0,39.9,3,3
Uttarakhand,Rudraprayag,Kedarnath Valley - Lincholi Ward,3.5,9.2,21.3,36.6,9.9,46.9,39.0,3150.0,0.94,18,24,0.58,2.42,1.93,31.7,47.0,10.8,0,2
Uttarakhand,Rudraprayag,Kedarnath Valley - Lincholi Ward,10.2,54.2,158.2,331.3,103.2,62.3,39.0,3150.0,0.94,18,24,2.16,2.42,1.93,22.8,84.5,22.1,2,3
Uttarakhand,Rudraprayag,Kedarnath Valley - Lincholi Ward,33.4,138.5,406.5,670.8,438.5,87.7,39.0,3150.0,0.94,18,24,2.76,2.42,1.93,24.5,85.7,44.4,3,3
Uttarakhand,Rudraprayag,Kedarnath Valley - Lincholi Ward,14.2,50.2,128.3,289.4,140.3,70.7,39.0,3150.0,0.94,18,24,1.81,2.42,1.93,26.0,77.5,17.7,1,3
Uttarakhand,Rudraprayag,Kedarnath Valley - Lincholi Ward,36.6,151.2,412.8,803.7,426.0,91.6,39.0,3150.0,0.94,18,24,2.66,2.42,1.93,22.0,95.2,38.0,3,3
Uttarakhand,Rudraprayag,Kedarnath Valley - Lincholi Ward,33.2,137.5,430.1,693.0,514.6,82.3,39.0,3150.0,0.94,18,24,2.74,2.42,1.93,21.4,92.6,33.8,3,3
Uttarakhand,Rudraprayag,Kedarnath Valley - Lincholi Ward,0.3,1.9,7.5,22.9,2.5,46.0,39.0,3150.0,0.94,18,24,0.84,2.42,1.93,30.0,65.4,15.5,0,2
Uttarakhand,Rudraprayag,Kedarnath Valley - Lincholi Ward,0.5,3.6,7.1,15.7,3.2,43.7,39.0,3150.0,0.94,18,24,1.07,2.42,1.93,28.8,73.5,9.1,0,2
Uttarakhand,Rudraprayag,Kedarnath Valley - Lincholi Ward,29.3,143.4,407.5,657.0,448.0,83.4,39.0,3150.0,0.94,18,24,2.71,2.42,1.93,20.1,87.9,36.2,3,3
Uttarakhand,Rudraprayag,Kedarnath Valley - Lincholi Ward,57.1,305.8,672.7,1100.8,912.2,90.8,39.0,3150.0,0.94,18,24,3.65,2.42,1.93,22.8,94.2,48.9,3,3
Uttarakhand,Rudraprayag,Kedarnath Valley - Lincholi Ward,0.8,4.6,17.9,37.9,11.1,41.8,39.0,3150.0,0.94,18,24,0.61,2.42,1.93,24.0,49.2,13.7,0,2
Uttarakhand,Rudraprayag,Kedarnath Valley - Lincholi Ward,0.2,1.6,8.6,14.7,3.6,58.0,39.0,3150.0,0.94,18,24,1.18,2.42,1.93,27.3,68.1,14.1,0,2
Uttarakhand,Rudraprayag,Kedarnath Valley - Lincholi Ward,1.5,6.4,19.8,37.9,12.1,46.1,39.0,3150.0,0.94,18,24,0.67,2.42,1.93,31.7,58.0,15.0,0,2
Uttarakhand,Rudraprayag,Kedarnath Valley - Lincholi Ward,0.5,1.4,5.3,12.2,3.6,54.5,39.0,3150.0,0.94,18,24,1.3,2.42,1.93,24.5,64.1,11.1,0,2
Uttarakhand,Rudraprayag,Kedarnath Valley - Lincholi Ward,4.5,11.3,27.4,50.1,15.4,48.8,39.0,3150.0,0.94,18,24,1.07,2.42,1.93,30.4,61.9,14.1,0,2
Uttarakhand,Rudraprayag,Kedarnath Valley - Lincholi Ward,0.6,3.0,12.3,24.9,6.8,41.4,39.0,3150.0,0.94,18,24,1.09,2.42,1.93,24.9,73.7,10.3,0,2
Uttarakhand,Rudraprayag,Kedarnath Valley - Lincholi Ward,32.1,132.9,312.0,553.4,363.2,82.4,39.0,3150.0,0.94,18,24,2.82,2.42,1.93,23.9,94.5,49.4,3,3
Uttarakhand,Rudraprayag,Kedarnath Valley - Lincholi Ward,1.0,3.9,12.0,19.7,4.1,34.6,39.0,3150.0,0.94,18,24,0.86,2.42,1.93,28.2,52.4,14.5,0,2
Uttarakhand,Rudraprayag,Kedarnath Valley - Lincholi Ward,2.7,7.7,22.4,39.8,11.2,35.2,39.0,3150.0,0.94,18,24,0.52,2.42,1.93,31.5,60.2,15.6,0,2
Uttarakhand,Rudraprayag,Kedarnath Valley - Lincholi Ward,0.3,0.8,8.9,19.2,4.6,53.0,39.0,3150.0,0.94,18,24,0.91,2.42,1.93,30.8,66.8,13.4,0,2
Uttarakhand,Rudraprayag,Gaurikund Basin Village,2.0,19.1,65.0,152.8,71.1,72.9,34.0,1980.0,0.89,16,20,1.6,2.31,1.79,27.8,80.1,24.7,0,3
Uttarakhand,Rudraprayag,Gaurikund Basin Village,1.7,7.2,18.5,29.1,6.6,36.0,34.0,1980.0,0.89,16,20,0.9,2.31,1.79,26.6,63.2,10.7,0,2
Uttarakhand,Rudraprayag,Gaurikund Basin Village,1.8,5.1,20.1,32.5,12.7,42.6,34.0,1980.0,0.89,16,20,1.1,2.31,1.79,25.0,69.5,9.1,0,2
Uttarakhand,Rudraprayag,Gaurikund Basin Village,10.4,55.1,192.4,374.5,151.0,77.5,34.0,1980.0,0.89,16,20,2.05,2.31,1.79,26.2,82.5,23.5,2,3
Uttarakhand,Rudraprayag,Gaurikund Basin Village,9.0,39.1,139.1,249.1,72.2,77.2,34.0,1980.0,0.89,16,20,1.6,2.31,1.79,20.2,79.1,14.4,1,3
Uttarakhand,Rudraprayag,Gaurikund Basin Village,8.0,40.7,158.8,319.0,92.6,65.3,34.0,1980.0,0.89,16,20,1.74,2.31,1.79,25.3,81.8,17.0,1,3
Uttarakhand,Rudraprayag,Gaurikund Basin Village,0.7,3.1,12.9,27.9,7.4,45.1,34.0,1980.0,0.89,16,20,0.66,2.31,1.79,24.5,61.7,7.5,0,2
Uttarakhand,Rudraprayag,Gaurikund Basin Village,57.8,239.9,648.2,1043.0,1060.7,92.6,34.0,1980.0,0.89,16,20,2.9,2.31,1.79,21.4,94.7,74.2,3,3
Uttarakhand,Rudraprayag,Gaurikund Basin Village,38.9,194.4,483.0,798.1,460.7,84.7,34.0,1980.0,0.89,16,20,2.33,2.31,1.79,22.3,95.3,42.4,3,3
Uttarakhand,Rudraprayag,Gaurikund Basin Village,1.7,6.1,17.8,34.2,5.7,38.6,34.0,1980.0,0.89,16,20,1.1,2.31,1.79,23.0,68.1,5.1,0,2
Uttarakhand,Rudraprayag,Gaurikund Basin Village,7.9,42.8,166.2,310.3,179.2,67.1,34.0,1980.0,0.89,16,20,1.96,2.31,1.79,27.3,76.2,21.2,2,3
Uttarakhand,Rudraprayag,Gaurikund Basin Village,4.2,32.4,118.8,258.6,125.0,78.0,34.0,1980.0,0.89,16,20,1.79,2.31,1.79,24.0,87.2,27.4,2,3
Uttarakhand,Rudraprayag,Gaurikund Basin Village,88.5,310.9,686.3,1080.8,984.6,94.7,34.0,1980.0,0.89,16,20,3.75,2.31,1.79,22.8,95.3,42.7,3,3
Uttarakhand,Rudraprayag,Gaurikund Basin Village,5.5,12.3,26.8,52.6,14.1,50.0,34.0,1980.0,0.89,16,20,0.65,2.31,1.79,30.6,71.9,14.1,0,2
Uttarakhand,Rudraprayag,Gaurikund Basin Village,8.8,37.8,101.8,193.5,66.8,65.8,34.0,1980.0,0.89,16,20,2.03,2.31,1.79,27.6,78.9,23.6,1,3
Uttarakhand,Rudraprayag,Gaurikund Basin Village,0.5,3.4,7.3,14.7,3.7,54.5,34.0,1980.0,0.89,16,20,1.09,2.31,1.79,25.1,48.5,15.1,0,2
Uttarakhand,Rudraprayag,Gaurikund Basin Village,2.7,7.5,15.7,32.3,7.3,43.1,34.0,1980.0,0.89,16,20,0.9,2.31,1.79,27.4,64.9,7.4,0,2
Uttarakhand,Rudraprayag,Gaurikund Basin Village,3.1,11.0,24.3,40.9,12.8,27.0,34.0,1980.0,0.89,16,20,0.96,2.31,1.79,27.1,62.2,6.6,0,2
Uttarakhand,Rudraprayag,Gaurikund Basin Village,2.0,5.2,15.1,25.4,9.4,40.0,34.0,1980.0,0.89,16,20,0.93,2.31,1.79,26.6,46.7,10.1,0,2
Uttarakhand,Rudraprayag,Gaurikund Basin Village,33.1,160.4,479.4,714.7,401.9,91.9,34.0,1980.0,0.89,16,20,2.84,2.31,1.79,18.6,95.3,25.8,3,3
Uttarakhand,Rudraprayag,Gaurikund Basin Village,5.7,36.5,143.8,287.4,104.9,75.9,34.0,1980.0,0.89,16,20,2.13,2.31,1.79,23.0,83.9,22.6,2,3
Uttarakhand,Rudraprayag,Gaurikund Basin Village,4.0,25.4,82.0,184.0,52.0,62.1,34.0,1980.0,0.89,16,20,1.54,2.31,1.79,22.4,83.8,20.7,1,3
Uttarakhand,Rudraprayag,Gaurikund Basin Village,6.4,34.4,103.6,246.4,58.8,75.0,34.0,1980.0,0.89,16,20,1.8,2.31,1.79,26.1,86.5,12.3,2,3
Uttarakhand,Rudraprayag,Gaurikund Basin Village,1.9,3.8,14.7,26.9,6.8,32.7,34.0,1980.0,0.89,16,20,0.68,2.31,1.79,30.6,46.7,10.5,0,2
Uttarakhand,Rudraprayag,Gaurikund Basin Village,1.4,6.1,17.7,32.2,7.4,29.7,34.0,1980.0,0.89,16,20,1.06,2.31,1.79,24.2,54.0,5.7,0,2
Uttarakhand,Rudraprayag,Tilwara Riverbank Ward,75.2,321.0,950.4,1558.6,1192.7,94.0,14.0,920.0,0.58,17,6,5.21,4.11,3.45,19.0,97.3,53.9,3,0
Uttarakhand,Rudraprayag,Tilwara Riverbank Ward,22.5,135.2,437.3,873.5,385.0,81.4,14.0,920.0,0.58,17,6,4.16,4.11,3.45,23.2,95.1,46.2,3,0
Uttarakhand,Rudraprayag,Tilwara Riverbank Ward,4.3,12.1,30.4,57.4,11.4,50.1,14.0,920.0,0.58,17,6,2.01,4.11,3.45,27.6,59.4,14.6,0,0
Uttarakhand,Rudraprayag,Tilwara Riverbank Ward,2.4,7.1,27.1,46.8,13.3,33.0,14.0,920.0,0.58,17,6,1.76,4.11,3.45,24.0,72.5,11.1,0,0
Uttarakhand,Rudraprayag,Tilwara Riverbank Ward,24.5,124.8,325.4,569.8,451.9,84.6,14.0,920.0,0.58,17,6,4.94,4.11,3.45,25.3,89.1,35.3,3,0
Uttarakhand,Rudraprayag,Tilwara Riverbank Ward,3.7,19.9,79.7,174.7,47.1,67.3,14.0,920.0,0.58,17,6,3.3,4.11,3.45,26.7,81.5,22.5,0,0
Uttarakhand,Rudraprayag,Tilwara Riverbank Ward,3.2,25.5,108.4,212.9,105.9,64.7,14.0,920.0,0.58,17,6,3.63,4.11,3.45,23.9,86.9,20.7,1,0
Uttarakhand,Rudraprayag,Tilwara Riverbank Ward,8.8,31.1,127.7,274.1,95.4,75.5,14.0,920.0,0.58,17,6,3.16,4.11,3.45,25.7,75.1,20.1,1,0
Uttarakhand,Rudraprayag,Tilwara Riverbank Ward,1.1,4.8,15.5,24.0,8.1,25.4,14.0,920.0,0.58,17,6,1.61,4.11,3.45,24.7,74.3,5.2,0,0
Uttarakhand,Rudraprayag,Tilwara Riverbank Ward,31.9,180.8,394.1,613.2,439.8,89.4,14.0,920.0,0.58,17,6,4.23,4.11,3.45,21.2,89.1,35.2,3,0
Uttarakhand,Rudraprayag,Tilwara Riverbank Ward,10.0,50.1,173.3,357.1,165.6,63.5,14.0,920.0,0.58,17,6,3.3,4.11,3.45,24.4,75.7,12.2,1,0
Uttarakhand,Rudraprayag,Tilwara Riverbank Ward,2.1,6.3,20.8,36.9,10.6,26.4,14.0,920.0,0.58,17,6,0.94,4.11,3.45,30.7,71.6,10.2,0,0
Uttarakhand,Rudraprayag,Tilwara Riverbank Ward,1.3,5.2,18.5,33.6,7.9,56.7,14.0,920.0,0.58,17,6,1.73,4.11,3.45,29.5,66.4,9.4,0,0
Uttarakhand,Rudraprayag,Tilwara Riverbank Ward,0.6,1.9,8.1,17.5,4.9,29.6,14.0,920.0,0.58,17,6,2.56,4.11,3.45,29.2,60.0,15.7,0,0
Uttarakhand,Rudraprayag,Tilwara Riverbank Ward,0.2,3.0,12.6,26.4,7.7,26.0,14.0,920.0,0.58,17,6,1.07,4.11,3.45,31.9,59.7,8.9,0,0
Uttarakhand,Rudraprayag,Tilwara Riverbank Ward,64.9,321.5,672.5,1178.7,716.6,91.5,14.0,920.0,0.58,17,6,6.25,4.11,3.45,21.1,97.2,47.7,3,0
Uttarakhand,Rudraprayag,Tilwara Riverbank Ward,1.7,4.0,10.8,16.6,5.2,43.3,14.0,920.0,0.58,17,6,1.35,4.11,3.45,22.3,55.6,6.0,0,0
Uttarakhand,Rudraprayag,Tilwara Riverbank Ward,2.8,20.2,70.2,149.4,73.2,77.7,14.0,920.0,0.58,17,6,3.49,4.11,3.45,21.4,79.9,14.2,2,0
Uttarakhand,Rudraprayag,Tilwara Riverbank Ward,0.5,1.4,6.5,10.8,2.6,33.1,14.0,920.0,0.58,17,6,1.8,4.11,3.45,27.9,50.9,6.2,0,0
Uttarakhand,Rudraprayag,Tilwara Riverbank Ward,1.6,5.7,20.2,32.9,12.6,53.4,14.0,920.0,0.58,17,6,2.53,4.11,3.45,23.4,54.6,15.4,0,0
Uttarakhand,Rudraprayag,Tilwara Riverbank Ward,1.5,6.2,19.5,37.0,10.3,33.0,14.0,920.0,0.58,17,6,1.29,4.11,3.45,30.2,56.8,6.3,0,0
Uttarakhand,Rudraprayag,Tilwara Riverbank Ward,3.0,23.6,92.5,218.9,85.6,69.0,14.0,920.0,0.58,17,6,3.22,4.11,3.45,25.5,85.6,24.7,1,0
Uttarakhand,Rudraprayag,Tilwara Riverbank Ward,12.1,53.6,150.9,320.7,82.1,77.9,14.0,920.0,0.58,17,6,3.4,4.11,3.45,23.2,81.6,26.7,2,0
Uttarakhand,Rudraprayag,Tilwara Riverbank Ward,12.0,55.7,168.3,330.8,92.7,74.3,14.0,920.0,0.58,17,6,3.57,4.11,3.45,22.8,83.4,12.7,2,0
Uttarakhand,Rudraprayag,Tilwara Riverbank Ward,77.9,339.1,957.4,1273.6,1348.5,94.9,14.0,920.0,0.58,17,6,6.01,4.11,3.45,20.6,95.1,50.6,3,0
Uttarakhand,Rudraprayag,Ukhimath Hill Slope Settlement,9.0,35.4,98.6,222.8,105.0,64.3,31.5,1310.0,0.82,7,17,2.2,2.88,2.3,23.6,77.7,19.7,0,2
Uttarakhand,Rudraprayag,Ukhimath Hill Slope Settlement,9.0,43.4,124.4,262.5,125.6,72.4,31.5,1310.0,0.82,7,17,2.48,2.88,2.3,21.3,87.8,15.9,1,3
Uttarakhand,Rudraprayag,Ukhimath Hill Slope Settlement,2.2,6.1,18.7,29.9,10.4,39.3,31.5,1310.0,0.82,7,17,0.54,2.88,2.3,28.1,50.9,11.5,0,1
Uttarakhand,Rudraprayag,Ukhimath Hill Slope Settlement,3.0,8.6,28.4,38.8,18.4,31.2,31.5,1310.0,0.82,7,17,0.9,2.88,2.3,26.6,52.9,14.5,0,1
Uttarakhand,Rudraprayag,Ukhimath Hill Slope Settlement,9.7,47.5,156.6,298.1,136.3,75.0,31.5,1310.0,0.82,7,17,2.51,2.88,2.3,22.4,83.0,13.4,2,3
Uttarakhand,Rudraprayag,Ukhimath Hill Slope Settlement,0.6,2.1,9.7,19.3,3.4,37.7,31.5,1310.0,0.82,7,17,0.73,2.88,2.3,28.4,65.8,12.1,0,1
Uttarakhand,Rudraprayag,Ukhimath Hill Slope Settlement,71.4,298.0,682.7,962.6,687.9,91.3,31.5,1310.0,0.82,7,17,4.51,2.88,2.3,23.7,95.5,54.8,3,3
Uttarakhand,Rudraprayag,Ukhimath Hill Slope Settlement,5.7,34.2,105.1,193.1,71.0,66.4,31.5,1310.0,0.82,7,17,2.37,2.88,2.3,21.3,80.9,23.9,1,2
Uttarakhand,Rudraprayag,Ukhimath Hill Slope Settlement,28.7,113.7,374.8,665.3,309.2,88.1,31.5,1310.0,0.82,7,17,3.21,2.88,2.3,25.9,86.1,45.8,3,3
Uttarakhand,Rudraprayag,Ukhimath Hill Slope Settlement,22.4,137.0,376.1,691.1,475.9,81.3,31.5,1310.0,0.82,7,17,3.44,2.88,2.3,22.7,88.9,42.8,3,3
Uttarakhand,Rudraprayag,Ukhimath Hill Slope Settlement,21.3,67.9,171.8,280.4,114.9,70.6,31.5,1310.0,0.82,7,17,2.21,2.88,2.3,25.6,78.8,16.3,1,2
Uttarakhand,Rudraprayag,Ukhimath Hill Slope Settlement,39.6,184.0,588.7,1155.3,777.2,79.8,31.5,1310.0,0.82,7,17,3.48,2.88,2.3,20.0,92.8,45.7,3,3
Uttarakhand,Rudraprayag,Ukhimath Hill Slope Settlement,31.9,155.3,384.9,685.4,511.2,79.3,31.5,1310.0,0.82,7,17,3.18,2.88,2.3,20.2,95.3,34.2,3,3
Uttarakhand,Rudraprayag,Ukhimath Hill Slope Settlement,59.3,247.2,699.7,1121.1,900.2,90.6,31.5,1310.0,0.82,7,17,4.15,2.88,2.3,17.7,95.0,43.5,3,3
Uttarakhand,Rudraprayag,Ukhimath Hill Slope Settlement,0.1,1.3,7.6,15.2,4.4,26.6,31.5,1310.0,0.82,7,17,0.62,2.88,2.3,29.8,58.8,6.4,0,1
Uttarakhand,Rudraprayag,Ukhimath Hill Slope Settlement,26.0,121.8,319.9,536.0,286.4,91.1,31.5,1310.0,0.82,7,17,2.97,2.88,2.3,23.2,87.8,34.3,3,3
Uttarakhand,Rudraprayag,Ukhimath Hill Slope Settlement,50.8,232.5,624.7,1069.7,625.2,94.5,31.5,1310.0,0.82,7,17,3.63,2.88,2.3,17.8,96.8,35.4,3,3
Uttarakhand,Rudraprayag,Ukhimath Hill Slope Settlement,4.9,36.1,108.1,190.5,101.4,63.6,31.5,1310.0,0.82,7,17,2.2,2.88,2.3,27.0,76.8,24.4,0,2
Uttarakhand,Rudraprayag,Ukhimath Hill Slope Settlement,18.3,110.7,303.4,579.4,374.2,86.8,31.5,1310.0,0.82,7,17,2.87,2.88,2.3,21.3,92.6,46.5,2,3
Uttarakhand,Rudraprayag,Ukhimath Hill Slope Settlement,3.3,8.6,23.6,45.2,8.4,34.1,31.5,1310.0,0.82,7,17,0.6,2.88,2.3,27.5,63.0,11.7,0,1
Uttarakhand,Rudraprayag,Ukhimath Hill Slope Settlement,32.3,178.5,443.4,794.3,433.3,78.8,31.5,1310.0,0.82,7,17,3.51,2.88,2.3,25.6,90.4,27.8,3,3
Uttarakhand,Rudraprayag,Ukhimath Hill Slope Settlement,4.2,27.5,122.0,267.5,124.0,71.1,31.5,1310.0,0.82,7,17,2.24,2.88,2.3,25.5,84.9,27.3,0,2
Uttarakhand,Rudraprayag,Ukhimath Hill Slope Settlement,15.4,76.4,188.3,409.5,221.7,85.0,31.5,1310.0,0.82,7,17,3.09,2.88,2.3,23.6,85.9,38.4,2,3
Uttarakhand,Rudraprayag,Ukhimath Hill Slope Settlement,9.8,39.7,122.8,269.9,90.2,72.1,31.5,1310.0,0.82,7,17,2.61,2.88,2.3,25.4,75.9,23.2,1,3
Uttarakhand,Rudraprayag,Ukhimath Hill Slope Settlement,36.2,132.1,360.6,657.1,449.0,88.4,31.5,1310.0,0.82,7,17,2.84,2.88,2.3,23.7,92.7,29.1,3,3
Uttarakhand,Uttarkashi,Bhagirathi Riverside Ward 2,33.0,129.9,392.4,790.3,320.8,89.3,22.0,1158.0,0.72,13,12,4.25,4.12,3.56,18.5,92.8,39.4,3,3
Uttarakhand,Uttarkashi,Bhagirathi Riverside Ward 2,1.5,4.6,15.1,25.0,5.2,43.9,22.0,1158.0,0.72,13,12,2.07,4.12,3.56,24.3,60.3,5.5,0,1
Uttarakhand,Uttarkashi,Bhagirathi Riverside Ward 2,21.1,110.6,302.6,616.3,408.0,88.4,22.0,1158.0,0.72,13,12,4.43,4.12,3.56,20.6,89.6,43.0,3,2
Uttarakhand,Uttarkashi,Bhagirathi Riverside Ward 2,0.7,2.4,12.7,25.7,8.8,56.5,22.0,1158.0,0.72,13,12,0.65,4.12,3.56,26.7,53.5,14.3,0,1
Uttarakhand,Uttarkashi,Bhagirathi Riverside Ward 2,1.7,4.2,12.9,25.0,6.3,44.5,22.0,1158.0,0.72,13,12,1.57,4.12,3.56,29.7,50.9,14.9,0,1
Uttarakhand,Uttarkashi,Bhagirathi Riverside Ward 2,21.1,94.6,252.9,547.6,346.6,78.0,22.0,1158.0,0.72,13,12,4.73,4.12,3.56,24.8,93.0,27.6,3,2
Uttarakhand,Uttarkashi,Bhagirathi Riverside Ward 2,3.9,24.1,84.9,182.4,89.4,76.4,22.0,1158.0,0.72,13,12,3.49,4.12,3.56,25.6,79.8,27.6,1,2
Uttarakhand,Uttarkashi,Bhagirathi Riverside Ward 2,1.3,2.9,8.2,17.3,5.6,32.8,22.0,1158.0,0.72,13,12,1.07,4.12,3.56,25.2,69.0,12.7,0,1
Uttarakhand,Uttarkashi,Bhagirathi Riverside Ward 2,23.0,101.9,284.2,521.9,255.4,84.5,22.0,1158.0,0.72,13,12,4.42,4.12,3.56,22.3,95.6,30.2,3,2
Uttarakhand,Uttarkashi,Bhagirathi Riverside Ward 2,2.2,5.0,15.3,33.2,4.8,52.6,22.0,1158.0,0.72,13,12,1.21,4.12,3.56,22.9,52.4,8.9,0,1
Uttarakhand,Uttarkashi,Bhagirathi Riverside Ward 2,10.9,48.9,171.6,318.2,162.8,66.0,22.0,1158.0,0.72,13,12,3.44,4.12,3.56,26.4,76.8,12.2,1,1
Uttarakhand,Uttarkashi,Bhagirathi Riverside Ward 2,39.6,165.3,432.4,796.4,413.1,89.4,22.0,1158.0,0.72,13,12,3.94,4.12,3.56,18.5,94.9,36.1,3,3
Uttarakhand,Uttarkashi,Bhagirathi Riverside Ward 2,0.9,5.1,11.2,18.8,5.9,52.1,22.0,1158.0,0.72,13,12,1.36,4.12,3.56,22.3,65.5,6.9,0,1
Uttarakhand,Uttarkashi,Bhagirathi Riverside Ward 2,0.7,2.3,6.4,12.8,2.7,38.6,22.0,1158.0,0.72,13,12,1.69,4.12,3.56,22.6,53.4,6.5,0,1
Uttarakhand,Uttarkashi,Bhagirathi Riverside Ward 2,0.3,2.4,12.3,30.8,7.5,36.9,22.0,1158.0,0.72,13,12,1.68,4.12,3.56,26.8,72.4,10.5,0,1
Uttarakhand,Uttarkashi,Bhagirathi Riverside Ward 2,3.0,7.0,21.3,36.6,14.8,42.5,22.0,1158.0,0.72,13,12,2.16,4.12,3.56,32.0,74.2,6.1,0,1
Uttarakhand,Uttarkashi,Bhagirathi Riverside Ward 2,19.6,73.0,242.5,515.0,244.4,74.8,22.0,1158.0,0.72,13,12,3.34,4.12,3.56,26.7,86.0,14.8,1,2
Uttarakhand,Uttarkashi,Bhagirathi Riverside Ward 2,11.8,58.7,197.3,407.8,165.4,71.0,22.0,1158.0,0.72,13,12,3.19,4.12,3.56,27.9,86.5,19.9,1,1
Uttarakhand,Uttarkashi,Bhagirathi Riverside Ward 2,3.8,9.3,20.7,32.4,13.8,31.6,22.0,1158.0,0.72,13,12,0.78,4.12,3.56,29.2,72.6,14.3,0,1
Uttarakhand,Uttarkashi,Bhagirathi Riverside Ward 2,0.7,3.0,14.3,33.2,9.8,37.3,22.0,1158.0,0.72,13,12,2.54,4.12,3.56,26.0,48.0,8.3,0,1
Uttarakhand,Uttarkashi,Bhagirathi Riverside Ward 2,2.1,7.0,25.8,43.7,17.7,47.9,22.0,1158.0,0.72,13,12,2.52,4.12,3.56,29.9,51.7,11.5,0,1
Uttarakhand,Uttarkashi,Bhagirathi Riverside Ward 2,2.7,7.9,21.1,46.9,9.6,57.8,22.0,1158.0,0.72,13,12,2.59,4.12,3.56,22.3,63.1,15.1,0,1
Uttarakhand,Uttarkashi,Bhagirathi Riverside Ward 2,53.7,286.6,637.0,1003.6,722.6,98.4,22.0,1158.0,0.72,13,12,5.11,4.12,3.56,21.7,96.5,70.5,3,3
Uttarakhand,Uttarkashi,Bhagirathi Riverside Ward 2,0.3,11.4,43.9,89.3,32.1,73.7,22.0,1158.0,0.72,13,12,3.89,4.12,3.56,27.1,81.4,18.1,1,1
Uttarakhand,Uttarkashi,Bhagirathi Riverside Ward 2,3.3,21.5,93.3,198.2,50.8,75.5,22.0,1158.0,0.72,13,12,3.29,4.12,3.56,22.5,87.4,13.2,1,2
Uttarakhand,Uttarkashi,Bhatwari Landslide Sector Village,28.7,151.5,435.3,732.8,594.4,80.3,37.0,1420.0,0.91,9,22,2.48,2.04,1.53,19.3,86.1,30.1,3,3
Uttarakhand,Uttarkashi,Bhatwari Landslide Sector Village,4.8,14.8,39.6,59.4,12.7,43.9,37.0,1420.0,0.91,9,22,1.04,2.04,1.53,23.5,55.8,9.7,0,2
Uttarakhand,Uttarkashi,Bhatwari Landslide Sector Village,0.2,2.3,4.8,9.6,1.6,52.8,37.0,1420.0,0.91,9,22,0.7,2.04,1.53,26.0,59.7,12.3,0,2
Uttarakhand,Uttarkashi,Bhatwari Landslide Sector Village,4.2,10.9,32.2,51.7,15.6,32.5,37.0,1420.0,0.91,9,22,0.67,2.04,1.53,22.6,67.6,12.3,0,2
Uttarakhand,Uttarkashi,Bhatwari Landslide Sector Village,0.2,2.1,10.5,25.0,6.6,38.8,37.0,1420.0,0.91,9,22,0.85,2.04,1.53,30.7,59.2,14.7,0,2
Uttarakhand,Uttarkashi,Bhatwari Landslide Sector Village,3.4,25.9,99.0,237.1,89.7,71.9,37.0,1420.0,0.91,9,22,1.38,2.04,1.53,26.1,77.2,27.7,0,3
Uttarakhand,Uttarkashi,Bhatwari Landslide Sector Village,84.8,309.2,890.2,1573.5,1484.2,92.4,37.0,1420.0,0.91,9,22,3.28,2.04,1.53,23.3,92.5,50.5,3,3
Uttarakhand,Uttarkashi,Bhatwari Landslide Sector Village,2.1,5.4,19.2,38.7,9.8,38.8,37.0,1420.0,0.91,9,22,0.77,2.04,1.53,23.5,62.6,13.3,0,2
Uttarakhand,Uttarkashi,Bhatwari Landslide Sector Village,91.0,369.4,813.6,1221.1,1062.9,94.6,37.0,1420.0,0.91,9,22,3.01,2.04,1.53,16.3,93.9,40.8,3,3
Uttarakhand,Uttarkashi,Bhatwari Landslide Sector Village,7.0,33.2,123.5,234.1,130.0,76.4,37.0,1420.0,0.91,9,22,1.31,2.04,1.53,26.5,78.9,16.5,1,3
Uttarakhand,Uttarkashi,Bhatwari Landslide Sector Village,5.2,27.4,101.1,236.7,100.6,66.3,37.0,1420.0,0.91,9,22,1.57,2.04,1.53,25.2,77.4,15.4,1,3
Uttarakhand,Uttarkashi,Bhatwari Landslide Sector Village,33.5,183.7,549.7,837.0,606.9,79.9,37.0,1420.0,0.91,9,22,2.46,2.04,1.53,25.0,85.3,29.8,3,3
Uttarakhand,Uttarkashi,Bhatwari Landslide Sector Village,35.9,152.2,490.4,814.1,540.9,86.9,37.0,1420.0,0.91,9,22,2.01,2.04,1.53,18.2,89.1,39.9,3,3
Uttarakhand,Uttarkashi,Bhatwari Landslide Sector Village,4.6,14.8,33.1,65.3,19.1,34.4,37.0,1420.0,0.91,9,22,0.75,2.04,1.53,23.6,62.2,15.6,0,2
Uttarakhand,Uttarkashi,Bhatwari Landslide Sector Village,31.2,155.0,388.4,762.5,312.8,90.8,37.0,1420.0,0.91,9,22,2.33,2.04,1.53,22.8,85.1,31.3,3,3
Uttarakhand,Uttarkashi,Bhatwari Landslide Sector Village,22.6,141.5,376.6,630.4,406.7,87.5,37.0,1420.0,0.91,9,22,2.44,2.04,1.53,21.2,86.1,37.8,3,3
Uttarakhand,Uttarkashi,Bhatwari Landslide Sector Village,2.8,22.3,89.1,168.4,48.0,77.8,37.0,1420.0,0.91,9,22,1.71,2.04,1.53,26.9,78.4,23.4,2,3
Uttarakhand,Uttarkashi,Bhatwari Landslide Sector Village,22.5,112.9,386.0,752.7,461.8,87.5,37.0,1420.0,0.91,9,22,2.38,2.04,1.53,23.2,96.0,31.5,3,3
Uttarakhand,Uttarkashi,Bhatwari Landslide Sector Village,6.1,27.2,104.0,200.6,65.9,70.6,37.0,1420.0,0.91,9,22,1.8,2.04,1.53,27.3,83.7,20.1,1,3
Uttarakhand,Uttarkashi,Bhatwari Landslide Sector Village,36.0,184.0,399.9,680.1,503.0,80.6,37.0,1420.0,0.91,9,22,2.35,2.04,1.53,20.7,86.0,33.9,3,3
Uttarakhand,Uttarkashi,Bhatwari Landslide Sector Village,22.7,127.3,320.5,641.3,423.0,86.2,37.0,1420.0,0.91,9,22,2.52,2.04,1.53,18.6,94.8,37.5,3,3
Uttarakhand,Uttarkashi,Bhatwari Landslide Sector Village,24.5,107.4,336.2,555.3,383.8,90.7,37.0,1420.0,0.91,9,22,2.22,2.04,1.53,20.5,92.9,44.5,3,3
Uttarakhand,Uttarkashi,Bhatwari Landslide Sector Village,9.4,42.2,131.6,249.9,79.1,74.2,37.0,1420.0,0.91,9,22,1.61,2.04,1.53,26.1,76.1,21.8,1,3
Uttarakhand,Uttarkashi,Bhatwari Landslide Sector Village,7.9,42.2,119.6,216.1,60.8,67.2,37.0,1420.0,0.91,9,22,1.83,2.04,1.53,21.5,83.8,22.0,1,3
Uttarakhand,Uttarkashi,Bhatwari Landslide Sector Village,0.7,2.9,8.7,15.5,5.5,34.8,37.0,1420.0,0.91,9,22,0.69,2.04,1.53,29.3,62.9,8.7,0,2
Uttarakhand,Uttarkashi,Harsil Valley Settlement,0.8,3.4,14.3,29.2,5.6,49.0,28.0,2620.0,0.76,8,14,0.66,3.04,2.34,29.3,62.7,6.9,0,1
Uttarakhand,Uttarkashi,Harsil Valley Settlement,2.8,7.3,21.6,34.3,15.1,46.8,28.0,2620.0,0.76,8,14,1.32,3.04,2.34,22.2,65.7,9.6,0,1
Uttarakhand,Uttarkashi,Harsil Valley Settlement,2.9,8.5,22.2,38.9,12.5,46.9,28.0,2620.0,0.76,8,14,0.84,3.04,2.34,28.1,49.1,14.1,0,1
Uttarakhand,Uttarkashi,Harsil Valley Settlement,1.8,5.1,10.6,16.8,4.3,42.3,28.0,2620.0,0.76,8,14,0.75,3.04,2.34,29.0,53.9,5.4,0,1
Uttarakhand,Uttarkashi,Harsil Valley Settlement,3.8,28.0,82.2,195.9,82.3,72.7,28.0,2620.0,0.76,8,14,2.12,3.04,2.34,20.7,81.7,23.6,0,2
Uttarakhand,Uttarkashi,Harsil Valley Settlement,0.8,2.4,9.1,14.9,3.4,26.3,28.0,2620.0,0.76,8,14,0.86,3.04,2.34,30.0,54.4,13.1,0,1
Uttarakhand,Uttarkashi,Harsil Valley Settlement,1.4,3.9,15.6,25.2,7.4,45.5,28.0,2620.0,0.76,8,14,1.6,3.04,2.34,22.9,69.4,7.0,0,1
Uttarakhand,Uttarkashi,Harsil Valley Settlement,7.2,39.1,128.3,282.4,125.5,63.8,28.0,2620.0,0.76,8,14,2.61,3.04,2.34,20.5,87.3,14.6,1,2
Uttarakhand,Uttarkashi,Harsil Valley Settlement,9.2,47.2,151.4,280.4,78.3,73.0,28.0,2620.0,0.76,8,14,2.74,3.04,2.34,27.8,76.7,26.7,1,2
Uttarakhand,Uttarkashi,Harsil Valley Settlement,1.2,2.9,8.5,20.8,5.2,44.0,28.0,2620.0,0.76,8,14,1.21,3.04,2.34,31.8,65.1,8.7,0,1
Uttarakhand,Uttarkashi,Harsil Valley Settlement,10.6,46.6,150.2,283.3,109.8,75.4,28.0,2620.0,0.76,8,14,2.49,3.04,2.34,27.9,75.7,22.3,2,2
Uttarakhand,Uttarkashi,Harsil Valley Settlement,2.7,10.2,27.8,45.4,19.1,26.7,28.0,2620.0,0.76,8,14,0.78,3.04,2.34,28.4,57.1,7.6,0,1
Uttarakhand,Uttarkashi,Harsil Valley Settlement,13.5,62.5,213.2,351.1,190.2,63.6,28.0,2620.0,0.76,8,14,2.36,3.04,2.34,24.5,75.0,13.5,1,2
Uttarakhand,Uttarkashi,Harsil Valley Settlement,6.8,34.4,108.9,245.1,78.2,62.9,28.0,2620.0,0.76,8,14,2.19,3.04,2.34,23.6,82.3,21.9,0,2
Uttarakhand,Uttarkashi,Harsil Valley Settlement,8.1,43.4,122.9,221.9,122.6,77.4,28.0,2620.0,0.76,8,14,2.25,3.04,2.34,24.2,84.1,12.7,1,2
Uttarakhand,Uttarkashi,Harsil Valley Settlement,1.2,4.5,12.2,21.5,8.2,38.0,28.0,2620.0,0.76,8,14,1.07,3.04,2.34,29.8,66.5,6.2,0,1
Uttarakhand,Uttarkashi,Harsil Valley Settlement,3.9,31.5,115.7,234.7,124.2,64.2,28.0,2620.0,0.76,8,14,2.44,3.04,2.34,24.2,75.6,27.0,1,2
Uttarakhand,Uttarkashi,Harsil Valley Settlement,27.1,147.3,362.3,671.0,374.1,86.4,28.0,2620.0,0.76,8,14,3.69,3.04,2.34,22.0,89.2,49.5,3,3
Uttarakhand,Uttarkashi,Harsil Valley Settlement,82.4,348.0,982.5,1364.4,1532.7,97.1,28.0,2620.0,0.76,8,14,4.06,3.04,2.34,21.6,98.0,63.5,3,3
Uttarakhand,Uttarkashi,Harsil Valley Settlement,75.5,302.7,677.7,1174.0,1030.2,99.1,28.0,2620.0,0.76,8,14,4.34,3.04,2.34,21.6,94.3,39.6,3,3
Uttarakhand,Uttarkashi,Harsil Valley Settlement,6.2,16.4,43.8,81.7,18.1,53.0,28.0,2620.0,0.76,8,14,1.51,3.04,2.34,27.2,45.8,6.6,0,1
Uttarakhand,Uttarkashi,Harsil Valley Settlement,12.6,50.8,132.1,250.8,120.8,66.7,28.0,2620.0,0.76,8,14,2.67,3.04,2.34,20.3,85.6,13.6,1,2
Uttarakhand,Uttarkashi,Harsil Valley Settlement,33.5,186.6,496.3,947.7,482.7,87.3,28.0,2620.0,0.76,8,14,3.73,3.04,2.34,21.1,95.5,49.4,3,3
Uttarakhand,Uttarkashi,Harsil Valley Settlement,2.7,6.7,18.7,40.3,11.8,55.1,28.0,2620.0,0.76,8,14,1.38,3.04,2.34,28.5,67.7,11.0,0,1
Uttarakhand,Uttarkashi,Harsil Valley Settlement,6.6,41.8,116.9,241.2,70.6,70.2,28.0,2620.0,0.76,8,14,2.33,3.04,2.34,23.4,82.2,14.1,0,2
Uttarakhand,Haridwar,Bhagirathi Nagar Lowland Ward,0.5,1.8,6.1,17.4,3.3,46.8,3.5,285.0,0.22,14,1,1.36,3.49,3.01,27.7,55.7,13.6,0,0
Uttarakhand,Haridwar,Bhagirathi Nagar Lowland Ward,3.1,6.9,16.9,30.9,5.7,32.3,3.5,285.0,0.22,14,1,0.87,3.49,3.01,25.3,55.8,7.4,0,0
Uttarakhand,Haridwar,Bhagirathi Nagar Lowland Ward,28.3,172.8,526.0,946.5,706.3,86.6,3.5,285.0,0.22,14,1,3.97,3.49,3.01,25.7,92.5,33.0,3,0
Uttarakhand,Haridwar,Bhagirathi Nagar Lowland Ward,92.1,370.6,841.1,1415.9,1381.3,94.2,3.5,285.0,0.22,14,1,4.26,3.49,3.01,23.2,93.3,55.6,3,0
Uttarakhand,Haridwar,Bhagirathi Nagar Lowland Ward,50.9,287.2,556.0,978.2,940.7,94.0,3.5,285.0,0.22,14,1,4.35,3.49,3.01,20.3,96.9,74.0,3,0
Uttarakhand,Haridwar,Bhagirathi Nagar Lowland Ward,31.2,180.9,419.1,679.6,348.9,89.1,3.5,285.0,0.22,14,1,3.9,3.49,3.01,22.6,87.5,31.5,3,0
Uttarakhand,Haridwar,Bhagirathi Nagar Lowland Ward,1.2,4.4,13.4,27.4,7.3,49.9,3.5,285.0,0.22,14,1,1.53,3.49,3.01,29.0,47.2,15.2,0,0
Uttarakhand,Haridwar,Bhagirathi Nagar Lowland Ward,2.0,6.4,18.2,31.6,10.3,40.6,3.5,285.0,0.22,14,1,1.44,3.49,3.01,23.4,56.7,13.8,0,0
Uttarakhand,Haridwar,Bhagirathi Nagar Lowland Ward,4.6,27.6,110.9,251.4,80.3,77.2,3.5,285.0,0.22,14,1,2.98,3.49,3.01,24.4,76.6,12.1,1,0
Uttarakhand,Haridwar,Bhagirathi Nagar Lowland Ward,7.7,42.9,131.5,289.0,98.3,72.3,3.5,285.0,0.22,14,1,2.95,3.49,3.01,21.3,77.9,25.4,1,0
Uttarakhand,Haridwar,Bhagirathi Nagar Lowland Ward,0.8,4.0,17.4,40.7,8.4,43.1,3.5,285.0,0.22,14,1,1.01,3.49,3.01,22.7,47.9,13.0,0,0
Uttarakhand,Haridwar,Bhagirathi Nagar Lowland Ward,4.9,24.0,83.9,196.1,57.9,69.2,3.5,285.0,0.22,14,1,3.03,3.49,3.01,22.4,82.6,21.0,1,0
Uttarakhand,Haridwar,Bhagirathi Nagar Lowland Ward,1.7,5.0,11.0,22.9,5.2,52.7,3.5,285.0,0.22,14,1,0.74,3.49,3.01,29.3,71.3,10.1,0,0
Uttarakhand,Haridwar,Bhagirathi Nagar Lowland Ward,0.2,2.1,9.0,24.1,3.2,42.8,3.5,285.0,0.22,14,1,0.96,3.49,3.01,30.9,47.3,5.8,0,0
Uttarakhand,Haridwar,Bhagirathi Nagar Lowland Ward,0.3,0.8,5.1,17.2,2.7,42.9,3.5,285.0,0.22,14,1,2.26,3.49,3.01,26.7,68.3,9.0,0,0
Uttarakhand,Haridwar,Bhagirathi Nagar Lowland Ward,0.7,4.1,12.3,23.1,6.2,46.9,3.5,285.0,0.22,14,1,1.99,3.49,3.01,30.1,63.4,6.8,0,0
Uttarakhand,Haridwar,Bhagirathi Nagar Lowland Ward,5.8,28.2,116.7,274.5,92.2,67.7,3.5,285.0,0.22,14,1,2.72,3.49,3.01,23.9,75.8,17.9,1,0
Uttarakhand,Haridwar,Bhagirathi Nagar Lowland Ward,2.8,8.5,22.1,34.2,15.3,35.7,3.5,285.0,0.22,14,1,1.74,3.49,3.01,27.2,69.9,14.2,0,0
Uttarakhand,Haridwar,Bhagirathi Nagar Lowland Ward,1.2,3.5,11.5,27.1,5.8,37.4,3.5,285.0,0.22,14,1,2.09,3.49,3.01,27.2,55.6,14.5,0,0
Uttarakhand,Haridwar,Bhagirathi Nagar Lowland Ward,6.6,35.3,109.6,191.3,97.1,65.4,3.5,285.0,0.22,14,1,2.7,3.49,3.01,22.9,84.3,13.9,1,0
Uttarakhand,Haridwar,Bhagirathi Nagar Lowland Ward,1.1,5.2,15.7,23.7,9.9,25.7,3.5,285.0,0.22,14,1,0.58,3.49,3.01,27.7,49.8,11.9,0,0
Uttarakhand,Haridwar,Bhagirathi Nagar Lowland Ward,1.9,4.9,11.5,26.5,6.0,25.6,3.5,285.0,0.22,14,1,1.76,3.49,3.01,28.6,53.5,5.9,0,0
Uttarakhand,Haridwar,Bhagirathi Nagar Lowland Ward,3.8,31.8,101.7,223.9,100.9,64.9,3.5,285.0,0.22,14,1,3.06,3.49,3.01,22.1,84.4,17.5,1,0
Uttarakhand,Haridwar,Bhagirathi Nagar Lowland Ward,6.2,31.3,94.2,189.8,75.6,68.7,3.5,285.0,0.22,14,1,2.67,3.49,3.01,20.8,81.2,21.8,1,0
Uttarakhand,Haridwar,Bhagirathi Nagar Lowland Ward,2.0,7.0,17.3,29.7,10.9,54.6,3.5,285.0,0.22,14,1,1.86,3.49,3.01,28.5,60.7,9.1,0,0
Uttarakhand,Haridwar,Laksar Rural Inundation Zone,1.7,7.1,20.2,41.4,11.7,28.2,2.1,262.0,0.18,16,0,0.63,2.57,2.01,26.8,52.0,14.4,0,0
Uttarakhand,Haridwar,Laksar Rural Inundation Zone,1.4,5.2,16.0,32.9,5.6,25.2,2.1,262.0,0.18,16,0,1.16,2.57,2.01,28.9,54.5,9.0,0,0
Uttarakhand,Haridwar,Laksar Rural Inundation Zone,1.4,4.4,15.1,25.1,8.6,49.9,2.1,262.0,0.18,16,0,0.92,2.57,2.01,29.8,59.5,9.1,0,0
Uttarakhand,Haridwar,Laksar Rural Inundation Zone,8.9,36.7,117.7,263.1,105.4,74.0,2.1,262.0,0.18,16,0,2.04,2.57,2.01,25.6,77.1,15.4,1,0
Uttarakhand,Haridwar,Laksar Rural Inundation Zone,19.9,73.4,237.3,404.2,119.4,63.5,2.1,262.0,0.18,16,0,1.82,2.57,2.01,27.4,80.7,13.0,1,0
Uttarakhand,Haridwar,Laksar Rural Inundation Zone,0.6,1.3,10.7,22.4,6.3,44.7,2.1,262.0,0.18,16,0,1.45,2.57,2.01,30.2,64.2,9.8,0,0
Uttarakhand,Haridwar,Laksar Rural Inundation Zone,6.6,19.5,40.9,70.6,16.1,30.6,2.1,262.0,0.18,16,0,0.54,2.57,2.01,24.4,45.0,6.7,0,0
Uttarakhand,Haridwar,Laksar Rural Inundation Zone,83.3,332.1,832.8,1350.3,892.9,92.7,2.1,262.0,0.18,16,0,4.04,2.57,2.01,23.3,94.4,73.5,3,0
Uttarakhand,Haridwar,Laksar Rural Inundation Zone,0.6,2.1,10.3,18.8,3.5,27.4,2.1,262.0,0.18,16,0,0.8,2.57,2.01,31.5,69.1,15.5,0,0
Uttarakhand,Haridwar,Laksar Rural Inundation Zone,35.3,175.7,556.3,1042.8,765.9,84.4,2.1,262.0,0.18,16,0,2.8,2.57,2.01,22.7,85.3,27.9,3,0
Uttarakhand,Haridwar,Laksar Rural Inundation Zone,0.1,3.2,9.8,23.8,5.0,25.3,2.1,262.0,0.18,16,0,1.34,2.57,2.01,24.5,47.8,12.4,0,0
Uttarakhand,Haridwar,Laksar Rural Inundation Zone,16.9,111.0,324.3,582.0,392.4,90.7,2.1,262.0,0.18,16,0,2.83,2.57,2.01,19.6,93.1,46.8,3,0
Uttarakhand,Haridwar,Laksar Rural Inundation Zone,0.8,2.4,7.1,18.8,4.0,46.9,2.1,262.0,0.18,16,0,1.12,2.57,2.01,29.6,61.2,5.5,0,0
Uttarakhand,Haridwar,Laksar Rural Inundation Zone,8.2,41.1,163.7,351.8,178.5,76.7,2.1,262.0,0.18,16,0,1.91,2.57,2.01,21.8,82.5,12.9,2,0
Uttarakhand,Haridwar,Laksar Rural Inundation Zone,27.0,138.0,378.6,643.9,461.5,84.4,2.1,262.0,0.18,16,0,2.97,2.57,2.01,18.1,87.3,39.5,3,0
Uttarakhand,Haridwar,Laksar Rural Inundation Zone,5.5,14.7,36.4,62.0,16.2,41.5,2.1,262.0,0.18,16,0,0.71,2.57,2.01,29.0,56.2,14.4,0,0
Uttarakhand,Haridwar,Laksar Rural Inundation Zone,0.5,1.4,5.2,9.7,2.1,39.3,2.1,262.0,0.18,16,0,0.88,2.57,2.01,23.5,73.8,6.6,0,0
Uttarakhand,Haridwar,Laksar Rural Inundation Zone,19.4,120.7,388.0,751.3,380.2,85.9,2.1,262.0,0.18,16,0,2.88,2.57,2.01,21.2,92.6,26.5,3,0
Uttarakhand,Haridwar,Laksar Rural Inundation Zone,26.9,140.4,360.9,686.2,344.5,78.3,2.1,262.0,0.18,16,0,2.53,2.57,2.01,24.9,95.6,30.0,3,0
Uttarakhand,Haridwar,Laksar Rural Inundation Zone,8.9,40.7,141.6,292.6,133.4,76.2,2.1,262.0,0.18,16,0,1.99,2.57,2.01,22.3,83.2,14.3,2,0
Uttarakhand,Haridwar,Laksar Rural Inundation Zone,0.3,1.8,8.9,16.1,3.2,32.5,2.1,262.0,0.18,16,0,0.82,2.57,2.01,24.9,53.0,12.1,0,0
Uttarakhand,Haridwar,Laksar Rural Inundation Zone,5.4,15.2,37.6,71.2,14.0,25.8,2.1,262.0,0.18,16,0,1.23,2.57,2.01,28.6,73.2,12.7,0,0
Uttarakhand,Haridwar,Laksar Rural Inundation Zone,3.6,7.5,21.0,33.3,9.6,50.2,2.1,262.0,0.18,16,0,0.58,2.57,2.01,24.6,49.7,12.2,0,0
Uttarakhand,Haridwar,Laksar Rural Inundation Zone,22.7,105.2,306.2,588.2,366.9,90.0,2.1,262.0,0.18,16,0,2.69,2.57,2.01,21.8,95.7,38.5,3,0
Uttarakhand,Haridwar,Laksar Rural Inundation Zone,0.9,5.0,13.9,28.5,7.7,43.6,2.1,262.0,0.18,16,0,1.03,2.57,2.01,28.4,54.3,8.8,0,0
Uttarakhand,Haridwar,Chandi Ghat Bank Settlement,13.9,53.0,140.3,311.3,99.1,69.5,8.0,292.0,0.35,11,3,2.37,3.42,2.78,27.4,87.3,19.6,1,0
Uttarakhand,Haridwar,Chandi Ghat Bank Settlement,1.3,3.9,8.0,16.0,4.2,38.0,8.0,292.0,0.35,11,3,0.76,3.42,2.78,29.4,56.7,9.2,0,0
Uttarakhand,Haridwar,Chandi Ghat Bank Settlement,3.7,9.3,31.1,59.8,12.9,49.5,8.0,292.0,0.35,11,3,1.78,3.42,2.78,26.1,70.6,7.0,0,0
Uttarakhand,Haridwar,Chandi Ghat Bank Settlement,1.4,5.4,16.2,22.8,5.2,42.7,8.0,292.0,0.35,11,3,0.79,3.42,2.78,23.0,53.1,12.9,0,0
Uttarakhand,Haridwar,Chandi Ghat Bank Settlement,20.8,100.9,275.1,587.5,296.6,89.1,8.0,292.0,0.35,11,3,3.59,3.42,2.78,24.7,95.5,26.4,3,0
Uttarakhand,Haridwar,Chandi Ghat Bank Settlement,16.8,90.3,320.3,616.4,403.9,81.5,8.0,292.0,0.35,11,3,4.04,3.42,2.78,21.5,93.1,25.8,3,0
Uttarakhand,Haridwar,Chandi Ghat Bank Settlement,6.9,38.4,146.5,297.8,101.6,72.1,8.0,292.0,0.35,11,3,2.4,3.42,2.78,27.5,81.8,16.1,1,0
Uttarakhand,Haridwar,Chandi Ghat Bank Settlement,5.0,30.9,113.2,207.0,78.6,64.7,8.0,292.0,0.35,11,3,2.61,3.42,2.78,21.0,85.3,12.1,1,0
Uttarakhand,Haridwar,Chandi Ghat Bank Settlement,2.4,8.0,22.1,31.3,7.4,45.4,8.0,292.0,0.35,11,3,1.98,3.42,2.78,32.0,63.8,5.7,0,0
Uttarakhand,Haridwar,Chandi Ghat Bank Settlement,7.2,41.5,108.9,261.3,103.9,74.9,8.0,292.0,0.35,11,3,2.75,3.42,2.78,21.5,84.0,17.7,1,0
Uttarakhand,Haridwar,Chandi Ghat Bank Settlement,2.2,7.8,19.8,34.5,7.4,36.5,8.0,292.0,0.35,11,3,1.66,3.42,2.78,24.8,69.9,15.1,0,0
Uttarakhand,Haridwar,Chandi Ghat Bank Settlement,2.2,15.3,56.3,116.2,49.7,68.1,8.0,292.0,0.35,11,3,2.53,3.42,2.78,20.1,86.1,24.4,0,0
Uttarakhand,Haridwar,Chandi Ghat Bank Settlement,3.8,12.1,31.4,54.0,16.3,45.2,8.0,292.0,0.35,11,3,1.01,3.42,2.78,28.4,48.3,10.8,0,0
Uttarakhand,Haridwar,Chandi Ghat Bank Settlement,4.5,13.0,36.4,57.1,19.2,52.6,8.0,292.0,0.35,11,3,1.54,3.42,2.78,27.3,66.0,7.8,0,0
Uttarakhand,Haridwar,Chandi Ghat Bank Settlement,1.6,4.3,13.4,29.6,4.4,51.4,8.0,292.0,0.35,11,3,0.6,3.42,2.78,27.6,73.1,9.6,0,0
Uttarakhand,Haridwar,Chandi Ghat Bank Settlement,6.1,18.6,38.7,54.7,26.2,56.7,8.0,292.0,0.35,11,3,0.65,3.42,2.78,29.3,60.9,7.1,0,0
Uttarakhand,Haridwar,Chandi Ghat Bank Settlement,16.7,62.2,167.7,304.2,148.1,67.7,8.0,292.0,0.35,11,3,2.77,3.42,2.78,25.3,86.5,14.7,1,0
Uttarakhand,Haridwar,Chandi Ghat Bank Settlement,2.4,6.5,20.7,35.0,8.8,57.7,8.0,292.0,0.35,11,3,1.01,3.42,2.78,25.7,67.9,9.7,0,0
Uttarakhand,Haridwar,Chandi Ghat Bank Settlement,30.2,143.8,455.6,767.9,486.8,83.6,8.0,292.0,0.35,11,3,3.99,3.42,2.78,25.9,91.6,37.9,3,0
Uttarakhand,Haridwar,Chandi Ghat Bank Settlement,58.0,242.2,665.6,1172.7,812.5,95.3,8.0,292.0,0.35,11,3,4.96,3.42,2.78,23.4,93.1,36.5,3,0
Uttarakhand,Haridwar,Chandi Ghat Bank Settlement,4.0,9.0,23.3,40.7,10.7,55.3,8.0,292.0,0.35,11,3,1.66,3.42,2.78,29.2,68.8,6.9,0,0
Uttarakhand,Haridwar,Chandi Ghat Bank Settlement,32.2,169.4,464.3,867.8,393.3,78.8,8.0,292.0,0.35,11,3,4.04,3.42,2.78,20.8,94.0,35.4,3,0
Uttarakhand,Haridwar,Chandi Ghat Bank Settlement,36.7,158.2,425.6,801.7,418.3,78.6,8.0,292.0,0.35,11,3,3.8,3.42,2.78,19.2,90.5,30.5,3,0
Uttarakhand,Haridwar,Chandi Ghat Bank Settlement,3.3,10.0,27.2,44.4,11.3,38.0,8.0,292.0,0.35,11,3,0.71,3.42,2.78,22.8,62.1,5.5,0,0
Uttarakhand,Haridwar,Chandi Ghat Bank Settlement,0.1,1.7,5.4,13.0,2.7,46.5,8.0,292.0,0.35,11,3,0.81,3.42,2.78,28.2,67.1,7.7,0,0
Uttarakhand,Dehradun,Rispana Riverbed Settlement Ward 12,1.1,3.5,12.0,20.9,6.5,25.8,7.5,640.0,0.44,12,4,0.8,2.62,1.99,31.9,63.5,15.9,0,0
Uttarakhand,Dehradun,Rispana Riverbed Settlement Ward 12,10.0,35.6,125.1,247.1,126.6,63.8,7.5,640.0,0.44,12,4,1.73,2.62,1.99,27.6,87.0,25.9,1,0
Uttarakhand,Dehradun,Rispana Riverbed Settlement Ward 12,15.3,88.7,245.6,437.2,226.5,85.3,7.5,640.0,0.44,12,4,2.69,2.62,1.99,21.9,93.0,28.5,3,0
Uttarakhand,Dehradun,Rispana Riverbed Settlement Ward 12,15.8,53.8,166.3,281.9,161.9,71.9,7.5,640.0,0.44,12,4,1.73,2.62,1.99,25.2,75.1,18.2,1,0
Uttarakhand,Dehradun,Rispana Riverbed Settlement Ward 12,0.3,2.8,7.6,19.7,3.0,37.6,7.5,640.0,0.44,12,4,1.47,2.62,1.99,23.0,54.5,14.5,0,0
Uttarakhand,Dehradun,Rispana Riverbed Settlement Ward 12,1.9,18.3,80.2,144.5,65.6,67.3,7.5,640.0,0.44,12,4,2.01,2.62,1.99,21.3,79.5,17.6,1,0
Uttarakhand,Dehradun,Rispana Riverbed Settlement Ward 12,6.4,36.1,125.2,269.3,129.5,75.0,7.5,640.0,0.44,12,4,1.71,2.62,1.99,24.4,78.6,14.4,1,0
Uttarakhand,Dehradun,Rispana Riverbed Settlement Ward 12,31.4,127.2,423.7,757.0,400.1,80.1,7.5,640.0,0.44,12,4,3.25,2.62,1.99,25.3,88.6,38.6,3,0
Uttarakhand,Dehradun,Rispana Riverbed Settlement Ward 12,0.1,1.8,11.6,23.9,5.9,29.5,7.5,640.0,0.44,12,4,1.49,2.62,1.99,31.8,49.4,15.3,0,0
Uttarakhand,Dehradun,Rispana Riverbed Settlement Ward 12,58.8,303.6,630.3,1136.3,1016.3,98.4,7.5,640.0,0.44,12,4,3.63,2.62,1.99,19.3,95.1,72.4,3,0
Uttarakhand,Dehradun,Rispana Riverbed Settlement Ward 12,38.3,169.5,376.5,729.7,361.5,85.9,7.5,640.0,0.44,12,4,2.67,2.62,1.99,19.9,92.6,34.0,3,0
Uttarakhand,Dehradun,Rispana Riverbed Settlement Ward 12,6.3,33.3,120.0,241.2,95.4,64.2,7.5,640.0,0.44,12,4,1.85,2.62,1.99,20.3,84.9,12.2,1,0
Uttarakhand,Dehradun,Rispana Riverbed Settlement Ward 12,1.9,6.6,24.5,41.9,17.0,53.6,7.5,640.0,0.44,12,4,0.99,2.62,1.99,25.2,58.7,7.7,0,0
Uttarakhand,Dehradun,Rispana Riverbed Settlement Ward 12,3.5,24.3,80.9,186.5,69.3,70.4,7.5,640.0,0.44,12,4,2.39,2.62,1.99,26.3,81.8,19.2,1,0
Uttarakhand,Dehradun,Rispana Riverbed Settlement Ward 12,16.1,110.3,320.3,596.7,377.4,78.7,7.5,640.0,0.44,12,4,2.72,2.62,1.99,21.2,88.4,45.7,3,0
Uttarakhand,Dehradun,Rispana Riverbed Settlement Ward 12,6.4,34.2,96.0,188.3,74.0,73.6,7.5,640.0,0.44,12,4,1.78,2.62,1.99,26.2,87.2,23.1,1,0
Uttarakhand,Dehradun,Rispana Riverbed Settlement Ward 12,3.0,8.2,20.9,36.6,10.1,33.3,7.5,640.0,0.44,12,4,1.19,2.62,1.99,31.1,68.9,12.9,0,0
Uttarakhand,Dehradun,Rispana Riverbed Settlement Ward 12,0.8,2.9,10.5,23.6,5.3,56.3,7.5,640.0,0.44,12,4,0.88,2.62,1.99,25.8,68.0,15.0,0,0
Uttarakhand,Dehradun,Rispana Riverbed Settlement Ward 12,3.9,23.1,88.9,197.9,61.0,74.3,7.5,640.0,0.44,12,4,2.05,2.62,1.99,25.0,76.5,14.1,1,0
Uttarakhand,Dehradun,Rispana Riverbed Settlement Ward 12,1.3,4.1,16.1,25.4,10.5,32.8,7.5,640.0,0.44,12,4,1.08,2.62,1.99,26.8,57.3,5.9,0,0
Uttarakhand,Dehradun,Rispana Riverbed Settlement Ward 12,3.3,22.9,89.0,194.9,52.4,72.5,7.5,640.0,0.44,12,4,1.72,2.62,1.99,26.8,83.7,25.4,1,0
Uttarakhand,Dehradun,Rispana Riverbed Settlement Ward 12,5.8,17.0,39.1,70.1,22.5,44.6,7.5,640.0,0.44,12,4,1.28,2.62,1.99,23.8,58.7,11.4,0,0
Uttarakhand,Dehradun,Rispana Riverbed Settlement Ward 12,46.9,216.7,515.4,850.6,636.1,91.3,7.5,640.0,0.44,12,4,3.96,2.62,1.99,18.2,95.7,56.0,3,0
Uttarakhand,Dehradun,Rispana Riverbed Settlement Ward 12,6.8,32.3,120.5,277.2,110.0,76.9,7.5,640.0,0.44,12,4,2.48,2.62,1.99,22.3,82.9,17.1,2,0
Uttarakhand,Dehradun,Rispana Riverbed Settlement Ward 12,4.2,28.3,87.3,190.2,69.4,64.9,7.5,640.0,0.44,12,4,2.18,2.62,1.99,25.7,87.7,12.0,1,0
Uttarakhand,Dehradun,Sahastradhara Debris Basin,1.7,7.2,23.5,40.1,13.0,25.4,29.0,840.0,0.78,10,15,0.59,1.83,1.24,24.8,68.7,8.4,0,1
Uttarakhand,Dehradun,Sahastradhara Debris Basin,6.2,26.6,96.9,218.2,50.1,64.8,29.0,840.0,0.78,10,15,1.28,1.83,1.24,22.7,83.7,26.7,1,2
Uttarakhand,Dehradun,Sahastradhara Debris Basin,31.1,153.2,481.6,813.8,504.9,88.4,29.0,840.0,0.78,10,15,2.2,1.83,1.24,20.4,93.0,32.9,3,3
Uttarakhand,Dehradun,Sahastradhara Debris Basin,5.8,31.2,125.1,250.9,83.6,62.5,29.0,840.0,0.78,10,15,1.73,1.83,1.24,25.0,86.0,21.1,1,2
Uttarakhand,Dehradun,Sahastradhara Debris Basin,0.8,4.6,17.4,25.7,8.1,41.4,29.0,840.0,0.78,10,15,0.6,1.83,1.24,26.5,73.5,7.4,0,1
Uttarakhand,Dehradun,Sahastradhara Debris Basin,0.8,3.9,17.4,26.7,8.6,41.5,29.0,840.0,0.78,10,15,0.58,1.83,1.24,31.2,67.0,10.8,0,1
Uttarakhand,Dehradun,Sahastradhara Debris Basin,18.6,125.2,418.3,675.0,449.9,88.0,29.0,840.0,0.78,10,15,2.03,1.83,1.24,18.0,95.3,42.2,3,3
Uttarakhand,Dehradun,Sahastradhara Debris Basin,2.2,18.5,63.4,146.6,53.7,67.0,29.0,840.0,0.78,10,15,1.66,1.83,1.24,22.6,77.5,16.4,1,1
Uttarakhand,Dehradun,Sahastradhara Debris Basin,4.0,9.7,21.1,33.8,10.7,31.8,29.0,840.0,0.78,10,15,0.65,1.83,1.24,25.2,49.2,12.7,0,1
Uttarakhand,Dehradun,Sahastradhara Debris Basin,2.3,5.0,14.8,23.8,7.2,47.3,29.0,840.0,0.78,10,15,0.55,1.83,1.24,22.5,57.8,7.0,0,1
Uttarakhand,Dehradun,Sahastradhara Debris Basin,8.0,43.5,150.8,284.8,139.9,72.7,29.0,840.0,0.78,10,15,1.42,1.83,1.24,27.8,84.8,19.5,2,2
Uttarakhand,Dehradun,Sahastradhara Debris Basin,1.2,6.1,17.5,35.8,8.5,32.6,29.0,840.0,0.78,10,15,0.6,1.83,1.24,30.6,63.5,15.0,0,1
Uttarakhand,Dehradun,Sahastradhara Debris Basin,0.5,3.3,15.6,24.1,7.6,36.6,29.0,840.0,0.78,10,15,0.7,1.83,1.24,23.7,68.0,11.6,0,1
Uttarakhand,Dehradun,Sahastradhara Debris Basin,0.6,3.6,12.0,27.4,6.2,38.2,29.0,840.0,0.78,10,15,0.68,1.83,1.24,28.2,61.4,15.7,0,1
Uttarakhand,Dehradun,Sahastradhara Debris Basin,0.2,2.9,13.2,27.9,6.8,32.8,29.0,840.0,0.78,10,15,0.78,1.83,1.24,22.8,72.9,11.3,0,1
Uttarakhand,Dehradun,Sahastradhara Debris Basin,4.4,27.5,104.8,206.7,56.8,63.7,29.0,840.0,0.78,10,15,1.61,1.83,1.24,26.2,79.9,19.9,1,2
Uttarakhand,Dehradun,Sahastradhara Debris Basin,3.2,24.6,108.5,218.3,63.8,64.4,29.0,840.0,0.78,10,15,1.42,1.83,1.24,23.1,82.5,15.1,1,2
Uttarakhand,Dehradun,Sahastradhara Debris Basin,16.2,61.9,212.7,454.0,231.7,67.5,29.0,840.0,0.78,10,15,1.12,1.83,1.24,20.1,87.8,18.5,1,2
Uttarakhand,Dehradun,Sahastradhara Debris Basin,2.9,7.4,17.8,37.6,7.9,53.4,29.0,840.0,0.78,10,15,0.87,1.83,1.24,24.4,66.1,9.3,0,1
Uttarakhand,Dehradun,Sahastradhara Debris Basin,1.5,4.5,15.9,26.3,7.2,55.5,29.0,840.0,0.78,10,15,0.86,1.83,1.24,23.5,74.9,12.4,0,1
Uttarakhand,Dehradun,Sahastradhara Debris Basin,0.6,1.2,6.9,20.4,2.3,46.2,29.0,840.0,0.78,10,15,0.68,1.83,1.24,26.6,68.7,11.6,0,1
Uttarakhand,Dehradun,Sahastradhara Debris Basin,3.3,22.2,83.1,163.7,71.7,71.2,29.0,840.0,0.78,10,15,1.63,1.83,1.24,21.9,81.5,18.6,1,1
Uttarakhand,Dehradun,Sahastradhara Debris Basin,5.9,35.8,125.1,220.7,114.4,64.3,29.0,840.0,0.78,10,15,1.55,1.83,1.24,27.9,87.8,24.5,1,2
Uttarakhand,Dehradun,Sahastradhara Debris Basin,11.2,46.2,121.8,273.7,66.6,72.1,29.0,840.0,0.78,10,15,1.6,1.83,1.24,22.5,75.7,17.5,1,2
Uttarakhand,Dehradun,Sahastradhara Debris Basin,26.7,134.8,405.5,829.8,394.8,78.5,29.0,840.0,0.78,10,15,2.25,1.83,1.24,24.0,93.0,39.1,3,3
Uttarakhand,Dehradun,Rishikesh Chandrabhaga Confluence,0.3,3.5,14.1,21.2,7.1,53.1,9.0,350.0,0.4,9,3,0.79,2.6,2.06,23.3,53.4,14.4,0,0
Uttarakhand,Dehradun,Rishikesh Chandrabhaga Confluence,2.3,5.0,13.2,28.2,5.3,48.1,9.0,350.0,0.4,9,3,1.01,2.6,2.06,30.0,70.9,8.8,0,0
Uttarakhand,Dehradun,Rishikesh Chandrabhaga Confluence,0.7,4.2,12.2,29.6,4.8,39.5,9.0,350.0,0.4,9,3,1.17,2.6,2.06,24.1,67.0,8.8,0,0
Uttarakhand,Dehradun,Rishikesh Chandrabhaga Confluence,4.9,27.0,82.4,173.9,78.4,70.5,9.0,350.0,0.4,9,3,2.02,2.6,2.06,25.6,81.2,14.3,0,0
Uttarakhand,Dehradun,Rishikesh Chandrabhaga Confluence,15.3,103.2,344.1,627.3,464.8,86.9,9.0,350.0,0.4,9,3,3.22,2.6,2.06,21.5,95.1,46.5,3,0
Uttarakhand,Dehradun,Rishikesh Chandrabhaga Confluence,1.5,3.5,11.7,27.2,6.9,44.4,9.0,350.0,0.4,9,3,0.7,2.6,2.06,25.4,65.7,7.0,0,0
Uttarakhand,Dehradun,Rishikesh Chandrabhaga Confluence,3.8,29.7,76.8,148.5,48.5,66.5,9.0,350.0,0.4,9,3,1.89,2.6,2.06,20.2,76.2,27.0,0,0
Uttarakhand,Dehradun,Rishikesh Chandrabhaga Confluence,5.7,38.9,136.7,247.6,79.0,72.5,9.0,350.0,0.4,9,3,2.4,2.6,2.06,24.5,87.6,26.3,1,0
Uttarakhand,Dehradun,Rishikesh Chandrabhaga Confluence,3.6,23.0,99.6,226.5,75.3,76.5,9.0,350.0,0.4,9,3,2.3,2.6,2.06,22.6,77.1,13.2,2,0
Uttarakhand,Dehradun,Rishikesh Chandrabhaga Confluence,24.6,109.3,358.1,633.9,486.0,86.5,9.0,350.0,0.4,9,3,2.61,2.6,2.06,21.9,86.6,44.2,3,0
Uttarakhand,Dehradun,Rishikesh Chandrabhaga Confluence,0.8,4.8,12.9,23.0,5.2,39.7,9.0,350.0,0.4,9,3,1.44,2.6,2.06,23.5,64.2,15.3,0,0
Uttarakhand,Dehradun,Rishikesh Chandrabhaga Confluence,10.3,44.9,165.0,330.5,131.1,69.0,9.0,350.0,0.4,9,3,2.36,2.6,2.06,26.2,85.2,20.6,1,0
Uttarakhand,Dehradun,Rishikesh Chandrabhaga Confluence,1.5,6.9,20.3,39.5,11.6,38.2,9.0,350.0,0.4,9,3,1.16,2.6,2.06,31.6,47.7,10.9,0,0
Uttarakhand,Dehradun,Rishikesh Chandrabhaga Confluence,46.3,246.0,639.4,908.1,737.1,96.6,9.0,350.0,0.4,9,3,4.17,2.6,2.06,21.0,94.5,38.4,3,0
Uttarakhand,Dehradun,Rishikesh Chandrabhaga Confluence,10.2,46.1,132.3,269.5,71.2,70.6,9.0,350.0,0.4,9,3,1.97,2.6,2.06,24.3,85.8,19.2,0,0
Uttarakhand,Dehradun,Rishikesh Chandrabhaga Confluence,44.0,213.1,447.4,834.7,611.5,96.4,9.0,350.0,0.4,9,3,4.14,2.6,2.06,17.2,96.1,72.0,3,0
Uttarakhand,Dehradun,Rishikesh Chandrabhaga Confluence,0.7,3.3,14.8,26.6,5.2,30.7,9.0,350.0,0.4,9,3,0.55,2.6,2.06,25.1,68.8,10.0,0,0
Uttarakhand,Dehradun,Rishikesh Chandrabhaga Confluence,2.3,8.2,19.6,35.5,12.2,39.1,9.0,350.0,0.4,9,3,1.35,2.6,2.06,31.8,65.4,8.6,0,0
Uttarakhand,Dehradun,Rishikesh Chandrabhaga Confluence,72.5,298.0,833.0,1324.1,913.5,91.3,9.0,350.0,0.4,9,3,3.61,2.6,2.06,21.6,95.9,52.5,3,0
Uttarakhand,Dehradun,Rishikesh Chandrabhaga Confluence,44.2,219.5,616.6,882.7,619.7,91.7,9.0,350.0,0.4,9,3,3.22,2.6,2.06,21.2,98.2,51.6,3,0
Uttarakhand,Dehradun,Rishikesh Chandrabhaga Confluence,34.3,166.6,475.0,831.6,554.0,78.5,9.0,350.0,0.4,9,3,2.61,2.6,2.06,22.0,95.5,40.7,3,0
Uttarakhand,Dehradun,Rishikesh Chandrabhaga Confluence,23.7,97.4,255.6,426.2,321.2,85.6,9.0,350.0,0.4,9,3,2.64,2.6,2.06,24.2,92.3,31.9,3,0
Uttarakhand,Dehradun,Rishikesh Chandrabhaga Confluence,0.2,2.6,11.0,22.0,3.5,46.3,9.0,350.0,0.4,9,3,0.8,2.6,2.06,26.3,55.0,13.9,0,0
Uttarakhand,Dehradun,Rishikesh Chandrabhaga Confluence,16.1,113.5,304.6,536.8,407.3,88.1,9.0,350.0,0.4,9,3,2.93,2.6,2.06,20.6,87.2,41.9,3,0
Uttarakhand,Dehradun,Rishikesh Chandrabhaga Confluence,1.5,5.1,15.6,30.8,6.1,40.5,9.0,350.0,0.4,9,3,1.01,2.6,2.06,30.9,49.3,15.2,0,0
Uttarakhand,Pauri Garhwal,Srinagar Alaknanda Riverbed Ward 5,2.4,8.3,24.7,40.6,8.0,29.5,12.0,560.0,0.62,15,9,1.83,3.27,2.75,26.6,50.1,8.8,0,0
Uttarakhand,Pauri Garhwal,Srinagar Alaknanda Riverbed Ward 5,30.1,165.6,452.0,918.2,385.1,90.0,12.0,560.0,0.62,15,9,3.59,3.27,2.75,26.0,91.5,45.9,3,0
Uttarakhand,Pauri Garhwal,Srinagar Alaknanda Riverbed Ward 5,0.2,2.7,8.1,21.8,4.3,29.9,12.0,560.0,0.62,15,9,1.4,3.27,2.75,22.1,74.4,5.4,0,0
Uttarakhand,Pauri Garhwal,Srinagar Alaknanda Riverbed Ward 5,4.3,24.0,87.9,210.7,67.8,65.8,12.0,560.0,0.62,15,9,2.77,3.27,2.75,20.1,84.5,27.2,1,0
Uttarakhand,Pauri Garhwal,Srinagar Alaknanda Riverbed Ward 5,1.5,5.2,13.7,26.9,8.8,49.7,12.0,560.0,0.62,15,9,0.54,3.27,2.75,26.5,68.2,14.6,0,0
Uttarakhand,Pauri Garhwal,Srinagar Alaknanda Riverbed Ward 5,11.7,54.8,167.8,348.3,173.9,67.3,12.0,560.0,0.62,15,9,2.36,3.27,2.75,23.4,78.5,27.1,1,0
Uttarakhand,Pauri Garhwal,Srinagar Alaknanda Riverbed Ward 5,4.6,32.9,101.6,213.5,108.4,72.8,12.0,560.0,0.62,15,9,3.02,3.27,2.75,20.9,79.8,21.9,1,0
Uttarakhand,Pauri Garhwal,Srinagar Alaknanda Riverbed Ward 5,2.2,6.1,17.1,33.8,6.8,28.7,12.0,560.0,0.62,15,9,1.25,3.27,2.75,31.4,62.4,15.6,0,0
Uttarakhand,Pauri Garhwal,Srinagar Alaknanda Riverbed Ward 5,4.2,12.0,28.0,48.7,9.1,36.4,12.0,560.0,0.62,15,9,1.26,3.27,2.75,27.3,48.7,12.8,0,0
Uttarakhand,Pauri Garhwal,Srinagar Alaknanda Riverbed Ward 5,9.3,41.6,145.2,330.9,154.6,63.1,12.0,560.0,0.62,15,9,3.02,3.27,2.75,23.7,76.0,26.4,2,0
Uttarakhand,Pauri Garhwal,Srinagar Alaknanda Riverbed Ward 5,1.2,3.9,13.7,30.0,7.0,45.7,12.0,560.0,0.62,15,9,0.96,3.27,2.75,31.7,61.2,6.5,0,0
Uttarakhand,Pauri Garhwal,Srinagar Alaknanda Riverbed Ward 5,1.9,6.4,13.9,26.5,9.4,46.3,12.0,560.0,0.62,15,9,1.14,3.27,2.75,25.4,64.4,8.6,0,0
Uttarakhand,Pauri Garhwal,Srinagar Alaknanda Riverbed Ward 5,4.5,32.4,103.2,197.4,62.2,66.2,12.0,560.0,0.62,15,9,2.71,3.27,2.75,27.8,85.0,12.8,1,0
Uttarakhand,Pauri Garhwal,Srinagar Alaknanda Riverbed Ward 5,1.5,4.0,16.6,33.7,10.6,47.9,12.0,560.0,0.62,15,9,1.54,3.27,2.75,23.5,52.1,5.5,0,0
Uttarakhand,Pauri Garhwal,Srinagar Alaknanda Riverbed Ward 5,1.2,3.1,10.7,17.3,4.7,37.3,12.0,560.0,0.62,15,9,1.34,3.27,2.75,23.6,54.0,15.1,0,0
Uttarakhand,Pauri Garhwal,Srinagar Alaknanda Riverbed Ward 5,8.1,35.8,112.7,201.5,122.3,67.3,12.0,560.0,0.62,15,9,2.88,3.27,2.75,23.8,78.8,27.1,1,0
Uttarakhand,Pauri Garhwal,Srinagar Alaknanda Riverbed Ward 5,72.4,285.2,810.0,1353.8,1393.3,91.3,12.0,560.0,0.62,15,9,4.73,3.27,2.75,18.5,94.8,68.6,3,0
Uttarakhand,Pauri Garhwal,Srinagar Alaknanda Riverbed Ward 5,5.1,22.0,87.6,182.7,58.4,62.4,12.0,560.0,0.62,15,9,2.75,3.27,2.75,23.6,83.7,13.4,1,0
Uttarakhand,Pauri Garhwal,Srinagar Alaknanda Riverbed Ward 5,8.4,34.6,128.2,283.4,75.5,75.7,12.0,560.0,0.62,15,9,2.62,3.27,2.75,23.0,78.7,17.6,1,0
Uttarakhand,Pauri Garhwal,Srinagar Alaknanda Riverbed Ward 5,88.3,328.7,816.8,1365.8,1343.3,99.2,12.0,560.0,0.62,15,9,4.55,3.27,2.75,23.2,93.0,58.5,3,0
Uttarakhand,Pauri Garhwal,Srinagar Alaknanda Riverbed Ward 5,0.9,3.3,16.7,31.9,10.1,27.9,12.0,560.0,0.62,15,9,1.14,3.27,2.75,31.1,57.4,11.1,0,0
Uttarakhand,Pauri Garhwal,Srinagar Alaknanda Riverbed Ward 5,33.9,132.5,359.0,583.9,467.0,82.3,12.0,560.0,0.62,15,9,3.66,3.27,2.75,21.7,85.3,25.1,3,0
Uttarakhand,Pauri Garhwal,Srinagar Alaknanda Riverbed Ward 5,2.9,11.0,30.2,56.9,15.0,47.7,12.0,560.0,0.62,15,9,0.88,3.27,2.75,23.2,53.3,15.9,0,0
Uttarakhand,Pauri Garhwal,Srinagar Alaknanda Riverbed Ward 5,1.0,4.4,17.4,32.8,10.1,28.9,12.0,560.0,0.62,15,9,1.3,3.27,2.75,27.8,70.4,6.8,0,0
Uttarakhand,Pauri Garhwal,Srinagar Alaknanda Riverbed Ward 5,0.1,2.9,6.9,14.1,4.6,36.7,12.0,560.0,0.62,15,9,0.95,3.27,2.75,27.3,73.1,10.7,0,0
Uttarakhand,Pauri Garhwal,Kotdwar Khoh River Lowland,0.5,3.0,14.6,27.0,8.4,47.7,16.0,410.0,0.68,13,11,0.69,3.8,3.35,27.8,69.7,5.1,0,0
Uttarakhand,Pauri Garhwal,Kotdwar Khoh River Lowland,6.7,33.3,113.4,194.6,71.7,65.0,16.0,410.0,0.68,13,11,3.53,3.8,3.35,24.9,85.8,20.4,1,0
Uttarakhand,Pauri Garhwal,Kotdwar Khoh River Lowland,16.1,69.1,171.9,294.0,181.2,69.7,16.0,410.0,0.68,13,11,3.09,3.8,3.35,22.9,85.6,26.2,1,0
Uttarakhand,Pauri Garhwal,Kotdwar Khoh River Lowland,10.7,50.4,159.3,331.4,161.5,64.3,16.0,410.0,0.68,13,11,3.02,3.8,3.35,21.0,76.7,13.3,1,0
Uttarakhand,Pauri Garhwal,Kotdwar Khoh River Lowland,1.1,12.8,67.6,124.1,66.0,70.2,16.0,410.0,0.68,13,11,2.89,3.8,3.35,21.0,78.3,13.1,0,0
Uttarakhand,Pauri Garhwal,Kotdwar Khoh River Lowland,2.3,24.2,94.2,212.4,67.0,63.5,16.0,410.0,0.68,13,11,3.49,3.8,3.35,27.5,87.3,17.6,1,0
Uttarakhand,Pauri Garhwal,Kotdwar Khoh River Lowland,3.5,10.6,26.2,41.1,8.0,32.2,16.0,410.0,0.68,13,11,0.89,3.8,3.35,24.8,72.0,10.9,0,0
Uttarakhand,Pauri Garhwal,Kotdwar Khoh River Lowland,47.2,218.4,604.2,1002.7,1067.1,91.7,16.0,410.0,0.68,13,11,5.17,3.8,3.35,19.0,93.5,44.1,3,0
Uttarakhand,Pauri Garhwal,Kotdwar Khoh River Lowland,2.4,7.5,15.4,32.9,8.1,26.3,16.0,410.0,0.68,13,11,1.16,3.8,3.35,23.2,53.5,11.6,0,0
Uttarakhand,Pauri Garhwal,Kotdwar Khoh River Lowland,6.9,21.8,53.6,94.5,17.6,52.8,16.0,410.0,0.68,13,11,1.46,3.8,3.35,28.8,50.4,16.0,0,0
Uttarakhand,Pauri Garhwal,Kotdwar Khoh River Lowland,5.0,25.7,88.4,166.4,75.5,63.6,16.0,410.0,0.68,13,11,3.55,3.8,3.35,27.8,75.8,27.6,1,0
Uttarakhand,Pauri Garhwal,Kotdwar Khoh River Lowland,0.6,4.5,15.4,28.4,9.0,44.2,16.0,410.0,0.68,13,11,1.05,3.8,3.35,29.9,64.3,9.4,0,0
Uttarakhand,Pauri Garhwal,Kotdwar Khoh River Lowland,7.0,35.9,113.3,238.5,73.7,70.0,16.0,410.0,0.68,13,11,3.33,3.8,3.35,21.1,76.3,12.8,1,0
Uttarakhand,Pauri Garhwal,Kotdwar Khoh River Lowland,0.9,5.3,17.0,29.6,5.8,27.5,16.0,410.0,0.68,13,11,2.01,3.8,3.35,29.7,68.8,7.2,0,0
Uttarakhand,Pauri Garhwal,Kotdwar Khoh River Lowland,11.9,49.1,150.6,309.0,78.2,68.9,16.0,410.0,0.68,13,11,3.55,3.8,3.35,23.1,79.1,18.0,2,0
Uttarakhand,Pauri Garhwal,Kotdwar Khoh River Lowland,4.8,25.8,99.3,218.4,57.7,73.5,16.0,410.0,0.68,13,11,3.22,3.8,3.35,20.9,83.8,22.6,1,0
Uttarakhand,Pauri Garhwal,Kotdwar Khoh River Lowland,5.6,31.6,120.7,234.7,130.7,71.9,16.0,410.0,0.68,13,11,3.12,3.8,3.35,27.8,79.2,12.5,1,0
Uttarakhand,Pauri Garhwal,Kotdwar Khoh River Lowland,0.5,2.4,6.3,14.4,2.1,36.4,16.0,410.0,0.68,13,11,1.22,3.8,3.35,25.5,64.8,7.7,0,0
Uttarakhand,Pauri Garhwal,Kotdwar Khoh River Lowland,10.3,52.0,129.2,232.5,89.9,69.4,16.0,410.0,0.68,13,11,3.51,3.8,3.35,24.5,86.7,16.3,1,0
Uttarakhand,Pauri Garhwal,Kotdwar Khoh River Lowland,3.6,30.0,96.4,213.3,54.0,72.8,16.0,410.0,0.68,13,11,3.1,3.8,3.35,24.0,84.9,17.4,1,0
Uttarakhand,Pauri Garhwal,Kotdwar Khoh River Lowland,8.5,38.2,131.1,291.5,107.7,66.6,16.0,410.0,0.68,13,11,2.88,3.8,3.35,28.0,80.2,15.6,1,0
Uttarakhand,Pauri Garhwal,Kotdwar Khoh River Lowland,17.3,100.6,263.0,535.8,243.5,89.1,16.0,410.0,0.68,13,11,4.35,3.8,3.35,20.4,93.8,35.8,3,0
Uttarakhand,Pauri Garhwal,Kotdwar Khoh River Lowland,17.6,61.3,192.6,387.4,98.4,73.3,16.0,410.0,0.68,13,11,3.51,3.8,3.35,24.6,77.8,27.4,2,0
Uttarakhand,Pauri Garhwal,Kotdwar Khoh River Lowland,26.7,155.6,455.3,784.6,535.5,85.3,16.0,410.0,0.68,13,11,4.03,3.8,3.35,19.2,86.7,42.1,3,0
Uttarakhand,Pauri Garhwal,Kotdwar Khoh River Lowland,0.1,1.2,3.7,9.3,2.3,46.3,16.0,410.0,0.68,13,11,1.02,3.8,3.35,28.0,57.2,6.2,0,0
Uttarakhand,Pauri Garhwal,Satpuli Nayyar Catchment Village,26.6,135.7,378.7,590.7,361.7,89.2,24.5,680.0,0.74,8,14,3.25,2.83,2.36,19.4,94.4,49.1,3,3
Uttarakhand,Pauri Garhwal,Satpuli Nayyar Catchment Village,14.8,54.0,140.5,317.3,104.6,67.8,24.5,680.0,0.74,8,14,2.45,2.83,2.36,20.7,87.3,23.6,1,1
Uttarakhand,Pauri Garhwal,Satpuli Nayyar Catchment Village,1.8,5.7,19.8,43.4,13.3,33.3,24.5,680.0,0.74,8,14,1.62,2.83,2.36,24.4,48.7,13.9,0,1
Uttarakhand,Pauri Garhwal,Satpuli Nayyar Catchment Village,0.4,2.2,7.5,12.8,2.8,57.0,24.5,680.0,0.74,8,14,1.06,2.83,2.36,24.5,62.7,10.4,0,1
Uttarakhand,Pauri Garhwal,Satpuli Nayyar Catchment Village,1.5,5.4,17.5,40.0,11.8,37.0,24.5,680.0,0.74,8,14,1.41,2.83,2.36,30.2,45.6,15.6,0,1
Uttarakhand,Pauri Garhwal,Satpuli Nayyar Catchment Village,10.1,52.6,193.4,393.3,160.8,66.9,24.5,680.0,0.74,8,14,2.66,2.83,2.36,22.9,85.6,14.0,1,1
Uttarakhand,Pauri Garhwal,Satpuli Nayyar Catchment Village,36.4,173.7,469.9,736.3,607.9,81.3,24.5,680.0,0.74,8,14,2.87,2.83,2.36,25.1,95.1,40.8,3,2
Uttarakhand,Pauri Garhwal,Satpuli Nayyar Catchment Village,34.2,145.2,469.2,918.9,491.6,89.8,24.5,680.0,0.74,8,14,3.3,2.83,2.36,25.0,94.0,45.6,3,3
Uttarakhand,Pauri Garhwal,Satpuli Nayyar Catchment Village,3.9,24.2,97.2,215.4,50.2,62.8,24.5,680.0,0.74,8,14,2.44,2.83,2.36,25.0,85.3,14.2,1,1
Uttarakhand,Pauri Garhwal,Satpuli Nayyar Catchment Village,8.8,41.4,105.0,228.8,104.8,74.2,24.5,680.0,0.74,8,14,2.58,2.83,2.36,25.5,85.3,17.1,1,2
Uttarakhand,Pauri Garhwal,Satpuli Nayyar Catchment Village,15.5,66.4,219.1,441.8,164.0,64.9,24.5,680.0,0.74,8,14,2.6,2.83,2.36,27.6,86.5,15.6,1,1
Uttarakhand,Pauri Garhwal,Satpuli Nayyar Catchment Village,90.9,406.8,1141.1,1615.9,1295.2,93.8,24.5,680.0,0.74,8,14,3.94,2.83,2.36,18.1,92.6,49.7,3,3
Uttarakhand,Pauri Garhwal,Satpuli Nayyar Catchment Village,48.2,254.2,739.0,1195.4,1160.9,91.8,24.5,680.0,0.74,8,14,4.49,2.83,2.36,22.3,94.0,54.8,3,3
Uttarakhand,Pauri Garhwal,Satpuli Nayyar Catchment Village,0.8,4.1,13.7,26.6,6.3,29.8,24.5,680.0,0.74,8,14,0.87,2.83,2.36,24.6,63.5,15.0,0,1
Uttarakhand,Pauri Garhwal,Satpuli Nayyar Catchment Village,0.5,2.7,6.0,15.7,3.4,48.5,24.5,680.0,0.74,8,14,1.4,2.83,2.36,29.4,52.7,6.0,0,1
Uttarakhand,Pauri Garhwal,Satpuli Nayyar Catchment Village,1.2,3.3,16.9,39.6,9.1,49.7,24.5,680.0,0.74,8,14,0.56,2.83,2.36,24.5,63.6,8.3,0,1
Uttarakhand,Pauri Garhwal,Satpuli Nayyar Catchment Village,1.5,6.3,19.5,32.9,13.1,54.0,24.5,680.0,0.74,8,14,0.67,2.83,2.36,25.2,60.9,6.6,0,1
Uttarakhand,Pauri Garhwal,Satpuli Nayyar Catchment Village,3.4,6.7,24.6,50.4,10.2,53.9,24.5,680.0,0.74,8,14,1.28,2.83,2.36,29.6,52.9,8.4,0,1
Uttarakhand,Pauri Garhwal,Satpuli Nayyar Catchment Village,22.9,146.9,370.0,710.5,307.8,80.1,24.5,680.0,0.74,8,14,2.88,2.83,2.36,18.3,87.9,42.6,3,2
Uttarakhand,Pauri Garhwal,Satpuli Nayyar Catchment Village,6.0,41.2,106.5,231.5,84.8,75.5,24.5,680.0,0.74,8,14,2.6,2.83,2.36,21.0,76.2,25.9,2,2
Uttarakhand,Pauri Garhwal,Satpuli Nayyar Catchment Village,0.9,3.3,14.0,28.1,9.6,42.4,24.5,680.0,0.74,8,14,1.22,2.83,2.36,26.2,47.3,13.5,0,1
Uttarakhand,Pauri Garhwal,Satpuli Nayyar Catchment Village,3.3,20.9,87.5,183.0,93.7,75.4,24.5,680.0,0.74,8,14,2.11,2.83,2.36,20.6,85.8,22.6,1,2
Uttarakhand,Pauri Garhwal,Satpuli Nayyar Catchment Village,1.9,21.4,77.3,187.4,53.7,73.7,24.5,680.0,0.74,8,14,2.51,2.83,2.36,27.7,82.4,15.4,1,2
Uttarakhand,Pauri Garhwal,Satpuli Nayyar Catchment Village,0.3,1.7,3.7,10.4,1.7,30.9,24.5,680.0,0.74,8,14,1.73,2.83,2.36,30.7,47.7,14.4,0,1
Uttarakhand,Pauri Garhwal,Satpuli Nayyar Catchment Village,0.3,1.7,9.6,18.0,4.5,51.6,24.5,680.0,0.74,8,14,0.89,2.83,2.36,28.8,48.9,12.3,0,1
Himachal Pradesh,Kullu,Parvati Valley - Manikaran Ward,5.7,34.6,116.0,260.3,100.7,68.9,35.0,1760.0,0.9,15,21,2.37,2.96,2.41,20.3,79.4,19.4,1,3
Himachal Pradesh,Kullu,Parvati Valley - Manikaran Ward,0.2,1.0,7.3,14.3,3.5,54.9,35.0,1760.0,0.9,15,21,1.12,2.96,2.41,23.5,48.8,14.9,0,2
Himachal Pradesh,Kullu,Parvati Valley - Manikaran Ward,28.1,119.0,270.3,451.4,231.6,87.3,35.0,1760.0,0.9,15,21,3.32,2.96,2.41,20.0,87.8,27.0,3,3
Himachal Pradesh,Kullu,Parvati Valley - Manikaran Ward,6.4,31.7,88.9,172.5,91.2,66.8,35.0,1760.0,0.9,15,21,2.5,2.96,2.41,23.6,83.7,22.0,1,3
Himachal Pradesh,Kullu,Parvati Valley - Manikaran Ward,5.4,18.6,38.4,70.3,24.9,28.5,35.0,1760.0,0.9,15,21,1.2,2.96,2.41,22.1,48.5,6.9,0,2
Himachal Pradesh,Kullu,Parvati Valley - Manikaran Ward,12.4,60.6,218.5,410.2,236.9,67.8,35.0,1760.0,0.9,15,21,2.56,2.96,2.41,25.5,80.1,16.8,2,3
Himachal Pradesh,Kullu,Parvati Valley - Manikaran Ward,1.1,2.3,11.9,22.7,6.7,46.4,35.0,1760.0,0.9,15,21,1.07,2.96,2.41,28.3,68.7,7.1,0,2
Himachal Pradesh,Kullu,Parvati Valley - Manikaran Ward,8.1,20.5,38.7,60.3,26.5,40.6,35.0,1760.0,0.9,15,21,1.62,2.96,2.41,27.9,51.0,11.3,0,2
Himachal Pradesh,Kullu,Parvati Valley - Manikaran Ward,16.3,86.6,306.7,633.1,355.0,85.8,35.0,1760.0,0.9,15,21,3.07,2.96,2.41,21.9,90.3,39.8,3,3
Himachal Pradesh,Kullu,Parvati Valley - Manikaran Ward,6.9,40.4,133.7,265.1,92.2,63.0,35.0,1760.0,0.9,15,21,2.73,2.96,2.41,23.3,81.2,19.9,1,3
Himachal Pradesh,Kullu,Parvati Valley - Manikaran Ward,60.4,275.2,615.1,941.3,723.2,98.6,35.0,1760.0,0.9,15,21,4.0,2.96,2.41,20.8,97.9,61.3,3,3
Himachal Pradesh,Kullu,Parvati Valley - Manikaran Ward,1.7,5.8,22.7,44.5,14.0,51.4,35.0,1760.0,0.9,15,21,1.6,2.96,2.41,28.2,53.5,13.2,0,2
Himachal Pradesh,Kullu,Parvati Valley - Manikaran Ward,6.1,26.4,89.0,196.7,60.7,65.4,35.0,1760.0,0.9,15,21,2.08,2.96,2.41,20.1,86.5,17.7,1,3
Himachal Pradesh,Kullu,Parvati Valley - Manikaran Ward,1.4,6.6,12.6,25.3,4.4,32.4,35.0,1760.0,0.9,15,21,0.84,2.96,2.41,25.4,55.7,5.5,0,2
Himachal Pradesh,Kullu,Parvati Valley - Manikaran Ward,21.7,108.6,326.6,655.5,347.1,84.4,35.0,1760.0,0.9,15,21,3.56,2.96,2.41,18.9,86.2,40.3,3,3
Himachal Pradesh,Kullu,Parvati Valley - Manikaran Ward,38.7,188.6,432.7,865.6,386.9,82.1,35.0,1760.0,0.9,15,21,3.2,2.96,2.41,22.0,93.1,27.5,3,3
Himachal Pradesh,Kullu,Parvati Valley - Manikaran Ward,4.7,23.5,94.7,200.4,61.3,74.9,35.0,1760.0,0.9,15,21,2.31,2.96,2.41,24.0,76.1,18.0,1,3
Himachal Pradesh,Kullu,Parvati Valley - Manikaran Ward,24.0,123.1,378.3,643.1,396.5,83.7,35.0,1760.0,0.9,15,21,3.22,2.96,2.41,24.8,93.7,34.0,3,3
Himachal Pradesh,Kullu,Parvati Valley - Manikaran Ward,1.1,2.2,13.3,21.0,9.2,30.4,35.0,1760.0,0.9,15,21,0.58,2.96,2.41,29.6,64.8,12.1,0,2
Himachal Pradesh,Kullu,Parvati Valley - Manikaran Ward,45.1,251.1,677.4,1025.2,1046.4,95.3,35.0,1760.0,0.9,15,21,3.96,2.96,2.41,21.9,98.4,35.3,3,3
Himachal Pradesh,Kullu,Parvati Valley - Manikaran Ward,4.4,13.5,37.3,57.8,23.0,46.5,35.0,1760.0,0.9,15,21,1.41,2.96,2.41,30.9,68.4,9.4,0,2
Himachal Pradesh,Kullu,Parvati Valley - Manikaran Ward,3.7,8.1,23.1,39.8,16.1,34.4,35.0,1760.0,0.9,15,21,0.62,2.96,2.41,27.5,60.6,13.3,0,2
Himachal Pradesh,Kullu,Parvati Valley - Manikaran Ward,0.1,2.6,8.2,21.1,5.7,28.6,35.0,1760.0,0.9,15,21,0.58,2.96,2.41,25.7,63.8,8.9,0,2
Himachal Pradesh,Kullu,Parvati Valley - Manikaran Ward,0.3,1.1,8.2,22.3,5.1,57.6,35.0,1760.0,0.9,15,21,1.24,2.96,2.41,30.9,63.8,10.9,0,2
Himachal Pradesh,Kullu,Parvati Valley - Manikaran Ward,4.0,22.9,96.7,217.3,78.5,66.0,35.0,1760.0,0.9,15,21,2.3,2.96,2.41,24.7,85.7,17.8,1,3
Himachal Pradesh,Kullu,Kasol Riverbank Village,17.0,96.6,285.0,514.7,328.6,85.3,23.0,1580.0,0.73,14,12,2.85,2.67,2.06,20.1,90.5,35.6,3,2
Himachal Pradesh,Kullu,Kasol Riverbank Village,11.3,56.9,211.7,342.9,196.2,64.1,23.0,1580.0,0.73,14,12,2.3,2.67,2.06,26.9,76.5,15.4,2,1
Himachal Pradesh,Kullu,Kasol Riverbank Village,13.3,65.6,194.3,377.4,111.2,71.1,23.0,1580.0,0.73,14,12,1.78,2.67,2.06,21.2,79.8,27.9,1,1
Himachal Pradesh,Kullu,Kasol Riverbank Village,2.6,8.6,21.4,37.3,14.0,32.1,23.0,1580.0,0.73,14,12,1.36,2.67,2.06,26.9,48.7,8.8,0,1
Himachal Pradesh,Kullu,Kasol Riverbank Village,25.4,135.0,444.7,787.0,517.4,88.7,23.0,1580.0,0.73,14,12,2.94,2.67,2.06,21.7,89.9,36.2,3,3
Himachal Pradesh,Kullu,Kasol Riverbank Village,23.1,137.7,359.7,631.2,494.5,90.5,23.0,1580.0,0.73,14,12,3.13,2.67,2.06,23.2,94.5,42.7,3,2
Himachal Pradesh,Kullu,Kasol Riverbank Village,3.0,26.2,87.5,181.7,76.2,71.2,23.0,1580.0,0.73,14,12,1.79,2.67,2.06,24.6,77.5,19.6,1,1
Himachal Pradesh,Kullu,Kasol Riverbank Village,18.0,108.5,277.8,497.5,370.2,84.2,23.0,1580.0,0.73,14,12,3.18,2.67,2.06,22.9,89.4,26.1,3,2
Himachal Pradesh,Kullu,Kasol Riverbank Village,15.6,90.6,300.2,495.7,258.1,80.4,23.0,1580.0,0.73,14,12,2.65,2.67,2.06,20.0,86.0,32.7,2,2
Himachal Pradesh,Kullu,Kasol Riverbank Village,4.7,27.1,80.3,150.0,55.6,68.6,23.0,1580.0,0.73,14,12,2.01,2.67,2.06,23.0,85.8,13.9,1,1
Himachal Pradesh,Kullu,Kasol Riverbank Village,2.1,7.4,23.0,35.5,7.5,40.3,23.0,1580.0,0.73,14,12,0.93,2.67,2.06,26.8,57.2,7.6,0,1
Himachal Pradesh,Kullu,Kasol Riverbank Village,21.7,138.2,352.8,675.4,368.3,79.2,23.0,1580.0,0.73,14,12,3.05,2.67,2.06,19.6,95.6,34.3,3,2
Himachal Pradesh,Kullu,Kasol Riverbank Village,83.4,356.9,985.4,1320.0,1639.2,92.7,23.0,1580.0,0.73,14,12,4.37,2.67,2.06,16.0,98.5,54.3,3,3
Himachal Pradesh,Kullu,Kasol Riverbank Village,5.7,33.2,108.0,226.9,56.9,73.8,23.0,1580.0,0.73,14,12,2.19,2.67,2.06,22.4,80.1,14.0,1,2
Himachal Pradesh,Kullu,Kasol Riverbank Village,1.0,3.3,12.2,24.9,7.0,36.3,23.0,1580.0,0.73,14,12,0.77,2.67,2.06,29.5,58.6,7.7,0,1
Himachal Pradesh,Kullu,Kasol Riverbank Village,60.1,281.7,593.2,965.4,819.3,98.6,23.0,1580.0,0.73,14,12,4.01,2.67,2.06,19.3,98.3,63.1,3,3
Himachal Pradesh,Kullu,Kasol Riverbank Village,28.5,159.2,345.3,692.8,415.5,82.9,23.0,1580.0,0.73,14,12,3.19,2.67,2.06,24.6,88.9,29.4,3,2
Himachal Pradesh,Kullu,Kasol Riverbank Village,32.4,127.8,414.7,646.2,401.7,90.9,23.0,1580.0,0.73,14,12,2.82,2.67,2.06,18.7,91.7,32.6,3,3
Himachal Pradesh,Kullu,Kasol Riverbank Village,20.9,110.1,314.8,593.1,288.9,89.5,23.0,1580.0,0.73,14,12,2.85,2.67,2.06,25.0,91.3,37.4,3,2
Himachal Pradesh,Kullu,Kasol Riverbank Village,5.3,32.2,117.1,196.7,63.1,66.2,23.0,1580.0,0.73,14,12,2.2,2.67,2.06,21.8,81.8,24.5,1,1
Himachal Pradesh,Kullu,Kasol Riverbank Village,3.5,12.1,34.4,54.7,16.6,56.0,23.0,1580.0,0.73,14,12,1.17,2.67,2.06,31.4,46.6,15.3,0,1
Himachal Pradesh,Kullu,Kasol Riverbank Village,9.4,48.3,160.4,303.3,165.3,65.6,23.0,1580.0,0.73,14,12,1.97,2.67,2.06,23.4,80.8,12.1,1,1
Himachal Pradesh,Kullu,Kasol Riverbank Village,1.0,3.6,12.5,26.6,4.1,33.2,23.0,1580.0,0.73,14,12,0.67,2.67,2.06,25.1,63.8,6.1,0,1
Himachal Pradesh,Kullu,Kasol Riverbank Village,8.1,44.0,142.8,249.1,91.8,67.5,23.0,1580.0,0.73,14,12,1.79,2.67,2.06,22.7,85.3,27.1,1,1
Himachal Pradesh,Kullu,Kasol Riverbank Village,30.5,165.7,443.0,651.3,437.7,89.9,23.0,1580.0,0.73,14,12,2.59,2.67,2.06,19.0,95.1,36.0,3,3
Himachal Pradesh,Kullu,Bhuntar Beas-Parvati Confluence,0.3,2.5,8.3,18.7,3.3,44.8,8.5,1090.0,0.52,16,5,1.37,3.01,2.42,22.1,56.5,13.7,0,0
Himachal Pradesh,Kullu,Bhuntar Beas-Parvati Confluence,30.5,151.4,456.5,739.9,393.3,86.3,8.5,1090.0,0.52,16,5,2.92,3.01,2.42,24.3,87.1,39.3,3,0
Himachal Pradesh,Kullu,Bhuntar Beas-Parvati Confluence,4.8,26.1,98.8,197.7,53.0,67.0,8.5,1090.0,0.52,16,5,2.41,3.01,2.42,27.7,84.8,17.0,1,0
Himachal Pradesh,Kullu,Bhuntar Beas-Parvati Confluence,34.4,137.7,356.7,560.3,430.5,78.8,8.5,1090.0,0.52,16,5,3.32,3.01,2.42,24.7,94.4,35.6,3,0
Himachal Pradesh,Kullu,Bhuntar Beas-Parvati Confluence,3.2,9.3,26.8,50.7,18.6,44.8,8.5,1090.0,0.52,16,5,0.94,3.01,2.42,27.8,73.9,11.8,0,0
Himachal Pradesh,Kullu,Bhuntar Beas-Parvati Confluence,2.1,18.3,69.8,132.0,44.2,65.7,8.5,1090.0,0.52,16,5,2.56,3.01,2.42,21.9,84.5,27.2,1,0
Himachal Pradesh,Kullu,Bhuntar Beas-Parvati Confluence,2.3,6.8,21.4,32.4,6.7,28.8,8.5,1090.0,0.52,16,5,0.88,3.01,2.42,23.9,62.6,13.4,0,0
Himachal Pradesh,Kullu,Bhuntar Beas-Parvati Confluence,0.1,0.8,8.7,17.8,4.5,30.9,8.5,1090.0,0.52,16,5,0.53,3.01,2.42,30.4,72.3,5.2,0,0
Himachal Pradesh,Kullu,Bhuntar Beas-Parvati Confluence,16.3,65.9,174.3,306.9,171.8,72.6,8.5,1090.0,0.52,16,5,2.81,3.01,2.42,27.8,88.0,26.1,2,0
Himachal Pradesh,Kullu,Bhuntar Beas-Parvati Confluence,16.6,98.7,309.7,543.6,359.2,91.7,8.5,1090.0,0.52,16,5,3.08,3.01,2.42,18.4,91.8,29.7,3,0
Himachal Pradesh,Kullu,Bhuntar Beas-Parvati Confluence,4.7,28.6,89.9,219.2,97.2,76.2,8.5,1090.0,0.52,16,5,2.22,3.01,2.42,20.7,81.1,22.6,1,0
Himachal Pradesh,Kullu,Bhuntar Beas-Parvati Confluence,2.0,7.1,21.4,37.8,9.2,37.3,8.5,1090.0,0.52,16,5,1.41,3.01,2.42,29.2,59.8,8.0,0,0
Himachal Pradesh,Kullu,Bhuntar Beas-Parvati Confluence,7.1,41.4,104.0,204.8,76.7,66.9,8.5,1090.0,0.52,16,5,2.77,3.01,2.42,24.6,87.2,18.0,1,0
Himachal Pradesh,Kullu,Bhuntar Beas-Parvati Confluence,7.3,28.6,94.5,202.0,82.5,68.8,8.5,1090.0,0.52,16,5,2.43,3.01,2.42,23.3,85.5,17.1,1,0
Himachal Pradesh,Kullu,Bhuntar Beas-Parvati Confluence,1.8,4.3,13.4,26.4,6.8,46.2,8.5,1090.0,0.52,16,5,1.53,3.01,2.42,31.3,48.0,5.8,0,0
Himachal Pradesh,Kullu,Bhuntar Beas-Parvati Confluence,0.1,0.8,4.1,13.8,1.7,48.3,8.5,1090.0,0.52,16,5,1.81,3.01,2.42,32.0,67.6,13.1,0,0
Himachal Pradesh,Kullu,Bhuntar Beas-Parvati Confluence,42.5,226.5,640.3,1018.7,976.0,94.5,8.5,1090.0,0.52,16,5,4.31,3.01,2.42,22.1,93.0,50.9,3,0
Himachal Pradesh,Kullu,Bhuntar Beas-Parvati Confluence,1.6,5.7,19.5,40.0,9.4,51.1,8.5,1090.0,0.52,16,5,0.91,3.01,2.42,23.9,68.1,12.7,0,0
Himachal Pradesh,Kullu,Bhuntar Beas-Parvati Confluence,1.2,4.5,14.4,29.1,4.4,51.7,8.5,1090.0,0.52,16,5,1.6,3.01,2.42,25.4,57.6,12.5,0,0
Himachal Pradesh,Kullu,Bhuntar Beas-Parvati Confluence,4.7,30.6,88.6,213.8,52.5,77.2,8.5,1090.0,0.52,16,5,2.32,3.01,2.42,25.0,82.8,21.7,1,0
Himachal Pradesh,Kullu,Bhuntar Beas-Parvati Confluence,39.5,159.1,424.9,669.6,455.0,90.5,8.5,1090.0,0.52,16,5,2.94,3.01,2.42,18.8,91.1,25.8,3,0
Himachal Pradesh,Kullu,Bhuntar Beas-Parvati Confluence,4.0,22.8,81.8,159.3,73.3,63.1,8.5,1090.0,0.52,16,5,2.1,3.01,2.42,24.1,77.2,25.8,1,0
Himachal Pradesh,Kullu,Bhuntar Beas-Parvati Confluence,7.5,29.6,102.8,197.0,104.8,64.1,8.5,1090.0,0.52,16,5,2.22,3.01,2.42,23.5,84.2,19.6,1,0
Himachal Pradesh,Kullu,Bhuntar Beas-Parvati Confluence,3.4,27.2,99.5,180.9,58.3,63.0,8.5,1090.0,0.52,16,5,2.38,3.01,2.42,26.5,81.8,26.6,1,0
Himachal Pradesh,Kullu,Bhuntar Beas-Parvati Confluence,26.5,143.6,384.5,689.6,471.8,82.2,8.5,1090.0,0.52,16,5,3.41,3.01,2.42,24.5,86.9,31.2,3,0
Himachal Pradesh,Kullu,Tirthan Valley Gushaini Settlement,11.8,55.5,171.7,368.8,175.5,66.4,30.5,1620.0,0.81,11,16,2.6,3.06,2.44,22.3,86.9,23.2,2,2
Himachal Pradesh,Kullu,Tirthan Valley Gushaini Settlement,20.4,124.0,381.5,576.9,480.7,82.6,30.5,1620.0,0.81,11,16,3.32,3.06,2.44,20.0,90.6,36.6,3,3
Himachal Pradesh,Kullu,Tirthan Valley Gushaini Settlement,2.1,7.8,23.0,43.7,7.0,28.8,30.5,1620.0,0.81,11,16,1.72,3.06,2.44,25.3,67.5,10.3,0,1
Himachal Pradesh,Kullu,Tirthan Valley Gushaini Settlement,1.8,5.2,15.4,34.8,5.7,25.6,30.5,1620.0,0.81,11,16,0.63,3.06,2.44,24.9,61.0,9.3,0,1
Himachal Pradesh,Kullu,Tirthan Valley Gushaini Settlement,3.1,10.5,23.4,33.3,13.3,32.1,30.5,1620.0,0.81,11,16,1.43,3.06,2.44,30.4,69.3,12.1,0,1
Himachal Pradesh,Kullu,Tirthan Valley Gushaini Settlement,37.4,162.3,345.9,689.3,469.5,83.2,30.5,1620.0,0.81,11,16,3.13,3.06,2.44,18.7,89.6,49.7,3,3
Himachal Pradesh,Kullu,Tirthan Valley Gushaini Settlement,0.1,2.2,11.5,27.8,4.2,30.5,30.5,1620.0,0.81,11,16,1.05,3.06,2.44,23.1,54.8,11.2,0,1
Himachal Pradesh,Kullu,Tirthan Valley Gushaini Settlement,0.3,2.2,7.0,13.4,2.6,38.3,30.5,1620.0,0.81,11,16,0.92,3.06,2.44,25.9,58.8,5.7,0,1
Himachal Pradesh,Kullu,Tirthan Valley Gushaini Settlement,31.2,133.6,328.2,643.9,282.6,85.5,30.5,1620.0,0.81,11,16,3.82,3.06,2.44,24.8,86.9,49.0,3,3
Himachal Pradesh,Kullu,Tirthan Valley Gushaini Settlement,9.0,50.7,177.1,355.0,156.1,76.1,30.5,1620.0,0.81,11,16,2.34,3.06,2.44,26.8,81.3,17.4,2,3
Himachal Pradesh,Kullu,Tirthan Valley Gushaini Settlement,4.1,25.7,90.8,208.8,58.1,71.9,30.5,1620.0,0.81,11,16,2.82,3.06,2.44,22.5,84.6,24.1,1,2
Himachal Pradesh,Kullu,Tirthan Valley Gushaini Settlement,4.5,23.4,73.2,137.4,77.2,71.6,30.5,1620.0,0.81,11,16,2.86,3.06,2.44,25.9,79.3,16.5,1,2
Himachal Pradesh,Kullu,Tirthan Valley Gushaini Settlement,2.4,21.9,97.5,179.0,98.3,67.3,30.5,1620.0,0.81,11,16,2.28,3.06,2.44,24.3,86.8,22.6,1,2
Himachal Pradesh,Kullu,Tirthan Valley Gushaini Settlement,0.5,3.5,11.5,21.2,3.5,53.7,30.5,1620.0,0.81,11,16,0.59,3.06,2.44,23.9,64.0,6.6,0,1
Himachal Pradesh,Kullu,Tirthan Valley Gushaini Settlement,3.3,8.1,28.8,41.6,17.0,35.3,30.5,1620.0,0.81,11,16,1.46,3.06,2.44,24.4,50.3,7.7,0,1
Himachal Pradesh,Kullu,Tirthan Valley Gushaini Settlement,2.1,6.8,20.3,36.9,9.3,30.5,30.5,1620.0,0.81,11,16,1.09,3.06,2.44,27.1,67.0,13.4,0,1
Himachal Pradesh,Kullu,Tirthan Valley Gushaini Settlement,34.8,133.1,432.4,857.1,385.6,88.2,30.5,1620.0,0.81,11,16,3.14,3.06,2.44,21.7,90.0,34.4,3,3
Himachal Pradesh,Kullu,Tirthan Valley Gushaini Settlement,7.5,28.9,92.2,164.9,73.8,73.6,30.5,1620.0,0.81,11,16,2.48,3.06,2.44,27.4,87.2,27.5,1,2
Himachal Pradesh,Kullu,Tirthan Valley Gushaini Settlement,0.8,3.8,12.3,25.4,5.6,43.7,30.5,1620.0,0.81,11,16,0.76,3.06,2.44,26.4,52.7,15.0,0,1
Himachal Pradesh,Kullu,Tirthan Valley Gushaini Settlement,27.7,142.8,430.8,863.8,407.3,78.5,30.5,1620.0,0.81,11,16,3.65,3.06,2.44,23.0,92.4,42.4,3,3
Himachal Pradesh,Kullu,Tirthan Valley Gushaini Settlement,7.2,33.4,114.2,249.9,114.8,62.2,30.5,1620.0,0.81,11,16,2.72,3.06,2.44,25.2,86.9,18.4,1,2
Himachal Pradesh,Kullu,Tirthan Valley Gushaini Settlement,12.5,61.3,159.9,334.8,108.9,77.5,30.5,1620.0,0.81,11,16,2.62,3.06,2.44,23.1,79.0,18.6,2,3
Himachal Pradesh,Kullu,Tirthan Valley Gushaini Settlement,33.2,138.9,418.4,678.7,568.2,83.6,30.5,1620.0,0.81,11,16,3.19,3.06,2.44,25.9,94.0,25.0,3,3
Himachal Pradesh,Kullu,Tirthan Valley Gushaini Settlement,0.7,3.4,14.2,23.4,8.3,31.5,30.5,1620.0,0.81,11,16,0.74,3.06,2.44,31.5,58.5,14.0,0,1
Himachal Pradesh,Kullu,Tirthan Valley Gushaini Settlement,1.4,3.2,10.3,22.1,5.7,45.6,30.5,1620.0,0.81,11,16,1.65,3.06,2.44,23.7,53.8,9.2,0,1
Himachal Pradesh,Mandi,Panchvaktra Temple Bank Ward,16.8,68.8,162.1,325.2,137.7,77.8,14.0,760.0,0.6,16,8,2.17,2.97,2.47,24.2,75.1,21.6,2,0
Himachal Pradesh,Mandi,Panchvaktra Temple Bank Ward,82.4,404.9,890.7,1372.2,1602.9,97.8,14.0,760.0,0.6,16,8,4.82,2.97,2.47,21.3,94.6,37.3,3,0
Himachal Pradesh,Mandi,Panchvaktra Temple Bank Ward,2.5,5.8,18.7,40.0,6.6,44.9,14.0,760.0,0.6,16,8,1.68,2.97,2.47,24.8,66.0,14.0,0,0
Himachal Pradesh,Mandi,Panchvaktra Temple Bank Ward,0.8,4.0,12.4,27.1,8.5,51.8,14.0,760.0,0.6,16,8,0.52,2.97,2.47,25.6,46.4,13.9,0,0
Himachal Pradesh,Mandi,Panchvaktra Temple Bank Ward,2.4,7.4,21.2,32.7,14.3,55.7,14.0,760.0,0.6,16,8,1.83,2.97,2.47,30.6,72.2,13.1,0,0
Himachal Pradesh,Mandi,Panchvaktra Temple Bank Ward,0.2,0.8,6.4,16.1,2.2,51.3,14.0,760.0,0.6,16,8,0.91,2.97,2.47,28.7,61.5,14.6,0,0
Himachal Pradesh,Mandi,Panchvaktra Temple Bank Ward,1.3,3.4,10.3,22.0,5.8,28.0,14.0,760.0,0.6,16,8,1.09,2.97,2.47,29.2,49.8,15.2,0,0
Himachal Pradesh,Mandi,Panchvaktra Temple Bank Ward,82.6,306.7,775.0,1079.0,1106.4,96.9,14.0,760.0,0.6,16,8,3.68,2.97,2.47,21.5,98.1,72.3,3,0
Himachal Pradesh,Mandi,Panchvaktra Temple Bank Ward,30.0,151.3,459.0,782.8,521.9,90.0,14.0,760.0,0.6,16,8,3.54,2.97,2.47,19.8,86.3,27.2,3,0
Himachal Pradesh,Mandi,Panchvaktra Temple Bank Ward,2.4,9.3,24.6,45.0,16.8,44.0,14.0,760.0,0.6,16,8,0.5,2.97,2.47,22.6,61.1,14.3,0,0
Himachal Pradesh,Mandi,Panchvaktra Temple Bank Ward,58.9,273.5,760.1,1212.8,1000.5,95.1,14.0,760.0,0.6,16,8,4.18,2.97,2.47,17.2,98.6,68.5,3,0
Himachal Pradesh,Mandi,Panchvaktra Temple Bank Ward,8.3,40.4,116.2,261.1,99.9,66.9,14.0,760.0,0.6,16,8,2.81,2.97,2.47,21.0,88.0,23.3,1,0
Himachal Pradesh,Mandi,Panchvaktra Temple Bank Ward,9.5,48.5,160.5,352.5,160.0,65.4,14.0,760.0,0.6,16,8,2.63,2.97,2.47,26.5,84.1,12.8,2,0
Himachal Pradesh,Mandi,Panchvaktra Temple Bank Ward,19.5,105.6,368.7,755.2,416.2,82.7,14.0,760.0,0.6,16,8,3.43,2.97,2.47,25.9,93.3,34.8,3,0
Himachal Pradesh,Mandi,Panchvaktra Temple Bank Ward,10.7,46.3,135.6,250.1,129.0,71.3,14.0,760.0,0.6,16,8,2.68,2.97,2.47,26.8,84.2,19.3,1,0
Himachal Pradesh,Mandi,Panchvaktra Temple Bank Ward,2.1,6.2,14.1,27.4,8.4,25.3,14.0,760.0,0.6,16,8,1.48,2.97,2.47,27.8,65.3,15.9,0,0
Himachal Pradesh,Mandi,Panchvaktra Temple Bank Ward,2.0,7.2,26.4,45.3,9.8,26.7,14.0,760.0,0.6,16,8,1.83,2.97,2.47,28.5,62.8,15.7,0,0
Himachal Pradesh,Mandi,Panchvaktra Temple Bank Ward,7.6,31.9,97.8,226.2,87.2,68.0,14.0,760.0,0.6,16,8,2.6,2.97,2.47,26.4,83.6,24.4,1,0
Himachal Pradesh,Mandi,Panchvaktra Temple Bank Ward,31.3,143.6,361.6,574.4,434.4,85.1,14.0,760.0,0.6,16,8,2.84,2.97,2.47,22.6,91.3,31.8,3,0
Himachal Pradesh,Mandi,Panchvaktra Temple Bank Ward,34.9,145.6,420.4,732.6,352.3,90.7,14.0,760.0,0.6,16,8,3.53,2.97,2.47,19.5,93.9,25.5,3,0
Himachal Pradesh,Mandi,Panchvaktra Temple Bank Ward,3.2,26.7,94.4,208.1,91.9,64.0,14.0,760.0,0.6,16,8,2.64,2.97,2.47,27.7,86.7,14.9,1,0
Himachal Pradesh,Mandi,Panchvaktra Temple Bank Ward,12.0,46.8,156.0,260.6,93.1,71.0,14.0,760.0,0.6,16,8,2.71,2.97,2.47,20.3,87.7,20.1,2,0
Himachal Pradesh,Mandi,Panchvaktra Temple Bank Ward,1.3,4.5,12.4,27.4,6.3,50.8,14.0,760.0,0.6,16,8,1.39,2.97,2.47,26.4,62.3,12.6,0,0
Himachal Pradesh,Mandi,Panchvaktra Temple Bank Ward,9.9,50.9,153.9,270.1,98.8,65.0,14.0,760.0,0.6,16,8,2.32,2.97,2.47,26.7,87.4,21.6,1,0
Himachal Pradesh,Mandi,Panchvaktra Temple Bank Ward,3.0,7.1,17.8,29.2,11.8,38.2,14.0,760.0,0.6,16,8,0.61,2.97,2.47,24.5,57.8,12.6,0,0
Himachal Pradesh,Mandi,Aut Tunnel Catchment Sector,39.9,188.8,484.7,925.3,509.8,80.1,37.0,920.0,0.92,13,23,3.18,2.55,2.13,21.5,85.3,40.1,3,3
Himachal Pradesh,Mandi,Aut Tunnel Catchment Sector,0.8,1.9,5.0,11.7,2.2,34.0,37.0,920.0,0.92,13,23,1.45,2.55,2.13,24.3,45.3,9.1,0,2
Himachal Pradesh,Mandi,Aut Tunnel Catchment Sector,62.1,271.3,618.0,983.1,860.1,95.0,37.0,920.0,0.92,13,23,3.86,2.55,2.13,22.9,95.9,59.3,3,3
Himachal Pradesh,Mandi,Aut Tunnel Catchment Sector,19.3,119.8,335.4,690.3,388.0,89.9,37.0,920.0,0.92,13,23,2.79,2.55,2.13,19.0,85.1,37.8,3,3
Himachal Pradesh,Mandi,Aut Tunnel Catchment Sector,0.9,2.9,7.8,22.7,4.5,33.2,37.0,920.0,0.92,13,23,1.17,2.55,2.13,29.1,50.5,15.8,0,2
Himachal Pradesh,Mandi,Aut Tunnel Catchment Sector,27.6,125.9,429.8,812.0,565.1,91.3,37.0,920.0,0.92,13,23,2.73,2.55,2.13,20.5,86.0,27.0,3,3
Himachal Pradesh,Mandi,Aut Tunnel Catchment Sector,38.6,145.4,439.7,792.4,605.6,83.9,37.0,920.0,0.92,13,23,2.81,2.55,2.13,23.8,90.3,37.9,3,3
Himachal Pradesh,Mandi,Aut Tunnel Catchment Sector,89.1,396.3,1007.7,1667.0,1574.1,97.1,37.0,920.0,0.92,13,23,3.34,2.55,2.13,21.9,98.7,67.9,3,3
Himachal Pradesh,Mandi,Aut Tunnel Catchment Sector,28.2,148.3,485.4,936.5,453.9,79.1,37.0,920.0,0.92,13,23,3.06,2.55,2.13,22.1,95.5,35.6,3,3
Himachal Pradesh,Mandi,Aut Tunnel Catchment Sector,1.0,2.6,9.1,21.9,3.2,34.9,37.0,920.0,0.92,13,23,0.82,2.55,2.13,24.1,67.1,11.3,0,2
Himachal Pradesh,Mandi,Aut Tunnel Catchment Sector,3.7,10.8,33.0,48.1,18.1,41.1,37.0,920.0,0.92,13,23,0.89,2.55,2.13,28.2,54.9,8.9,0,2
Himachal Pradesh,Mandi,Aut Tunnel Catchment Sector,0.5,2.0,5.1,8.7,2.6,30.1,37.0,920.0,0.92,13,23,0.64,2.55,2.13,26.9,49.7,12.2,0,2
Himachal Pradesh,Mandi,Aut Tunnel Catchment Sector,4.2,10.5,24.9,43.6,11.8,52.7,37.0,920.0,0.92,13,23,0.68,2.55,2.13,25.5,58.0,9.0,0,2
Himachal Pradesh,Mandi,Aut Tunnel Catchment Sector,20.0,88.5,272.7,547.0,250.7,84.7,37.0,920.0,0.92,13,23,2.93,2.55,2.13,20.1,89.6,38.8,3,3
Himachal Pradesh,Mandi,Aut Tunnel Catchment Sector,32.9,154.4,481.6,959.1,497.6,79.5,37.0,920.0,0.92,13,23,2.51,2.55,2.13,18.2,86.7,37.5,3,3
Himachal Pradesh,Mandi,Aut Tunnel Catchment Sector,20.9,116.2,400.8,685.4,437.5,88.7,37.0,920.0,0.92,13,23,2.61,2.55,2.13,19.2,90.6,31.2,3,3
Himachal Pradesh,Mandi,Aut Tunnel Catchment Sector,36.6,195.5,566.3,1044.8,691.3,85.0,37.0,920.0,0.92,13,23,2.56,2.55,2.13,25.9,91.5,40.9,3,3
Himachal Pradesh,Mandi,Aut Tunnel Catchment Sector,1.7,3.4,16.9,31.7,5.7,26.7,37.0,920.0,0.92,13,23,0.95,2.55,2.13,25.1,64.0,7.5,0,2
Himachal Pradesh,Mandi,Aut Tunnel Catchment Sector,1.8,5.8,16.6,26.6,7.3,38.8,37.0,920.0,0.92,13,23,0.85,2.55,2.13,22.5,46.2,5.6,0,2
Himachal Pradesh,Mandi,Aut Tunnel Catchment Sector,20.3,120.8,282.9,583.7,278.0,79.4,37.0,920.0,0.92,13,23,2.43,2.55,2.13,22.4,94.5,33.3,3,3
Himachal Pradesh,Mandi,Aut Tunnel Catchment Sector,24.0,137.2,372.2,606.0,495.9,79.8,37.0,920.0,0.92,13,23,2.99,2.55,2.13,19.0,91.5,47.8,3,3
Himachal Pradesh,Mandi,Aut Tunnel Catchment Sector,11.0,45.7,158.7,307.8,148.4,77.8,37.0,920.0,0.92,13,23,1.93,2.55,2.13,25.8,75.6,15.1,2,3
Himachal Pradesh,Mandi,Aut Tunnel Catchment Sector,7.0,36.9,144.7,334.6,111.3,73.5,37.0,920.0,0.92,13,23,2.37,2.55,2.13,20.5,80.4,26.9,2,3
Himachal Pradesh,Mandi,Aut Tunnel Catchment Sector,12.0,44.4,143.5,244.0,140.1,73.1,37.0,920.0,0.92,13,23,2.26,2.55,2.13,23.2,83.9,25.9,2,3
Himachal Pradesh,Mandi,Aut Tunnel Catchment Sector,50.8,263.4,724.3,1062.5,817.0,92.1,37.0,920.0,0.92,13,23,3.86,2.55,2.13,23.0,97.5,53.2,3,3
Himachal Pradesh,Mandi,Dharampur Son Khad Valley,0.8,3.8,10.3,16.0,3.3,29.9,22.0,840.0,0.7,12,13,2.14,3.7,3.14,31.3,53.1,13.7,0,1
Himachal Pradesh,Mandi,Dharampur Son Khad Valley,14.2,57.0,165.6,306.5,119.5,63.3,22.0,840.0,0.7,12,13,3.27,3.7,3.14,24.4,84.4,18.5,2,1
Himachal Pradesh,Mandi,Dharampur Son Khad Valley,5.0,23.5,101.5,204.6,61.5,77.5,22.0,840.0,0.7,12,13,3.12,3.7,3.14,27.8,85.1,24.5,1,2
Himachal Pradesh,Mandi,Dharampur Son Khad Valley,4.3,12.7,38.1,67.1,23.9,32.3,22.0,840.0,0.7,12,13,1.0,3.7,3.14,27.8,69.2,13.3,0,1
Himachal Pradesh,Mandi,Dharampur Son Khad Valley,0.9,4.0,15.9,23.2,5.9,53.5,22.0,840.0,0.7,12,13,0.85,3.7,3.14,26.9,66.9,12.1,0,1
Himachal Pradesh,Mandi,Dharampur Son Khad Valley,1.1,2.7,10.8,15.1,4.3,55.0,22.0,840.0,0.7,12,13,2.3,3.7,3.14,23.0,60.8,13.0,0,1
Himachal Pradesh,Mandi,Dharampur Son Khad Valley,30.1,129.1,418.4,741.4,397.1,79.2,22.0,840.0,0.7,12,13,3.67,3.7,3.14,23.0,85.1,49.2,3,2
Himachal Pradesh,Mandi,Dharampur Son Khad Valley,47.6,248.5,660.0,1063.9,894.6,91.5,22.0,840.0,0.7,12,13,4.99,3.7,3.14,17.2,92.4,62.7,3,3
Himachal Pradesh,Mandi,Dharampur Son Khad Valley,3.4,25.4,74.9,173.8,43.8,76.6,22.0,840.0,0.7,12,13,2.69,3.7,3.14,23.4,76.9,22.5,1,2
Himachal Pradesh,Mandi,Dharampur Son Khad Valley,0.6,2.9,14.4,21.2,5.0,28.4,22.0,840.0,0.7,12,13,2.27,3.7,3.14,25.6,63.5,6.3,0,1
Himachal Pradesh,Mandi,Dharampur Son Khad Valley,90.8,439.2,900.2,1450.5,1008.4,96.3,22.0,840.0,0.7,12,13,4.94,3.7,3.14,22.5,94.4,39.2,3,3
Himachal Pradesh,Mandi,Dharampur Son Khad Valley,77.1,401.2,994.1,1368.4,1112.3,96.2,22.0,840.0,0.7,12,13,4.97,3.7,3.14,19.1,97.0,66.4,3,3
Himachal Pradesh,Mandi,Dharampur Son Khad Valley,6.5,30.7,117.3,220.5,71.5,68.2,22.0,840.0,0.7,12,13,2.94,3.7,3.14,23.4,84.0,18.6,1,1
Himachal Pradesh,Mandi,Dharampur Son Khad Valley,23.3,138.4,347.0,629.4,388.5,89.5,22.0,840.0,0.7,12,13,3.94,3.7,3.14,22.6,89.6,39.4,3,2
Himachal Pradesh,Mandi,Dharampur Son Khad Valley,7.7,42.9,113.0,251.0,94.4,77.3,22.0,840.0,0.7,12,13,3.45,3.7,3.14,20.5,79.5,25.6,2,2
Himachal Pradesh,Mandi,Dharampur Son Khad Valley,35.5,145.8,475.6,909.9,616.7,78.8,22.0,840.0,0.7,12,13,3.67,3.7,3.14,25.7,92.7,34.4,3,2
Himachal Pradesh,Mandi,Dharampur Son Khad Valley,3.1,10.3,31.1,50.0,20.2,26.0,22.0,840.0,0.7,12,13,1.18,3.7,3.14,22.8,47.3,11.3,0,1
Himachal Pradesh,Mandi,Dharampur Son Khad Valley,18.7,101.7,335.6,571.2,336.4,88.9,22.0,840.0,0.7,12,13,4.29,3.7,3.14,20.3,86.7,47.0,3,2
Himachal Pradesh,Mandi,Dharampur Son Khad Valley,1.1,4.5,14.8,33.0,7.7,52.4,22.0,840.0,0.7,12,13,2.21,3.7,3.14,27.0,66.3,9.7,0,1
Himachal Pradesh,Mandi,Dharampur Son Khad Valley,2.0,7.5,21.8,36.8,8.4,31.1,22.0,840.0,0.7,12,13,1.88,3.7,3.14,27.6,70.3,14.0,0,1
Himachal Pradesh,Mandi,Dharampur Son Khad Valley,7.4,36.4,127.2,280.6,78.5,63.7,22.0,840.0,0.7,12,13,2.73,3.7,3.14,24.8,86.0,12.4,1,1
Himachal Pradesh,Mandi,Dharampur Son Khad Valley,2.1,5.3,18.8,32.9,10.4,26.1,22.0,840.0,0.7,12,13,1.0,3.7,3.14,31.8,61.9,11.2,0,1
Himachal Pradesh,Mandi,Dharampur Son Khad Valley,16.1,102.3,246.1,438.6,225.7,88.5,22.0,840.0,0.7,12,13,4.32,3.7,3.14,25.8,92.7,27.4,3,2
Himachal Pradesh,Mandi,Dharampur Son Khad Valley,4.4,24.9,91.9,195.6,78.3,75.6,22.0,840.0,0.7,12,13,2.91,3.7,3.14,21.2,81.0,26.2,1,2
Himachal Pradesh,Mandi,Dharampur Son Khad Valley,0.8,4.8,17.7,31.4,12.1,42.0,22.0,840.0,0.7,12,13,1.85,3.7,3.14,28.5,72.9,8.8,0,1
Himachal Pradesh,Shimla,Summer Hill Landslide Sector,0.7,3.3,15.1,24.6,8.2,27.5,38.0,2100.0,0.93,4,20,0.7,2.9,2.4,28.3,59.9,13.9,0,2
Himachal Pradesh,Shimla,Summer Hill Landslide Sector,3.6,11.9,39.2,53.6,16.7,55.8,38.0,2100.0,0.93,4,20,0.71,2.9,2.4,24.8,55.9,6.0,0,2
Himachal Pradesh,Shimla,Summer Hill Landslide Sector,4.2,12.2,29.8,58.3,10.6,29.1,38.0,2100.0,0.93,4,20,1.24,2.9,2.4,22.4,70.8,9.4,0,2
Himachal Pradesh,Shimla,Summer Hill Landslide Sector,37.9,148.6,480.9,816.0,530.7,81.7,38.0,2100.0,0.93,4,20,3.52,2.9,2.4,23.5,91.8,41.1,3,3
Himachal Pradesh,Shimla,Summer Hill Landslide Sector,21.1,113.7,359.7,580.0,303.5,83.4,38.0,2100.0,0.93,4,20,3.16,2.9,2.4,18.7,90.1,41.1,3,3
Himachal Pradesh,Shimla,Summer Hill Landslide Sector,66.6,271.7,813.6,1342.3,1027.6,93.0,38.0,2100.0,0.93,4,20,4.78,2.9,2.4,19.9,96.9,54.0,3,3
Himachal Pradesh,Shimla,Summer Hill Landslide Sector,0.8,1.9,9.4,14.0,5.1,37.5,38.0,2100.0,0.93,4,20,1.72,2.9,2.4,25.6,57.9,10.2,0,2
Himachal Pradesh,Shimla,Summer Hill Landslide Sector,0.8,5.1,14.8,24.8,4.9,38.4,38.0,2100.0,0.93,4,20,0.89,2.9,2.4,29.1,71.1,10.8,0,2
Himachal Pradesh,Shimla,Summer Hill Landslide Sector,9.6,44.0,125.9,245.9,75.4,67.6,38.0,2100.0,0.93,4,20,2.34,2.9,2.4,23.8,84.0,14.6,0,3
Himachal Pradesh,Shimla,Summer Hill Landslide Sector,15.2,61.0,165.7,349.8,90.6,72.7,38.0,2100.0,0.93,4,20,2.48,2.9,2.4,22.6,87.8,27.0,1,3
Himachal Pradesh,Shimla,Summer Hill Landslide Sector,33.4,140.3,368.5,705.1,509.3,83.7,38.0,2100.0,0.93,4,20,3.21,2.9,2.4,18.0,90.0,45.8,3,3
Himachal Pradesh,Shimla,Summer Hill Landslide Sector,5.3,15.3,30.8,59.3,16.0,30.5,38.0,2100.0,0.93,4,20,0.99,2.9,2.4,25.5,73.6,15.7,0,2
Himachal Pradesh,Shimla,Summer Hill Landslide Sector,4.5,27.5,88.5,197.3,81.4,72.4,38.0,2100.0,0.93,4,20,2.37,2.9,2.4,23.3,79.6,20.7,0,3
Himachal Pradesh,Shimla,Summer Hill Landslide Sector,5.2,28.1,85.7,168.9,70.8,68.1,38.0,2100.0,0.93,4,20,2.64,2.9,2.4,25.5,80.7,16.5,1,3
Himachal Pradesh,Shimla,Summer Hill Landslide Sector,7.9,47.3,182.2,307.7,158.5,68.6,38.0,2100.0,0.93,4,20,2.39,2.9,2.4,26.0,87.1,13.6,1,3
Himachal Pradesh,Shimla,Summer Hill Landslide Sector,8.1,35.6,107.0,200.5,78.0,65.1,38.0,2100.0,0.93,4,20,2.38,2.9,2.4,21.0,87.6,26.6,0,3
Himachal Pradesh,Shimla,Summer Hill Landslide Sector,6.0,37.4,123.2,230.8,82.6,76.1,38.0,2100.0,0.93,4,20,2.23,2.9,2.4,26.7,85.3,18.6,1,3
Himachal Pradesh,Shimla,Summer Hill Landslide Sector,0.6,3.0,6.7,18.1,4.2,44.8,38.0,2100.0,0.93,4,20,0.94,2.9,2.4,31.6,74.8,7.7,0,2
Himachal Pradesh,Shimla,Summer Hill Landslide Sector,52.2,282.4,786.0,1134.6,1400.6,91.7,38.0,2100.0,0.93,4,20,4.66,2.9,2.4,20.1,95.1,39.0,3,3
Himachal Pradesh,Shimla,Summer Hill Landslide Sector,27.6,151.5,473.6,770.5,648.5,80.9,38.0,2100.0,0.93,4,20,2.84,2.9,2.4,21.5,91.9,39.8,3,3
Himachal Pradesh,Shimla,Summer Hill Landslide Sector,1.4,6.5,15.3,26.9,7.4,45.8,38.0,2100.0,0.93,4,20,0.97,2.9,2.4,24.4,71.9,8.3,0,2
Himachal Pradesh,Shimla,Summer Hill Landslide Sector,17.0,64.6,220.5,427.8,233.9,72.0,38.0,2100.0,0.93,4,20,2.5,2.9,2.4,24.6,76.3,19.3,1,3
Himachal Pradesh,Shimla,Summer Hill Landslide Sector,4.8,23.6,89.4,185.7,89.7,68.3,38.0,2100.0,0.93,4,20,2.39,2.9,2.4,20.2,76.0,27.3,0,3
Himachal Pradesh,Shimla,Summer Hill Landslide Sector,1.7,5.6,19.1,34.3,5.8,30.9,38.0,2100.0,0.93,4,20,1.24,2.9,2.4,28.1,45.9,15.7,0,2
Himachal Pradesh,Shimla,Summer Hill Landslide Sector,67.6,318.6,697.1,1210.3,713.6,90.2,38.0,2100.0,0.93,4,20,4.15,2.9,2.4,17.2,98.1,39.6,3,3
Himachal Pradesh,Shimla,Rampur Satluj Basin Ward 6,0.8,5.0,14.2,28.7,7.4,34.7,26.0,1020.0,0.79,14,15,1.02,2.1,1.6,27.0,60.4,9.4,0,1
Himachal Pradesh,Shimla,Rampur Satluj Basin Ward 6,2.5,7.1,21.3,37.7,12.9,35.3,26.0,1020.0,0.79,14,15,1.06,2.1,1.6,31.5,59.6,14.7,0,1
Himachal Pradesh,Shimla,Rampur Satluj Basin Ward 6,17.4,79.2,244.7,444.8,177.3,72.1,26.0,1020.0,0.79,14,15,1.4,2.1,1.6,21.3,75.4,20.2,1,2
Himachal Pradesh,Shimla,Rampur Satluj Basin Ward 6,9.4,43.9,156.1,277.3,94.9,67.2,26.0,1020.0,0.79,14,15,1.86,2.1,1.6,22.9,75.9,22.5,2,2
Himachal Pradesh,Shimla,Rampur Satluj Basin Ward 6,3.4,9.7,20.6,34.8,12.7,54.7,26.0,1020.0,0.79,14,15,0.89,2.1,1.6,25.9,63.1,10.8,0,1
Himachal Pradesh,Shimla,Rampur Satluj Basin Ward 6,2.8,7.8,27.8,46.1,13.0,50.0,26.0,1020.0,0.79,14,15,0.72,2.1,1.6,25.2,50.9,13.8,0,1
Himachal Pradesh,Shimla,Rampur Satluj Basin Ward 6,9.0,48.1,121.8,229.0,103.0,66.6,26.0,1020.0,0.79,14,15,1.77,2.1,1.6,26.8,87.8,26.6,1,2
Himachal Pradesh,Shimla,Rampur Satluj Basin Ward 6,4.1,12.7,41.6,61.3,13.6,28.1,26.0,1020.0,0.79,14,15,1.06,2.1,1.6,29.2,53.2,13.3,0,1
Himachal Pradesh,Shimla,Rampur Satluj Basin Ward 6,9.7,43.5,141.8,294.1,143.1,77.5,26.0,1020.0,0.79,14,15,1.44,2.1,1.6,23.0,83.0,12.5,2,2
Himachal Pradesh,Shimla,Rampur Satluj Basin Ward 6,1.2,2.5,10.8,18.1,4.1,54.8,26.0,1020.0,0.79,14,15,0.76,2.1,1.6,31.0,74.7,15.3,0,1
Himachal Pradesh,Shimla,Rampur Satluj Basin Ward 6,21.5,116.7,369.0,637.2,475.1,81.8,26.0,1020.0,0.79,14,15,2.1,2.1,1.6,19.1,90.1,28.2,3,2
Himachal Pradesh,Shimla,Rampur Satluj Basin Ward 6,33.8,194.8,496.3,767.2,569.1,87.3,26.0,1020.0,0.79,14,15,2.61,2.1,1.6,20.6,93.0,30.6,3,3
Himachal Pradesh,Shimla,Rampur Satluj Basin Ward 6,1.6,3.7,15.7,32.9,6.0,27.6,26.0,1020.0,0.79,14,15,1.18,2.1,1.6,22.6,45.4,7.4,0,1
Himachal Pradesh,Shimla,Rampur Satluj Basin Ward 6,19.7,88.9,281.3,592.1,277.7,84.4,26.0,1020.0,0.79,14,15,2.09,2.1,1.6,22.0,95.1,30.5,2,2
Himachal Pradesh,Shimla,Rampur Satluj Basin Ward 6,1.9,8.2,25.2,37.9,9.2,35.1,26.0,1020.0,0.79,14,15,1.11,2.1,1.6,28.5,49.4,14.6,0,1
Himachal Pradesh,Shimla,Rampur Satluj Basin Ward 6,21.0,120.4,294.9,526.0,399.9,79.2,26.0,1020.0,0.79,14,15,2.27,2.1,1.6,19.2,90.5,37.7,3,2
Himachal Pradesh,Shimla,Rampur Satluj Basin Ward 6,0.9,2.2,11.2,19.9,5.2,44.6,26.0,1020.0,0.79,14,15,0.87,2.1,1.6,26.9,58.0,12.5,0,1
Himachal Pradesh,Shimla,Rampur Satluj Basin Ward 6,7.5,39.7,97.6,178.9,54.7,65.6,26.0,1020.0,0.79,14,15,1.75,2.1,1.6,25.7,80.1,13.6,1,1
Himachal Pradesh,Shimla,Rampur Satluj Basin Ward 6,37.0,150.6,450.1,745.7,558.3,79.3,26.0,1020.0,0.79,14,15,2.31,2.1,1.6,23.6,90.2,32.6,3,3
Himachal Pradesh,Shimla,Rampur Satluj Basin Ward 6,54.6,225.8,552.3,795.1,762.0,93.2,26.0,1020.0,0.79,14,15,2.69,2.1,1.6,18.1,92.5,62.2,3,3
Himachal Pradesh,Shimla,Rampur Satluj Basin Ward 6,29.9,172.6,451.1,720.2,514.4,91.9,26.0,1020.0,0.79,14,15,2.52,2.1,1.6,22.2,86.8,28.7,3,3
Himachal Pradesh,Shimla,Rampur Satluj Basin Ward 6,1.5,5.5,18.3,35.4,9.1,37.0,26.0,1020.0,0.79,14,15,0.51,2.1,1.6,25.5,66.3,14.8,0,1
Himachal Pradesh,Shimla,Rampur Satluj Basin Ward 6,36.4,197.6,453.8,816.4,629.5,90.0,26.0,1020.0,0.79,14,15,2.41,2.1,1.6,19.1,90.5,31.1,3,3
Himachal Pradesh,Shimla,Rampur Satluj Basin Ward 6,39.3,177.7,442.3,834.2,586.6,87.5,26.0,1020.0,0.79,14,15,2.56,2.1,1.6,21.6,95.5,38.2,3,3
Himachal Pradesh,Shimla,Rampur Satluj Basin Ward 6,2.4,8.9,22.8,44.1,7.2,42.2,26.0,1020.0,0.79,14,15,0.74,2.1,1.6,28.1,58.0,10.0,0,1
Himachal Pradesh,Shimla,Kotkhai Giri River Lowland,6.5,20.8,55.4,85.8,30.4,46.9,29.5,1650.0,0.77,7,14,0.92,3.16,2.52,24.9,69.0,5.2,0,1
Himachal Pradesh,Shimla,Kotkhai Giri River Lowland,1.7,5.4,12.5,25.5,3.8,33.3,29.5,1650.0,0.77,7,14,0.99,3.16,2.52,24.8,70.8,12.3,0,1
Himachal Pradesh,Shimla,Kotkhai Giri River Lowland,18.9,87.5,298.5,540.2,278.0,84.6,29.5,1650.0,0.77,7,14,3.34,3.16,2.52,24.5,92.0,35.6,2,2
Himachal Pradesh,Shimla,Kotkhai Giri River Lowland,47.2,211.6,527.2,901.6,771.0,96.5,29.5,1650.0,0.77,7,14,4.08,3.16,2.52,17.1,95.9,47.0,3,3
Himachal Pradesh,Shimla,Kotkhai Giri River Lowland,4.6,13.3,34.2,63.8,12.2,39.6,29.5,1650.0,0.77,7,14,0.94,3.16,2.52,31.3,66.4,10.2,0,1
Himachal Pradesh,Shimla,Kotkhai Giri River Lowland,9.5,41.8,111.2,255.1,106.0,71.8,29.5,1650.0,0.77,7,14,2.4,3.16,2.52,21.9,81.7,14.0,0,2
Himachal Pradesh,Shimla,Kotkhai Giri River Lowland,7.5,36.0,127.5,234.5,125.5,76.0,29.5,1650.0,0.77,7,14,2.54,3.16,2.52,20.4,75.7,25.3,2,2
Himachal Pradesh,Shimla,Kotkhai Giri River Lowland,5.0,24.0,81.0,156.0,76.5,72.8,29.5,1650.0,0.77,7,14,2.78,3.16,2.52,20.4,77.7,14.3,1,2
Himachal Pradesh,Shimla,Kotkhai Giri River Lowland,27.4,129.0,400.7,702.5,322.1,84.8,29.5,1650.0,0.77,7,14,3.65,3.16,2.52,18.9,85.0,40.1,3,3
Himachal Pradesh,Shimla,Kotkhai Giri River Lowland,1.7,3.9,15.5,24.1,5.4,38.4,29.5,1650.0,0.77,7,14,1.87,3.16,2.52,30.2,70.3,11.0,0,1
Himachal Pradesh,Shimla,Kotkhai Giri River Lowland,32.0,176.8,468.3,761.2,559.4,80.4,29.5,1650.0,0.77,7,14,3.71,3.16,2.52,22.4,90.2,32.3,3,3
Himachal Pradesh,Shimla,Kotkhai Giri River Lowland,7.2,41.3,138.5,279.6,103.9,68.8,29.5,1650.0,0.77,7,14,2.17,3.16,2.52,23.7,82.3,12.2,0,2
Himachal Pradesh,Shimla,Kotkhai Giri River Lowland,0.7,4.5,11.2,29.3,5.5,48.9,29.5,1650.0,0.77,7,14,0.88,3.16,2.52,31.8,55.7,14.4,0,1
Himachal Pradesh,Shimla,Kotkhai Giri River Lowland,4.6,29.0,87.8,191.3,81.8,67.4,29.5,1650.0,0.77,7,14,2.76,3.16,2.52,26.3,78.6,24.2,1,1
Himachal Pradesh,Shimla,Kotkhai Giri River Lowland,1.9,7.1,20.4,37.9,10.8,55.6,29.5,1650.0,0.77,7,14,1.58,3.16,2.52,27.3,48.9,8.6,0,1
Himachal Pradesh,Shimla,Kotkhai Giri River Lowland,60.4,287.1,620.6,892.0,673.3,98.9,29.5,1650.0,0.77,7,14,4.47,3.16,2.52,22.1,98.9,67.3,3,3
Himachal Pradesh,Shimla,Kotkhai Giri River Lowland,20.9,119.8,401.6,670.3,468.7,79.6,29.5,1650.0,0.77,7,14,3.8,3.16,2.52,18.6,93.4,40.2,3,2
Himachal Pradesh,Shimla,Kotkhai Giri River Lowland,38.1,169.9,459.5,801.2,437.2,84.1,29.5,1650.0,0.77,7,14,3.27,3.16,2.52,19.6,86.8,45.3,3,3
Himachal Pradesh,Shimla,Kotkhai Giri River Lowland,19.8,115.8,340.0,693.3,345.4,83.7,29.5,1650.0,0.77,7,14,3.52,3.16,2.52,18.6,87.0,43.2,2,2
Himachal Pradesh,Shimla,Kotkhai Giri River Lowland,76.0,348.2,859.0,1301.3,1242.9,91.3,29.5,1650.0,0.77,7,14,3.89,3.16,2.52,19.4,94.6,37.8,3,3
Himachal Pradesh,Shimla,Kotkhai Giri River Lowland,4.6,13.5,27.7,47.6,10.8,56.0,29.5,1650.0,0.77,7,14,1.78,3.16,2.52,24.5,66.1,5.7,0,1
Himachal Pradesh,Shimla,Kotkhai Giri River Lowland,39.2,154.1,495.8,852.5,413.5,87.8,29.5,1650.0,0.77,7,14,3.11,3.16,2.52,21.8,95.1,31.6,3,3
Himachal Pradesh,Shimla,Kotkhai Giri River Lowland,1.3,3.6,13.8,24.4,8.2,55.5,29.5,1650.0,0.77,7,14,1.42,3.16,2.52,30.8,52.1,5.8,0,1
Himachal Pradesh,Shimla,Kotkhai Giri River Lowland,89.9,417.8,840.5,1475.8,1252.3,90.8,29.5,1650.0,0.77,7,14,4.58,3.16,2.52,23.6,93.9,36.7,3,3
Himachal Pradesh,Shimla,Kotkhai Giri River Lowland,0.2,2.4,7.8,23.2,2.4,26.8,29.5,1650.0,0.77,7,14,1.58,3.16,2.52,30.1,61.0,14.5,0,1
Himachal Pradesh,Kangra,Dharamshala McLeodGanj Slope Ward 2,1.1,18.5,76.0,154.3,58.0,76.4,33.5,1780.0,0.87,6,18,2.6,2.75,2.13,22.9,77.5,19.0,1,3
Himachal Pradesh,Kangra,Dharamshala McLeodGanj Slope Ward 2,0.4,2.6,11.3,27.6,6.0,57.7,33.5,1780.0,0.87,6,18,0.52,2.75,2.13,29.2,69.4,5.8,0,2
Himachal Pradesh,Kangra,Dharamshala McLeodGanj Slope Ward 2,2.5,5.2,16.4,26.2,8.9,40.8,33.5,1780.0,0.87,6,18,0.63,2.75,2.13,22.8,52.5,11.0,0,2
Himachal Pradesh,Kangra,Dharamshala McLeodGanj Slope Ward 2,2.7,21.3,85.4,204.6,82.7,66.7,33.5,1780.0,0.87,6,18,2.33,2.75,2.13,24.2,78.5,23.2,1,3
Himachal Pradesh,Kangra,Dharamshala McLeodGanj Slope Ward 2,10.9,45.1,155.8,274.4,90.7,77.6,33.5,1780.0,0.87,6,18,2.0,2.75,2.13,25.9,77.7,18.0,1,3
Himachal Pradesh,Kangra,Dharamshala McLeodGanj Slope Ward 2,18.5,125.0,371.7,594.4,304.9,81.9,33.5,1780.0,0.87,6,18,2.93,2.75,2.13,24.6,85.9,32.0,2,3
Himachal Pradesh,Kangra,Dharamshala McLeodGanj Slope Ward 2,9.7,48.1,134.3,234.2,101.9,62.8,33.5,1780.0,0.87,6,18,2.06,2.75,2.13,24.3,79.5,12.4,0,3
Himachal Pradesh,Kangra,Dharamshala McLeodGanj Slope Ward 2,6.3,41.4,159.1,323.1,112.1,75.3,33.5,1780.0,0.87,6,18,2.16,2.75,2.13,23.4,84.5,23.8,2,3
Himachal Pradesh,Kangra,Dharamshala McLeodGanj Slope Ward 2,0.7,2.5,11.7,29.6,5.7,43.9,33.5,1780.0,0.87,6,18,1.12,2.75,2.13,27.2,49.9,9.2,0,2
Himachal Pradesh,Kangra,Dharamshala McLeodGanj Slope Ward 2,38.1,140.6,453.3,683.7,510.3,82.7,33.5,1780.0,0.87,6,18,2.94,2.75,2.13,22.9,89.0,41.5,3,3
Himachal Pradesh,Kangra,Dharamshala McLeodGanj Slope Ward 2,35.3,163.4,446.4,710.1,481.1,84.2,33.5,1780.0,0.87,6,18,3.0,2.75,2.13,25.7,90.3,46.1,3,3
Himachal Pradesh,Kangra,Dharamshala McLeodGanj Slope Ward 2,1.1,4.9,15.1,22.6,5.6,50.3,33.5,1780.0,0.87,6,18,0.8,2.75,2.13,30.7,48.8,11.9,0,2
Himachal Pradesh,Kangra,Dharamshala McLeodGanj Slope Ward 2,1.9,5.0,9.9,24.9,5.3,26.4,33.5,1780.0,0.87,6,18,1.29,2.75,2.13,22.6,66.4,7.8,0,2
Himachal Pradesh,Kangra,Dharamshala McLeodGanj Slope Ward 2,0.3,3.4,13.1,24.5,4.3,39.6,33.5,1780.0,0.87,6,18,1.06,2.75,2.13,24.4,54.8,9.1,0,2
Himachal Pradesh,Kangra,Dharamshala McLeodGanj Slope Ward 2,25.4,145.7,342.8,660.8,358.2,87.1,33.5,1780.0,0.87,6,18,3.0,2.75,2.13,25.8,91.8,29.0,3,3
Himachal Pradesh,Kangra,Dharamshala McLeodGanj Slope Ward 2,4.2,15.0,32.3,60.1,19.8,41.8,33.5,1780.0,0.87,6,18,1.14,2.75,2.13,25.4,51.4,14.1,0,2
Himachal Pradesh,Kangra,Dharamshala McLeodGanj Slope Ward 2,1.9,6.2,18.0,33.5,7.0,41.6,33.5,1780.0,0.87,6,18,1.13,2.75,2.13,27.5,57.5,13.1,0,2
Himachal Pradesh,Kangra,Dharamshala McLeodGanj Slope Ward 2,28.2,118.2,339.6,597.3,331.4,81.4,33.5,1780.0,0.87,6,18,2.81,2.75,2.13,24.1,89.0,36.4,3,3
Himachal Pradesh,Kangra,Dharamshala McLeodGanj Slope Ward 2,17.9,100.8,331.5,579.6,447.1,87.1,33.5,1780.0,0.87,6,18,3.11,2.75,2.13,21.6,89.6,39.2,2,3
Himachal Pradesh,Kangra,Dharamshala McLeodGanj Slope Ward 2,18.1,111.6,317.7,510.6,308.8,82.4,33.5,1780.0,0.87,6,18,2.68,2.75,2.13,21.4,95.8,39.4,2,3
Himachal Pradesh,Kangra,Dharamshala McLeodGanj Slope Ward 2,8.7,48.8,164.2,273.4,136.7,76.9,33.5,1780.0,0.87,6,18,2.41,2.75,2.13,21.0,75.4,18.9,2,3
Himachal Pradesh,Kangra,Dharamshala McLeodGanj Slope Ward 2,9.6,47.6,178.1,379.8,132.0,70.9,33.5,1780.0,0.87,6,18,2.38,2.75,2.13,21.0,86.7,26.4,1,3
Himachal Pradesh,Kangra,Dharamshala McLeodGanj Slope Ward 2,13.7,64.9,163.1,299.3,121.6,69.2,33.5,1780.0,0.87,6,18,2.48,2.75,2.13,22.3,81.2,14.2,1,3
Himachal Pradesh,Kangra,Dharamshala McLeodGanj Slope Ward 2,1.7,7.4,20.9,42.5,9.4,46.4,33.5,1780.0,0.87,6,18,0.92,2.75,2.13,26.4,60.3,11.5,0,2
Himachal Pradesh,Kangra,Dharamshala McLeodGanj Slope Ward 2,47.1,215.8,607.7,1037.7,815.1,93.1,33.5,1780.0,0.87,6,18,3.69,2.75,2.13,17.4,93.0,67.6,3,3
Himachal Pradesh,Kangra,Jawalamukhi Banganga Basin,2.5,7.8,19.6,29.5,8.0,39.5,11.0,610.0,0.48,11,4,2.08,3.75,3.05,24.9,72.5,15.9,0,0
Himachal Pradesh,Kangra,Jawalamukhi Banganga Basin,38.1,178.4,440.8,801.1,591.3,91.4,11.0,610.0,0.48,11,4,4.17,3.75,3.05,24.4,85.1,45.8,3,0
Himachal Pradesh,Kangra,Jawalamukhi Banganga Basin,0.7,4.3,16.1,33.4,6.7,28.6,11.0,610.0,0.48,11,4,1.76,3.75,3.05,30.4,58.3,9.8,0,0
Himachal Pradesh,Kangra,Jawalamukhi Banganga Basin,5.3,18.0,46.5,69.5,28.7,49.0,11.0,610.0,0.48,11,4,1.08,3.75,3.05,27.1,53.3,11.9,0,0
Himachal Pradesh,Kangra,Jawalamukhi Banganga Basin,7.2,41.5,132.2,267.8,129.1,67.1,11.0,610.0,0.48,11,4,3.41,3.75,3.05,25.3,86.4,12.6,1,0
Himachal Pradesh,Kangra,Jawalamukhi Banganga Basin,4.3,20.2,83.4,182.1,49.3,75.0,11.0,610.0,0.48,11,4,3.3,3.75,3.05,22.3,77.6,26.0,2,0
Himachal Pradesh,Kangra,Jawalamukhi Banganga Basin,87.4,376.9,754.9,1083.1,1007.4,92.5,11.0,610.0,0.48,11,4,5.14,3.75,3.05,20.7,96.5,54.4,3,0
Himachal Pradesh,Kangra,Jawalamukhi Banganga Basin,5.0,24.9,77.6,176.1,57.1,67.7,11.0,610.0,0.48,11,4,3.06,3.75,3.05,20.8,76.5,26.1,1,0
Himachal Pradesh,Kangra,Jawalamukhi Banganga Basin,22.2,131.9,375.0,653.8,325.5,87.8,11.0,610.0,0.48,11,4,4.36,3.75,3.05,24.2,90.3,45.1,3,0
Himachal Pradesh,Kangra,Jawalamukhi Banganga Basin,1.5,15.0,60.4,161.4,32.4,74.3,11.0,610.0,0.48,11,4,2.85,3.75,3.05,22.5,80.1,19.1,0,0
Himachal Pradesh,Kangra,Jawalamukhi Banganga Basin,0.9,3.4,11.3,22.4,5.2,43.9,11.0,610.0,0.48,11,4,0.8,3.75,3.05,24.1,63.8,15.4,0,0
Himachal Pradesh,Kangra,Jawalamukhi Banganga Basin,0.9,16.7,63.2,146.2,58.3,76.6,11.0,610.0,0.48,11,4,3.34,3.75,3.05,24.4,83.5,20.3,2,0
Himachal Pradesh,Kangra,Jawalamukhi Banganga Basin,2.7,6.0,20.9,37.6,13.9,35.9,11.0,610.0,0.48,11,4,0.89,3.75,3.05,29.3,73.2,5.4,0,0
Himachal Pradesh,Kangra,Jawalamukhi Banganga Basin,2.0,6.2,17.5,27.1,6.9,50.5,11.0,610.0,0.48,11,4,0.94,3.75,3.05,24.7,48.7,13.6,0,0
Himachal Pradesh,Kangra,Jawalamukhi Banganga Basin,3.4,24.6,73.9,149.8,70.8,68.6,11.0,610.0,0.48,11,4,2.61,3.75,3.05,26.6,82.9,14.4,0,0
Himachal Pradesh,Kangra,Jawalamukhi Banganga Basin,34.8,149.1,374.5,644.2,361.2,80.8,11.0,610.0,0.48,11,4,3.86,3.75,3.05,23.2,90.2,32.3,3,0
Himachal Pradesh,Kangra,Jawalamukhi Banganga Basin,1.3,5.5,19.8,33.5,6.1,41.4,11.0,610.0,0.48,11,4,1.2,3.75,3.05,25.7,61.4,6.2,0,0
Himachal Pradesh,Kangra,Jawalamukhi Banganga Basin,1.4,5.4,13.9,28.4,6.0,51.7,11.0,610.0,0.48,11,4,2.24,3.75,3.05,23.0,50.1,14.5,0,0
Himachal Pradesh,Kangra,Jawalamukhi Banganga Basin,3.0,18.0,73.8,174.5,47.2,74.3,11.0,610.0,0.48,11,4,2.84,3.75,3.05,22.5,79.4,14.4,0,0
Himachal Pradesh,Kangra,Jawalamukhi Banganga Basin,1.1,3.9,12.6,29.1,6.5,35.3,11.0,610.0,0.48,11,4,1.67,3.75,3.05,25.2,66.3,10.7,0,0
Himachal Pradesh,Kangra,Jawalamukhi Banganga Basin,39.8,144.6,423.3,780.2,528.7,80.3,11.0,610.0,0.48,11,4,4.05,3.75,3.05,25.8,85.4,35.6,3,0
Himachal Pradesh,Kangra,Jawalamukhi Banganga Basin,1.4,5.3,17.9,29.8,8.5,34.7,11.0,610.0,0.48,11,4,2.15,3.75,3.05,28.8,60.7,11.8,0,0
Himachal Pradesh,Kangra,Jawalamukhi Banganga Basin,1.1,3.3,9.3,22.1,4.7,33.3,11.0,610.0,0.48,11,4,1.33,3.75,3.05,31.4,72.8,12.9,0,0
Himachal Pradesh,Kangra,Jawalamukhi Banganga Basin,18.4,113.7,269.5,434.6,373.6,82.4,11.0,610.0,0.48,11,4,3.77,3.75,3.05,23.6,90.9,33.3,3,0
Himachal Pradesh,Kangra,Jawalamukhi Banganga Basin,0.7,2.1,9.0,19.0,6.0,34.1,11.0,610.0,0.48,11,4,1.97,3.75,3.05,30.7,62.5,8.4,0,0
Himachal Pradesh,Kangra,Indora Beas Floodplain Village,0.5,3.2,7.2,14.8,2.9,28.4,3.0,295.0,0.2,15,0,1.92,3.56,3.04,27.9,68.0,8.6,0,0
Himachal Pradesh,Kangra,Indora Beas Floodplain Village,29.8,142.7,456.3,771.3,579.5,91.8,3.0,295.0,0.2,15,0,3.48,3.56,3.04,24.4,86.6,29.1,3,0
Himachal Pradesh,Kangra,Indora Beas Floodplain Village,23.1,126.2,356.5,661.6,392.2,79.6,3.0,295.0,0.2,15,0,3.98,3.56,3.04,21.0,89.2,36.9,3,0
Himachal Pradesh,Kangra,Indora Beas Floodplain Village,1.1,4.3,18.3,42.0,11.6,48.5,3.0,295.0,0.2,15,0,1.99,3.56,3.04,27.6,59.7,13.7,0,0
Himachal Pradesh,Kangra,Indora Beas Floodplain Village,4.6,27.7,82.5,170.3,74.4,73.7,3.0,295.0,0.2,15,0,2.75,3.56,3.04,24.5,88.0,27.0,1,0
Himachal Pradesh,Kangra,Indora Beas Floodplain Village,2.3,6.9,16.0,25.1,6.8,28.1,3.0,295.0,0.2,15,0,1.16,3.56,3.04,24.5,72.6,11.7,0,0
Himachal Pradesh,Kangra,Indora Beas Floodplain Village,4.1,10.2,24.4,41.1,16.8,52.2,3.0,295.0,0.2,15,0,2.04,3.56,3.04,31.3,74.9,12.0,0,0
Himachal Pradesh,Kangra,Indora Beas Floodplain Village,11.2,52.7,184.0,287.5,190.7,64.5,3.0,295.0,0.2,15,0,3.17,3.56,3.04,27.0,76.7,18.7,2,0
Himachal Pradesh,Kangra,Indora Beas Floodplain Village,16.4,90.3,240.8,503.1,281.4,78.2,3.0,295.0,0.2,15,0,4.28,3.56,3.04,24.8,88.5,42.7,3,0
Himachal Pradesh,Kangra,Indora Beas Floodplain Village,73.1,372.1,1028.6,1732.6,1082.1,97.8,3.0,295.0,0.2,15,0,5.08,3.56,3.04,21.8,92.6,52.7,3,0
Himachal Pradesh,Kangra,Indora Beas Floodplain Village,1.5,4.6,15.1,26.0,6.2,36.6,3.0,295.0,0.2,15,0,1.11,3.56,3.04,27.7,65.9,11.2,0,0
Himachal Pradesh,Kangra,Indora Beas Floodplain Village,4.4,20.7,78.2,186.4,75.1,74.6,3.0,295.0,0.2,15,0,2.76,3.56,3.04,23.0,76.1,23.6,0,0
Himachal Pradesh,Kangra,Indora Beas Floodplain Village,2.9,10.1,28.8,49.7,9.3,48.3,3.0,295.0,0.2,15,0,0.82,3.56,3.04,23.4,54.5,7.5,0,0
Himachal Pradesh,Kangra,Indora Beas Floodplain Village,2.4,7.4,21.1,35.1,11.2,36.5,3.0,295.0,0.2,15,0,1.64,3.56,3.04,26.5,63.9,14.1,0,0
Himachal Pradesh,Kangra,Indora Beas Floodplain Village,3.9,12.1,30.0,53.0,18.7,51.3,3.0,295.0,0.2,15,0,0.87,3.56,3.04,29.0,60.1,14.1,0,0
Himachal Pradesh,Kangra,Indora Beas Floodplain Village,17.3,102.6,279.1,478.4,254.5,80.0,3.0,295.0,0.2,15,0,4.01,3.56,3.04,21.0,89.2,39.7,3,0
Himachal Pradesh,Kangra,Indora Beas Floodplain Village,1.7,6.4,17.1,29.2,9.6,28.3,3.0,295.0,0.2,15,0,2.13,3.56,3.04,25.1,59.0,7.0,0,0
Himachal Pradesh,Kangra,Indora Beas Floodplain Village,5.1,15.5,40.3,68.8,16.2,37.3,3.0,295.0,0.2,15,0,1.1,3.56,3.04,28.8,54.0,15.7,0,0
Himachal Pradesh,Kangra,Indora Beas Floodplain Village,34.1,185.4,491.6,957.6,401.7,85.2,3.0,295.0,0.2,15,0,4.37,3.56,3.04,25.1,95.6,48.6,3,0
Himachal Pradesh,Kangra,Indora Beas Floodplain Village,1.7,7.3,16.8,39.6,7.1,50.3,3.0,295.0,0.2,15,0,1.93,3.56,3.04,26.6,50.0,5.0,0,0
Himachal Pradesh,Kangra,Indora Beas Floodplain Village,0.7,2.9,7.3,11.1,2.9,47.6,3.0,295.0,0.2,15,0,2.01,3.56,3.04,25.7,59.3,8.8,0,0
Himachal Pradesh,Kangra,Indora Beas Floodplain Village,4.9,32.3,128.4,286.5,123.0,63.5,3.0,295.0,0.2,15,0,2.69,3.56,3.04,26.1,76.7,24.4,1,0
Himachal Pradesh,Kangra,Indora Beas Floodplain Village,35.5,179.1,441.1,785.6,508.1,81.1,3.0,295.0,0.2,15,0,4.03,3.56,3.04,24.1,89.1,33.5,3,0
Himachal Pradesh,Kangra,Indora Beas Floodplain Village,30.3,171.4,470.4,728.4,499.2,82.8,3.0,295.0,0.2,15,0,4.08,3.56,3.04,21.4,88.1,34.7,3,0
Himachal Pradesh,Kangra,Indora Beas Floodplain Village,15.9,106.0,283.8,575.2,241.1,87.6,3.0,295.0,0.2,15,0,3.49,3.56,3.04,24.9,93.8,25.3,2,0
Himachal Pradesh,Kinnaur,Nigulsari NH-5 Rockfall Zone,2.2,6.6,21.4,39.1,8.6,45.9,46.0,2180.0,0.96,8,26,0.96,2.25,1.68,30.0,58.5,9.1,0,2
Himachal Pradesh,Kinnaur,Nigulsari NH-5 Rockfall Zone,4.6,27.2,97.0,231.2,70.8,72.8,46.0,2180.0,0.96,8,26,1.53,2.25,1.68,22.7,87.1,21.4,0,3
Himachal Pradesh,Kinnaur,Nigulsari NH-5 Rockfall Zone,5.0,16.1,36.7,54.1,18.2,37.1,46.0,2180.0,0.96,8,26,1.18,2.25,1.68,28.9,52.6,8.7,0,2
Himachal Pradesh,Kinnaur,Nigulsari NH-5 Rockfall Zone,2.0,7.2,17.1,25.6,9.5,44.7,46.0,2180.0,0.96,8,26,0.77,2.25,1.68,22.4,67.2,7.7,0,2
Himachal Pradesh,Kinnaur,Nigulsari NH-5 Rockfall Zone,1.4,4.9,15.4,31.9,8.9,33.1,46.0,2180.0,0.96,8,26,1.13,2.25,1.68,30.3,67.0,10.8,0,2
Himachal Pradesh,Kinnaur,Nigulsari NH-5 Rockfall Zone,7.2,30.6,101.1,227.3,73.7,77.7,46.0,2180.0,0.96,8,26,1.48,2.25,1.68,27.4,84.7,18.8,1,3
Himachal Pradesh,Kinnaur,Nigulsari NH-5 Rockfall Zone,1.1,4.0,16.9,33.4,5.9,31.3,46.0,2180.0,0.96,8,26,0.7,2.25,1.68,25.0,60.4,14.4,0,2
Himachal Pradesh,Kinnaur,Nigulsari NH-5 Rockfall Zone,0.2,1.7,9.9,22.5,6.1,34.1,46.0,2180.0,0.96,8,26,1.01,2.25,1.68,28.0,72.3,12.5,0,2
Himachal Pradesh,Kinnaur,Nigulsari NH-5 Rockfall Zone,0.9,2.1,5.7,14.2,3.9,35.5,46.0,2180.0,0.96,8,26,0.67,2.25,1.68,22.2,54.7,5.7,0,2
Himachal Pradesh,Kinnaur,Nigulsari NH-5 Rockfall Zone,4.6,14.7,40.2,62.8,27.0,25.4,46.0,2180.0,0.96,8,26,0.76,2.25,1.68,25.5,58.3,10.1,0,2
Himachal Pradesh,Kinnaur,Nigulsari NH-5 Rockfall Zone,20.3,122.7,298.7,633.7,352.1,85.9,46.0,2180.0,0.96,8,26,2.37,2.25,1.68,19.7,95.8,34.2,3,3
Himachal Pradesh,Kinnaur,Nigulsari NH-5 Rockfall Zone,1.7,5.7,15.4,24.8,7.3,57.9,46.0,2180.0,0.96,8,26,0.52,2.25,1.68,31.7,61.7,10.4,0,2
Himachal Pradesh,Kinnaur,Nigulsari NH-5 Rockfall Zone,3.2,9.7,30.1,42.8,21.0,43.8,46.0,2180.0,0.96,8,26,0.64,2.25,1.68,23.6,68.3,13.1,0,2
Himachal Pradesh,Kinnaur,Nigulsari NH-5 Rockfall Zone,12.1,53.2,160.1,288.9,90.2,76.2,46.0,2180.0,0.96,8,26,2.11,2.25,1.68,26.1,79.1,20.6,2,3
Himachal Pradesh,Kinnaur,Nigulsari NH-5 Rockfall Zone,1.4,5.4,18.8,37.9,7.0,34.5,46.0,2180.0,0.96,8,26,0.9,2.25,1.68,25.3,58.9,6.9,0,2
Himachal Pradesh,Kinnaur,Nigulsari NH-5 Rockfall Zone,62.3,325.5,775.5,1233.7,1160.1,99.5,46.0,2180.0,0.96,8,26,3.31,2.25,1.68,21.9,98.6,48.0,3,3
Himachal Pradesh,Kinnaur,Nigulsari NH-5 Rockfall Zone,2.4,7.4,17.0,37.3,9.5,43.2,46.0,2180.0,0.96,8,26,1.16,2.25,1.68,30.5,49.8,9.1,0,2
Himachal Pradesh,Kinnaur,Nigulsari NH-5 Rockfall Zone,19.4,133.3,341.1,668.4,367.3,81.4,46.0,2180.0,0.96,8,26,2.54,2.25,1.68,25.9,93.8,49.3,2,3
Himachal Pradesh,Kinnaur,Nigulsari NH-5 Rockfall Zone,2.1,19.6,80.4,156.8,86.6,62.1,46.0,2180.0,0.96,8,26,1.45,2.25,1.68,25.4,86.3,27.9,0,3
Himachal Pradesh,Kinnaur,Nigulsari NH-5 Rockfall Zone,16.8,90.5,278.1,568.3,311.6,78.3,46.0,2180.0,0.96,8,26,2.46,2.25,1.68,23.8,88.2,35.0,2,3
Himachal Pradesh,Kinnaur,Nigulsari NH-5 Rockfall Zone,34.2,159.8,443.6,739.2,393.7,81.7,46.0,2180.0,0.96,8,26,2.69,2.25,1.68,24.0,86.2,29.2,3,3
Himachal Pradesh,Kinnaur,Nigulsari NH-5 Rockfall Zone,14.7,61.4,200.6,333.6,109.2,76.4,46.0,2180.0,0.96,8,26,1.78,2.25,1.68,22.0,78.4,16.7,2,3
Himachal Pradesh,Kinnaur,Nigulsari NH-5 Rockfall Zone,14.0,66.5,205.2,409.7,138.1,65.5,46.0,2180.0,0.96,8,26,1.69,2.25,1.68,22.9,78.8,27.1,1,3
Himachal Pradesh,Kinnaur,Nigulsari NH-5 Rockfall Zone,2.1,6.8,17.6,36.4,6.3,34.6,46.0,2180.0,0.96,8,26,0.79,2.25,1.68,28.4,45.8,7.3,0,2
Himachal Pradesh,Kinnaur,Nigulsari NH-5 Rockfall Zone,1.8,5.3,19.3,38.8,10.6,30.6,46.0,2180.0,0.96,8,26,0.76,2.25,1.68,23.6,70.6,8.5,0,2
Himachal Pradesh,Kinnaur,Sangla Baspa Valley Ward,6.6,31.4,102.4,192.9,72.2,66.9,31.0,2680.0,0.84,13,17,1.59,2.32,1.66,22.2,85.1,24.6,1,2
Himachal Pradesh,Kinnaur,Sangla Baspa Valley Ward,12.7,51.1,191.3,410.4,185.5,70.4,31.0,2680.0,0.84,13,17,1.59,2.32,1.66,21.6,83.6,18.4,1,2
Himachal Pradesh,Kinnaur,Sangla Baspa Valley Ward,2.7,6.1,18.6,39.8,12.8,26.8,31.0,2680.0,0.84,13,17,0.92,2.32,1.66,24.5,52.7,13.1,0,1
Himachal Pradesh,Kinnaur,Sangla Baspa Valley Ward,0.5,12.2,58.6,123.7,48.7,63.5,31.0,2680.0,0.84,13,17,1.56,2.32,1.66,26.6,75.8,26.5,0,2
Himachal Pradesh,Kinnaur,Sangla Baspa Valley Ward,5.3,24.0,91.5,192.0,88.6,67.1,31.0,2680.0,0.84,13,17,1.91,2.32,1.66,21.6,76.5,13.3,1,2
Himachal Pradesh,Kinnaur,Sangla Baspa Valley Ward,0.4,1.6,8.2,21.7,2.8,54.3,31.0,2680.0,0.84,13,17,1.08,2.32,1.66,23.9,69.2,11.8,0,1
Himachal Pradesh,Kinnaur,Sangla Baspa Valley Ward,2.7,22.3,85.5,166.4,69.1,77.2,31.0,2680.0,0.84,13,17,1.65,2.32,1.66,26.9,78.2,16.4,1,2
Himachal Pradesh,Kinnaur,Sangla Baspa Valley Ward,12.6,49.7,191.6,357.3,207.8,69.5,31.0,2680.0,0.84,13,17,1.54,2.32,1.66,20.5,80.6,16.9,1,2
Himachal Pradesh,Kinnaur,Sangla Baspa Valley Ward,65.5,313.4,697.5,1166.9,977.5,93.0,31.0,2680.0,0.84,13,17,3.34,2.32,1.66,16.8,94.1,59.4,3,3
Himachal Pradesh,Kinnaur,Sangla Baspa Valley Ward,6.5,27.3,110.4,251.3,65.6,77.3,31.0,2680.0,0.84,13,17,2.19,2.32,1.66,25.2,85.3,24.5,2,3
Himachal Pradesh,Kinnaur,Sangla Baspa Valley Ward,2.1,7.5,22.4,34.1,9.9,49.6,31.0,2680.0,0.84,13,17,0.84,2.32,1.66,26.3,56.8,9.6,0,1
Himachal Pradesh,Kinnaur,Sangla Baspa Valley Ward,25.1,145.5,468.0,849.1,572.2,80.9,31.0,2680.0,0.84,13,17,2.7,2.32,1.66,20.4,89.1,33.0,3,3
Himachal Pradesh,Kinnaur,Sangla Baspa Valley Ward,23.1,116.7,302.8,589.7,286.4,82.6,31.0,2680.0,0.84,13,17,2.54,2.32,1.66,23.8,90.2,49.3,3,3
Himachal Pradesh,Kinnaur,Sangla Baspa Valley Ward,1.5,6.0,20.1,35.0,9.0,28.3,31.0,2680.0,0.84,13,17,0.98,2.32,1.66,24.8,56.1,15.2,0,1
Himachal Pradesh,Kinnaur,Sangla Baspa Valley Ward,0.3,2.8,12.2,19.9,4.4,34.9,31.0,2680.0,0.84,13,17,0.65,2.32,1.66,22.9,52.4,11.3,0,1
Himachal Pradesh,Kinnaur,Sangla Baspa Valley Ward,21.5,111.9,283.6,485.5,347.9,82.4,31.0,2680.0,0.84,13,17,2.8,2.32,1.66,25.2,89.9,47.1,3,3
Himachal Pradesh,Kinnaur,Sangla Baspa Valley Ward,0.2,1.9,9.5,18.2,5.7,25.8,31.0,2680.0,0.84,13,17,0.59,2.32,1.66,26.1,56.9,10.3,0,1
Himachal Pradesh,Kinnaur,Sangla Baspa Valley Ward,0.9,4.9,11.5,17.8,5.8,51.3,31.0,2680.0,0.84,13,17,1.09,2.32,1.66,26.9,62.2,12.0,0,1
Himachal Pradesh,Kinnaur,Sangla Baspa Valley Ward,29.1,174.2,487.1,904.6,659.3,86.5,31.0,2680.0,0.84,13,17,2.9,2.32,1.66,24.0,93.4,35.8,3,3
Himachal Pradesh,Kinnaur,Sangla Baspa Valley Ward,1.0,5.0,17.9,30.4,7.8,42.4,31.0,2680.0,0.84,13,17,1.02,2.32,1.66,30.2,58.0,5.2,0,1
Himachal Pradesh,Kinnaur,Sangla Baspa Valley Ward,5.3,29.6,79.4,163.0,50.3,72.8,31.0,2680.0,0.84,13,17,1.67,2.32,1.66,23.7,83.7,24.3,1,2
Himachal Pradesh,Kinnaur,Sangla Baspa Valley Ward,5.4,33.2,119.0,251.9,72.5,62.4,31.0,2680.0,0.84,13,17,1.89,2.32,1.66,26.8,85.1,20.6,1,2
Himachal Pradesh,Kinnaur,Sangla Baspa Valley Ward,59.4,248.1,554.8,881.6,970.4,92.1,31.0,2680.0,0.84,13,17,3.15,2.32,1.66,17.1,98.3,52.6,3,3
Himachal Pradesh,Kinnaur,Sangla Baspa Valley Ward,24.4,130.3,393.1,682.8,363.0,83.3,31.0,2680.0,0.84,13,17,2.77,2.32,1.66,18.7,86.9,47.8,3,3
Himachal Pradesh,Kinnaur,Sangla Baspa Valley Ward,18.0,101.6,304.8,589.5,278.8,91.8,31.0,2680.0,0.84,13,17,2.76,2.32,1.66,20.9,87.8,27.8,3,3
Himachal Pradesh,Kinnaur,Pooh Spiti Confluence Sector,25.0,140.3,467.9,820.7,458.7,92.0,39.0,2840.0,0.88,6,19,2.38,2.44,2.04,23.1,89.3,36.8,3,3
Himachal Pradesh,Kinnaur,Pooh Spiti Confluence Sector,56.6,272.6,578.1,934.5,650.1,96.6,39.0,2840.0,0.88,6,19,3.76,2.44,2.04,16.5,97.6,69.7,3,3
Himachal Pradesh,Kinnaur,Pooh Spiti Confluence Sector,19.2,70.9,173.6,389.7,164.1,75.0,39.0,2840.0,0.88,6,19,1.84,2.44,2.04,27.0,76.4,14.6,1,3
Himachal Pradesh,Kinnaur,Pooh Spiti Confluence Sector,11.8,49.2,172.4,319.2,120.5,76.2,39.0,2840.0,0.88,6,19,1.75,2.44,2.04,27.0,86.9,12.7,1,3
Himachal Pradesh,Kinnaur,Pooh Spiti Confluence Sector,1.7,5.9,11.7,21.4,8.1,28.7,39.0,2840.0,0.88,6,19,0.99,2.44,2.04,31.8,70.7,10.9,0,2
Himachal Pradesh,Kinnaur,Pooh Spiti Confluence Sector,1.3,5.2,14.7,27.0,8.3,37.1,39.0,2840.0,0.88,6,19,1.13,2.44,2.04,29.2,59.3,13.2,0,2
Himachal Pradesh,Kinnaur,Pooh Spiti Confluence Sector,19.9,91.4,305.8,475.8,318.7,90.4,39.0,2840.0,0.88,6,19,2.4,2.44,2.04,19.8,87.0,41.5,2,3
Himachal Pradesh,Kinnaur,Pooh Spiti Confluence Sector,1.4,6.2,19.0,40.7,6.7,38.9,39.0,2840.0,0.88,6,19,1.18,2.44,2.04,27.8,73.0,5.4,0,2
Himachal Pradesh,Kinnaur,Pooh Spiti Confluence Sector,62.4,230.4,506.4,778.2,572.0,93.1,39.0,2840.0,0.88,6,19,3.56,2.44,2.04,19.9,94.4,60.1,3,3
Himachal Pradesh,Kinnaur,Pooh Spiti Confluence Sector,29.4,135.3,397.2,616.5,500.9,90.9,39.0,2840.0,0.88,6,19,2.56,2.44,2.04,25.1,87.8,45.2,3,3
Himachal Pradesh,Kinnaur,Pooh Spiti Confluence Sector,10.1,48.2,156.9,295.1,112.9,72.3,39.0,2840.0,0.88,6,19,2.3,2.44,2.04,21.0,78.0,19.3,1,3
Himachal Pradesh,Kinnaur,Pooh Spiti Confluence Sector,1.3,4.1,13.4,30.2,4.5,53.6,39.0,2840.0,0.88,6,19,1.02,2.44,2.04,26.0,73.2,16.0,0,2
Himachal Pradesh,Kinnaur,Pooh Spiti Confluence Sector,3.0,9.1,22.4,39.1,8.1,53.4,39.0,2840.0,0.88,6,19,1.04,2.44,2.04,30.0,55.9,7.5,0,2
Himachal Pradesh,Kinnaur,Pooh Spiti Confluence Sector,70.1,279.6,623.4,1069.7,998.0,91.4,39.0,2840.0,0.88,6,19,3.96,2.44,2.04,20.9,98.0,46.1,3,3
Himachal Pradesh,Kinnaur,Pooh Spiti Confluence Sector,92.3,376.8,1085.1,1616.1,1899.5,90.0,39.0,2840.0,0.88,6,19,3.2,2.44,2.04,20.4,94.2,71.9,3,3
Himachal Pradesh,Kinnaur,Pooh Spiti Confluence Sector,8.2,40.9,119.8,271.0,117.9,77.2,39.0,2840.0,0.88,6,19,1.88,2.44,2.04,26.3,83.4,18.3,1,3
Himachal Pradesh,Kinnaur,Pooh Spiti Confluence Sector,6.2,17.6,50.8,89.9,30.3,56.2,39.0,2840.0,0.88,6,19,0.66,2.44,2.04,26.4,65.2,13.4,0,2
Himachal Pradesh,Kinnaur,Pooh Spiti Confluence Sector,1.2,3.3,11.3,24.0,4.7,29.1,39.0,2840.0,0.88,6,19,1.27,2.44,2.04,26.5,47.1,15.8,0,2
Himachal Pradesh,Kinnaur,Pooh Spiti Confluence Sector,60.1,284.2,704.7,1014.8,1034.5,98.3,39.0,2840.0,0.88,6,19,3.69,2.44,2.04,22.4,97.3,44.0,3,3
Himachal Pradesh,Kinnaur,Pooh Spiti Confluence Sector,3.4,12.0,31.7,61.6,20.1,56.8,39.0,2840.0,0.88,6,19,0.93,2.44,2.04,28.4,71.0,8.1,0,2
Himachal Pradesh,Kinnaur,Pooh Spiti Confluence Sector,21.9,108.4,323.2,644.0,278.2,89.3,39.0,2840.0,0.88,6,19,2.5,2.44,2.04,22.0,91.5,41.6,3,3
Himachal Pradesh,Kinnaur,Pooh Spiti Confluence Sector,0.4,3.2,14.3,26.5,9.6,37.6,39.0,2840.0,0.88,6,19,1.12,2.44,2.04,27.9,68.8,15.5,0,2
Himachal Pradesh,Kinnaur,Pooh Spiti Confluence Sector,4.4,27.4,95.1,220.3,70.0,73.9,39.0,2840.0,0.88,6,19,1.94,2.44,2.04,26.3,86.1,21.2,0,3
Himachal Pradesh,Kinnaur,Pooh Spiti Confluence Sector,17.9,86.1,267.6,507.7,224.8,62.4,39.0,2840.0,0.88,6,19,2.29,2.44,2.04,20.8,87.0,24.8,1,3
Himachal Pradesh,Kinnaur,Pooh Spiti Confluence Sector,36.2,162.4,437.0,709.2,362.1,84.4,39.0,2840.0,0.88,6,19,3.04,2.44,2.04,20.1,93.7,30.2,3,3
Kerala,Wayanad,Chooralmala Debris Funnel Village,2.9,7.7,26.9,49.8,14.7,49.4,34.5,820.0,0.95,16,24,1.54,2.88,2.32,24.3,69.9,6.1,0,2
Kerala,Wayanad,Chooralmala Debris Funnel Village,31.0,140.7,341.7,591.9,345.2,89.3,34.5,820.0,0.95,16,24,3.51,2.88,2.32,24.0,95.6,33.1,3,3
Kerala,Wayanad,Chooralmala Debris Funnel Village,2.1,8.0,24.5,46.5,11.3,48.0,34.5,820.0,0.95,16,24,0.75,2.88,2.32,22.9,62.9,14.6,0,2
Kerala,Wayanad,Chooralmala Debris Funnel Village,22.1,79.1,231.7,480.0,248.8,75.0,34.5,820.0,0.95,16,24,2.65,2.88,2.32,22.4,82.4,13.3,3,3
Kerala,Wayanad,Chooralmala Debris Funnel Village,65.5,255.2,670.8,1104.3,1198.5,92.3,34.5,820.0,0.95,16,24,3.75,2.88,2.32,21.2,93.5,35.5,3,3
Kerala,Wayanad,Chooralmala Debris Funnel Village,1.3,4.2,14.4,28.4,6.7,53.0,34.5,820.0,0.95,16,24,1.22,2.88,2.32,28.3,71.7,15.8,0,2
Kerala,Wayanad,Chooralmala Debris Funnel Village,32.7,191.2,456.2,914.6,452.6,83.0,34.5,820.0,0.95,16,24,3.56,2.88,2.32,19.1,94.5,49.7,3,3
Kerala,Wayanad,Chooralmala Debris Funnel Village,3.4,8.7,30.5,52.1,13.0,51.6,34.5,820.0,0.95,16,24,1.25,2.88,2.32,29.2,66.5,12.1,0,2
Kerala,Wayanad,Chooralmala Debris Funnel Village,12.8,63.6,187.1,368.8,142.5,77.3,34.5,820.0,0.95,16,24,2.1,2.88,2.32,24.5,82.3,12.9,2,3
Kerala,Wayanad,Chooralmala Debris Funnel Village,4.8,14.1,35.5,64.6,24.1,49.0,34.5,820.0,0.95,16,24,1.38,2.88,2.32,26.9,66.1,15.4,0,2
Kerala,Wayanad,Chooralmala Debris Funnel Village,53.4,256.6,679.5,1140.4,1193.9,91.4,34.5,820.0,0.95,16,24,4.16,2.88,2.32,21.5,94.2,35.3,3,3
Kerala,Wayanad,Chooralmala Debris Funnel Village,3.0,22.3,82.3,183.8,77.2,73.7,34.5,820.0,0.95,16,24,2.16,2.88,2.32,24.8,84.9,14.9,1,3
Kerala,Wayanad,Chooralmala Debris Funnel Village,1.3,4.8,9.9,23.3,6.7,37.8,34.5,820.0,0.95,16,24,1.01,2.88,2.32,29.0,49.2,8.8,0,2
Kerala,Wayanad,Chooralmala Debris Funnel Village,1.9,6.4,21.1,33.4,8.2,57.5,34.5,820.0,0.95,16,24,1.28,2.88,2.32,25.4,67.6,10.8,0,2
Kerala,Wayanad,Chooralmala Debris Funnel Village,4.7,14.8,30.5,51.9,15.6,25.2,34.5,820.0,0.95,16,24,0.98,2.88,2.32,22.3,72.2,11.2,0,2
Kerala,Wayanad,Chooralmala Debris Funnel Village,38.9,161.9,375.7,665.6,506.3,86.4,34.5,820.0,0.95,16,24,3.23,2.88,2.32,25.1,92.8,47.0,3,3
Kerala,Wayanad,Chooralmala Debris Funnel Village,2.1,6.6,12.4,29.0,8.4,51.6,34.5,820.0,0.95,16,24,0.89,2.88,2.32,24.9,55.5,7.0,0,2
Kerala,Wayanad,Chooralmala Debris Funnel Village,12.8,62.3,204.7,448.0,216.4,70.8,34.5,820.0,0.95,16,24,2.27,2.88,2.32,23.6,76.5,20.9,1,3
Kerala,Wayanad,Chooralmala Debris Funnel Village,0.3,1.4,5.2,11.4,3.5,55.4,34.5,820.0,0.95,16,24,1.51,2.88,2.32,31.1,66.2,14.2,0,2
Kerala,Wayanad,Chooralmala Debris Funnel Village,1.0,4.4,13.5,26.8,6.2,43.0,34.5,820.0,0.95,16,24,0.75,2.88,2.32,25.2,58.4,7.2,0,2
Kerala,Wayanad,Chooralmala Debris Funnel Village,64.6,267.8,531.5,905.9,661.6,99.4,34.5,820.0,0.95,16,24,4.45,2.88,2.32,22.2,96.9,56.1,3,3
Kerala,Wayanad,Chooralmala Debris Funnel Village,4.0,12.7,37.5,65.3,22.3,42.6,34.5,820.0,0.95,16,24,0.56,2.88,2.32,25.0,50.6,15.6,0,2
Kerala,Wayanad,Chooralmala Debris Funnel Village,1.2,6.0,19.4,30.7,11.2,55.1,34.5,820.0,0.95,16,24,0.62,2.88,2.32,31.5,71.8,12.8,0,2
Kerala,Wayanad,Chooralmala Debris Funnel Village,1.4,3.5,8.7,17.4,5.0,55.5,34.5,820.0,0.95,16,24,0.51,2.88,2.32,24.4,69.4,14.1,0,2
Kerala,Wayanad,Chooralmala Debris Funnel Village,94.3,431.3,1108.4,1512.6,1701.2,98.4,34.5,820.0,0.95,16,24,4.0,2.88,2.32,20.6,98.0,60.0,3,3
Kerala,Wayanad,Meppadi Hill Ward 11,21.8,122.0,327.6,682.5,358.0,86.4,31.0,940.0,0.91,14,22,2.38,2.09,1.43,21.2,92.7,36.2,3,3
Kerala,Wayanad,Meppadi Hill Ward 11,15.5,58.3,157.7,296.6,109.8,77.1,31.0,940.0,0.91,14,22,1.41,2.09,1.43,25.4,87.1,18.4,2,3
Kerala,Wayanad,Meppadi Hill Ward 11,3.8,24.8,70.2,180.0,75.1,70.9,31.0,940.0,0.91,14,22,1.6,2.09,1.43,21.0,87.9,19.5,1,2
Kerala,Wayanad,Meppadi Hill Ward 11,0.7,4.0,14.0,26.3,7.6,39.5,31.0,940.0,0.91,14,22,0.58,2.09,1.43,28.0,46.2,15.3,0,2
Kerala,Wayanad,Meppadi Hill Ward 11,19.7,95.2,313.2,577.6,423.8,82.9,31.0,940.0,0.91,14,22,2.11,2.09,1.43,23.2,89.3,28.8,3,3
Kerala,Wayanad,Meppadi Hill Ward 11,0.3,1.1,7.5,20.1,2.5,33.1,31.0,940.0,0.91,14,22,0.8,2.09,1.43,27.6,49.3,15.6,0,2
Kerala,Wayanad,Meppadi Hill Ward 11,4.8,13.8,37.2,60.8,16.7,29.7,31.0,940.0,0.91,14,22,0.56,2.09,1.43,24.3,56.4,11.2,0,2
Kerala,Wayanad,Meppadi Hill Ward 11,34.2,133.3,394.1,625.8,530.7,91.1,31.0,940.0,0.91,14,22,2.39,2.09,1.43,20.3,91.8,36.2,3,3
Kerala,Wayanad,Meppadi Hill Ward 11,32.1,156.9,502.9,954.1,564.2,83.0,31.0,940.0,0.91,14,22,2.08,2.09,1.43,23.1,86.9,49.2,3,3
Kerala,Wayanad,Meppadi Hill Ward 11,88.7,331.8,871.5,1363.0,1249.0,92.2,31.0,940.0,0.91,14,22,2.89,2.09,1.43,22.7,94.5,72.7,3,3
Kerala,Wayanad,Meppadi Hill Ward 11,11.7,51.9,154.2,282.7,114.0,73.6,31.0,940.0,0.91,14,22,1.37,2.09,1.43,21.7,77.5,15.1,1,3
Kerala,Wayanad,Meppadi Hill Ward 11,31.5,168.8,475.8,814.3,441.6,80.0,31.0,940.0,0.91,14,22,2.05,2.09,1.43,23.2,88.3,45.8,3,3
Kerala,Wayanad,Meppadi Hill Ward 11,30.6,118.8,331.4,585.5,301.0,84.2,31.0,940.0,0.91,14,22,2.42,2.09,1.43,21.1,92.3,31.8,3,3
Kerala,Wayanad,Meppadi Hill Ward 11,29.1,124.2,374.6,652.1,494.8,79.8,31.0,940.0,0.91,14,22,2.57,2.09,1.43,20.5,95.3,40.3,3,3
Kerala,Wayanad,Meppadi Hill Ward 11,36.9,190.4,404.4,763.2,530.4,82.4,31.0,940.0,0.91,14,22,2.55,2.09,1.43,19.6,86.7,30.3,3,3
Kerala,Wayanad,Meppadi Hill Ward 11,24.1,144.3,445.6,813.4,383.6,85.9,31.0,940.0,0.91,14,22,2.55,2.09,1.43,19.2,89.6,38.3,3,3
Kerala,Wayanad,Meppadi Hill Ward 11,11.5,45.0,150.0,319.7,162.9,72.6,31.0,940.0,0.91,14,22,1.33,2.09,1.43,23.6,84.8,14.2,1,3
Kerala,Wayanad,Meppadi Hill Ward 11,1.0,2.8,10.6,27.4,5.7,31.0,31.0,940.0,0.91,14,22,1.01,2.09,1.43,31.7,73.4,11.2,0,2
Kerala,Wayanad,Meppadi Hill Ward 11,39.7,197.7,441.0,729.1,615.5,89.1,31.0,940.0,0.91,14,22,2.4,2.09,1.43,25.7,88.5,42.8,3,3
Kerala,Wayanad,Meppadi Hill Ward 11,46.4,257.9,568.7,891.0,956.0,91.8,31.0,940.0,0.91,14,22,2.77,2.09,1.43,20.2,98.4,54.6,3,3
Kerala,Wayanad,Meppadi Hill Ward 11,44.8,203.4,527.9,802.0,848.8,94.4,31.0,940.0,0.91,14,22,2.58,2.09,1.43,20.4,92.9,74.1,3,3
Kerala,Wayanad,Meppadi Hill Ward 11,2.5,17.2,75.3,148.5,68.0,73.1,31.0,940.0,0.91,14,22,1.47,2.09,1.43,26.4,86.1,24.5,1,3
Kerala,Wayanad,Meppadi Hill Ward 11,2.0,23.5,93.3,189.7,97.8,76.7,31.0,940.0,0.91,14,22,1.28,2.09,1.43,25.3,79.1,20.1,1,3
Kerala,Wayanad,Meppadi Hill Ward 11,4.1,13.8,26.9,41.5,16.7,50.7,31.0,940.0,0.91,14,22,0.99,2.09,1.43,22.1,45.4,13.9,0,2
Kerala,Wayanad,Meppadi Hill Ward 11,30.4,133.8,423.2,842.1,365.4,79.7,31.0,940.0,0.91,14,22,2.43,2.09,1.43,19.6,93.2,27.0,3,3
Kerala,Wayanad,Mundakkai Estate Lowland,2.3,7.0,13.6,25.2,6.7,31.5,37.5,980.0,0.96,18,25,0.92,1.93,1.24,28.1,50.6,8.2,0,2
Kerala,Wayanad,Mundakkai Estate Lowland,10.3,47.7,121.1,212.3,71.0,70.7,37.5,980.0,0.96,18,25,1.81,1.93,1.24,25.6,84.1,13.2,2,3
Kerala,Wayanad,Mundakkai Estate Lowland,1.8,6.9,18.6,35.7,9.3,34.4,37.5,980.0,0.96,18,25,0.68,1.93,1.24,30.2,67.1,10.8,0,2
Kerala,Wayanad,Mundakkai Estate Lowland,4.0,26.3,92.7,166.9,87.1,71.9,37.5,980.0,0.96,18,25,1.69,1.93,1.24,20.6,84.9,23.5,2,3
Kerala,Wayanad,Mundakkai Estate Lowland,1.1,3.2,15.0,29.0,8.6,27.2,37.5,980.0,0.96,18,25,0.61,1.93,1.24,30.4,58.5,13.2,0,2
Kerala,Wayanad,Mundakkai Estate Lowland,3.4,26.7,98.4,188.7,51.7,67.6,37.5,980.0,0.96,18,25,1.42,1.93,1.24,23.7,87.0,25.5,2,3
Kerala,Wayanad,Mundakkai Estate Lowland,66.6,338.9,728.1,1097.9,809.3,93.0,37.5,980.0,0.96,18,25,3.18,1.93,1.24,21.1,94.8,35.6,3,3
Kerala,Wayanad,Mundakkai Estate Lowland,31.5,137.3,321.7,550.1,322.5,78.3,37.5,980.0,0.96,18,25,2.06,1.93,1.24,20.4,95.5,38.7,3,3
Kerala,Wayanad,Mundakkai Estate Lowland,0.4,3.1,14.5,29.7,4.7,56.7,37.5,980.0,0.96,18,25,0.53,1.93,1.24,25.2,59.3,8.2,0,2
Kerala,Wayanad,Mundakkai Estate Lowland,3.0,11.2,24.9,37.8,13.7,47.6,37.5,980.0,0.96,18,25,0.68,1.93,1.24,23.2,48.9,8.1,0,2
Kerala,Wayanad,Mundakkai Estate Lowland,35.2,184.5,559.0,936.7,517.5,82.6,37.5,980.0,0.96,18,25,1.97,1.93,1.24,25.0,88.4,47.9,3,3
Kerala,Wayanad,Mundakkai Estate Lowland,83.7,367.8,801.7,1128.6,1207.5,99.2,37.5,980.0,0.96,18,25,2.51,1.93,1.24,20.7,93.7,67.8,3,3
Kerala,Wayanad,Mundakkai Estate Lowland,2.1,14.9,55.8,143.8,30.6,69.9,37.5,980.0,0.96,18,25,1.52,1.93,1.24,27.1,87.5,16.3,1,3
Kerala,Wayanad,Mundakkai Estate Lowland,3.4,28.4,84.1,187.0,54.5,72.1,37.5,980.0,0.96,18,25,1.31,1.93,1.24,26.6,81.3,14.3,2,3
Kerala,Wayanad,Mundakkai Estate Lowland,1.1,5.4,17.3,36.1,11.8,44.7,37.5,980.0,0.96,18,25,0.55,1.93,1.24,29.3,67.1,7.1,0,2
Kerala,Wayanad,Mundakkai Estate Lowland,22.1,127.2,378.6,610.2,308.6,87.1,37.5,980.0,0.96,18,25,2.27,1.93,1.24,18.6,90.1,47.7,3,3
Kerala,Wayanad,Mundakkai Estate Lowland,1.5,5.5,19.2,28.7,7.9,48.3,37.5,980.0,0.96,18,25,0.69,1.93,1.24,23.6,48.9,15.5,0,2
Kerala,Wayanad,Mundakkai Estate Lowland,0.3,2.5,7.9,18.6,4.4,46.3,37.5,980.0,0.96,18,25,0.67,1.93,1.24,25.3,70.1,5.4,0,2
Kerala,Wayanad,Mundakkai Estate Lowland,2.1,6.9,19.0,32.8,6.2,27.2,37.5,980.0,0.96,18,25,0.57,1.93,1.24,27.2,73.2,7.6,0,2
Kerala,Wayanad,Mundakkai Estate Lowland,39.3,167.9,495.4,870.5,587.1,83.5,37.5,980.0,0.96,18,25,1.92,1.93,1.24,24.6,94.0,36.2,3,3
Kerala,Wayanad,Mundakkai Estate Lowland,1.7,5.7,16.8,27.0,10.7,32.4,37.5,980.0,0.96,18,25,0.52,1.93,1.24,24.2,52.0,6.7,0,2
Kerala,Wayanad,Mundakkai Estate Lowland,27.5,136.0,381.8,732.0,458.8,87.8,37.5,980.0,0.96,18,25,2.15,1.93,1.24,18.3,91.5,30.2,3,3
Kerala,Wayanad,Mundakkai Estate Lowland,13.9,49.9,157.0,333.6,98.5,70.6,37.5,980.0,0.96,18,25,1.77,1.93,1.24,26.0,78.7,20.9,2,3
Kerala,Wayanad,Mundakkai Estate Lowland,7.2,29.7,102.7,195.4,58.7,66.6,37.5,980.0,0.96,18,25,1.08,1.93,1.24,24.8,83.5,20.2,1,3
Kerala,Wayanad,Mundakkai Estate Lowland,9.1,33.7,129.8,279.8,109.3,74.0,37.5,980.0,0.96,18,25,1.7,1.93,1.24,25.4,86.5,25.1,2,3
Kerala,Wayanad,Mananthavady Kabini River Ward 7,4.2,30.9,96.4,183.3,58.7,67.3,8.0,760.0,0.45,15,4,2.62,3.11,2.69,25.8,84.4,19.3,1,0
Kerala,Wayanad,Mananthavady Kabini River Ward 7,0.7,4.7,15.5,33.0,10.5,27.6,8.0,760.0,0.45,15,4,0.66,3.11,2.69,22.0,45.9,5.6,0,0
Kerala,Wayanad,Mananthavady Kabini River Ward 7,0.3,0.6,7.2,13.8,3.2,46.3,8.0,760.0,0.45,15,4,1.97,3.11,2.69,29.4,56.2,8.1,0,0
Kerala,Wayanad,Mananthavady Kabini River Ward 7,4.2,20.7,62.2,152.4,67.8,76.6,8.0,760.0,0.45,15,4,2.37,3.11,2.69,25.1,87.4,24.7,1,0
Kerala,Wayanad,Mananthavady Kabini River Ward 7,38.3,146.4,435.1,860.2,419.4,78.3,8.0,760.0,0.45,15,4,3.48,3.11,2.69,18.5,92.6,30.4,3,0
Kerala,Wayanad,Mananthavady Kabini River Ward 7,1.1,2.6,9.5,13.3,6.3,46.7,8.0,760.0,0.45,15,4,1.96,3.11,2.69,30.8,66.3,12.9,0,0
Kerala,Wayanad,Mananthavady Kabini River Ward 7,3.7,9.9,28.9,55.6,20.2,26.5,8.0,760.0,0.45,15,4,1.35,3.11,2.69,30.6,61.8,12.7,0,0
Kerala,Wayanad,Mananthavady Kabini River Ward 7,32.9,165.8,374.6,733.4,383.6,90.6,8.0,760.0,0.45,15,4,3.63,3.11,2.69,22.3,88.5,41.0,3,0
Kerala,Wayanad,Mananthavady Kabini River Ward 7,3.8,24.5,108.3,203.0,111.9,72.8,8.0,760.0,0.45,15,4,2.56,3.11,2.69,27.7,76.1,16.1,1,0
Kerala,Wayanad,Mananthavady Kabini River Ward 7,6.4,20.6,50.7,92.1,22.2,55.3,8.0,760.0,0.45,15,4,1.99,3.11,2.69,23.5,55.2,12.0,0,0
Kerala,Wayanad,Mananthavady Kabini River Ward 7,36.3,186.5,565.6,956.8,751.4,91.9,8.0,760.0,0.45,15,4,3.46,3.11,2.69,22.2,91.3,31.4,3,0
Kerala,Wayanad,Mananthavady Kabini River Ward 7,9.6,53.0,180.3,338.5,180.6,68.0,8.0,760.0,0.45,15,4,2.91,3.11,2.69,24.2,85.7,15.5,2,0
Kerala,Wayanad,Mananthavady Kabini River Ward 7,2.0,6.8,18.1,36.0,11.9,31.2,8.0,760.0,0.45,15,4,0.5,3.11,2.69,29.9,60.1,6.2,0,0
Kerala,Wayanad,Mananthavady Kabini River Ward 7,1.5,5.7,14.9,30.9,5.0,51.9,8.0,760.0,0.45,15,4,0.54,3.11,2.69,22.3,48.6,7.0,0,0
Kerala,Wayanad,Mananthavady Kabini River Ward 7,16.8,103.1,290.2,537.6,284.4,83.4,8.0,760.0,0.45,15,4,3.15,3.11,2.69,21.4,91.5,37.0,3,0
Kerala,Wayanad,Mananthavady Kabini River Ward 7,6.1,28.5,79.5,155.3,80.8,68.1,8.0,760.0,0.45,15,4,2.65,3.11,2.69,20.8,84.0,21.9,0,0
Kerala,Wayanad,Mananthavady Kabini River Ward 7,0.8,3.8,7.3,20.3,3.6,42.9,8.0,760.0,0.45,15,4,0.63,3.11,2.69,29.2,66.5,15.1,0,0
Kerala,Wayanad,Mananthavady Kabini River Ward 7,2.5,19.5,77.7,167.7,78.7,65.5,8.0,760.0,0.45,15,4,2.56,3.11,2.69,20.1,76.7,25.8,0,0
Kerala,Wayanad,Mananthavady Kabini River Ward 7,38.4,174.1,470.4,818.3,560.8,78.7,8.0,760.0,0.45,15,4,3.5,3.11,2.69,23.6,90.4,47.6,3,0
Kerala,Wayanad,Mananthavady Kabini River Ward 7,0.6,2.1,5.4,15.8,2.1,41.0,8.0,760.0,0.45,15,4,0.51,3.11,2.69,29.8,69.2,15.0,0,0
Kerala,Wayanad,Mananthavady Kabini River Ward 7,16.1,83.6,290.6,497.7,354.7,90.8,8.0,760.0,0.45,15,4,3.05,3.11,2.69,19.1,93.1,48.7,3,0
Kerala,Wayanad,Mananthavady Kabini River Ward 7,15.8,61.5,190.0,368.2,167.4,63.7,8.0,760.0,0.45,15,4,2.6,3.11,2.69,22.2,82.2,18.8,1,0
Kerala,Wayanad,Mananthavady Kabini River Ward 7,2.3,7.7,19.8,43.9,12.9,29.0,8.0,760.0,0.45,15,4,0.75,3.11,2.69,27.7,64.9,9.9,0,0
Kerala,Wayanad,Mananthavady Kabini River Ward 7,61.8,242.2,662.7,1049.6,785.8,91.4,8.0,760.0,0.45,15,4,3.92,3.11,2.69,21.6,92.1,37.4,3,0
Kerala,Wayanad,Mananthavady Kabini River Ward 7,17.8,109.6,282.9,502.4,372.4,89.2,8.0,760.0,0.45,15,4,3.13,3.11,2.69,21.8,90.3,27.5,3,0
Kerala,Idukki,Pettimudi Tea Valley Village,15.8,68.0,171.6,355.6,138.7,77.8,41.0,1580.0,0.95,12,25,1.9,2.34,1.75,22.0,84.8,25.4,2,3
Kerala,Idukki,Pettimudi Tea Valley Village,0.8,2.4,7.9,21.5,2.5,47.2,41.0,1580.0,0.95,12,25,1.26,2.34,1.75,25.9,63.2,14.5,0,2
Kerala,Idukki,Pettimudi Tea Valley Village,18.2,114.7,382.5,711.2,443.5,82.0,41.0,1580.0,0.95,12,25,2.77,2.34,1.75,21.5,85.3,26.7,3,3
Kerala,Idukki,Pettimudi Tea Valley Village,0.5,1.9,7.6,16.0,4.7,55.3,41.0,1580.0,0.95,12,25,0.75,2.34,1.75,27.4,54.8,8.4,0,2
Kerala,Idukki,Pettimudi Tea Valley Village,69.1,316.3,840.7,1467.8,1285.3,95.5,41.0,1580.0,0.95,12,25,3.3,2.34,1.75,16.7,95.4,48.7,3,3
Kerala,Idukki,Pettimudi Tea Valley Village,6.8,34.0,99.4,194.2,68.4,76.5,41.0,1580.0,0.95,12,25,2.15,2.34,1.75,24.5,79.5,16.9,2,3
Kerala,Idukki,Pettimudi Tea Valley Village,27.9,129.2,362.0,723.1,319.9,88.8,41.0,1580.0,0.95,12,25,2.43,2.34,1.75,23.5,89.0,38.6,3,3
Kerala,Idukki,Pettimudi Tea Valley Village,0.6,3.4,12.5,28.1,4.8,51.1,41.0,1580.0,0.95,12,25,1.17,2.34,1.75,23.8,64.4,10.5,0,2
Kerala,Idukki,Pettimudi Tea Valley Village,1.7,4.9,15.9,27.9,6.4,56.9,41.0,1580.0,0.95,12,25,1.16,2.34,1.75,31.8,45.1,7.1,0,2
Kerala,Idukki,Pettimudi Tea Valley Village,91.2,399.8,959.1,1484.6,998.2,94.1,41.0,1580.0,0.95,12,25,3.84,2.34,1.75,20.8,95.3,50.5,3,3
Kerala,Idukki,Pettimudi Tea Valley Village,0.2,1.5,4.3,10.2,2.2,33.9,41.0,1580.0,0.95,12,25,1.14,2.34,1.75,31.3,65.6,7.3,0,2
Kerala,Idukki,Pettimudi Tea Valley Village,29.2,115.7,338.0,585.9,395.8,86.0,41.0,1580.0,0.95,12,25,2.41,2.34,1.75,22.4,94.2,28.8,3,3
Kerala,Idukki,Pettimudi Tea Valley Village,1.4,14.4,74.2,153.3,79.6,63.5,41.0,1580.0,0.95,12,25,2.03,2.34,1.75,27.8,78.5,19.8,1,3
Kerala,Idukki,Pettimudi Tea Valley Village,1.9,6.0,14.9,22.9,5.1,32.9,41.0,1580.0,0.95,12,25,0.75,2.34,1.75,27.8,63.0,9.3,0,2
Kerala,Idukki,Pettimudi Tea Valley Village,4.9,9.7,27.9,50.4,15.2,37.5,41.0,1580.0,0.95,12,25,0.94,2.34,1.75,24.7,71.5,10.4,0,2
Kerala,Idukki,Pettimudi Tea Valley Village,28.1,131.5,400.4,724.3,489.3,86.4,41.0,1580.0,0.95,12,25,2.71,2.34,1.75,21.0,93.7,30.2,3,3
Kerala,Idukki,Pettimudi Tea Valley Village,2.0,5.3,12.9,25.3,4.0,55.9,41.0,1580.0,0.95,12,25,0.7,2.34,1.75,29.0,58.6,13.8,0,2
Kerala,Idukki,Pettimudi Tea Valley Village,2.3,6.2,20.0,36.0,8.0,32.5,41.0,1580.0,0.95,12,25,0.8,2.34,1.75,32.0,59.4,6.9,0,2
Kerala,Idukki,Pettimudi Tea Valley Village,31.1,164.0,523.0,880.9,446.6,90.8,41.0,1580.0,0.95,12,25,2.29,2.34,1.75,23.6,85.6,27.0,3,3
Kerala,Idukki,Pettimudi Tea Valley Village,66.0,296.9,703.6,1033.7,996.6,92.2,41.0,1580.0,0.95,12,25,2.91,2.34,1.75,16.4,96.6,66.4,3,3
Kerala,Idukki,Pettimudi Tea Valley Village,91.9,341.4,988.3,1444.0,1142.8,96.8,41.0,1580.0,0.95,12,25,2.88,2.34,1.75,16.8,97.7,42.1,3,3
Kerala,Idukki,Pettimudi Tea Valley Village,1.5,5.8,15.9,30.5,4.8,53.2,41.0,1580.0,0.95,12,25,1.12,2.34,1.75,27.1,45.6,10.5,0,2
Kerala,Idukki,Pettimudi Tea Valley Village,1.6,3.3,7.5,21.3,4.0,34.2,41.0,1580.0,0.95,12,25,0.7,2.34,1.75,23.8,48.3,7.7,0,2
Kerala,Idukki,Pettimudi Tea Valley Village,2.4,17.4,57.7,141.7,52.3,68.3,41.0,1580.0,0.95,12,25,1.89,2.34,1.75,23.2,81.8,27.4,1,3
Kerala,Idukki,Pettimudi Tea Valley Village,60.8,303.1,832.0,1305.2,1166.9,94.7,41.0,1580.0,0.95,12,25,3.66,2.34,1.75,17.7,96.2,49.7,3,3
Kerala,Idukki,Cheruthoni Dam Spillway Ward,4.1,24.3,76.7,144.0,67.7,64.4,24.0,690.0,0.72,17,11,2.75,3.01,2.43,26.3,84.7,22.4,1,1
Kerala,Idukki,Cheruthoni Dam Spillway Ward,3.7,7.8,19.3,34.5,9.4,54.1,24.0,690.0,0.72,17,11,1.11,3.01,2.43,26.2,46.5,15.4,0,1
Kerala,Idukki,Cheruthoni Dam Spillway Ward,38.1,152.1,406.9,747.9,471.6,83.0,24.0,690.0,0.72,17,11,3.32,3.01,2.43,21.8,95.3,46.7,3,2
Kerala,Idukki,Cheruthoni Dam Spillway Ward,3.1,19.3,78.3,184.9,72.6,66.3,24.0,690.0,0.72,17,11,2.09,3.01,2.43,21.7,81.8,12.4,0,1
Kerala,Idukki,Cheruthoni Dam Spillway Ward,5.5,32.9,111.0,196.7,63.7,69.0,24.0,690.0,0.72,17,11,2.45,3.01,2.43,26.1,75.5,24.5,1,1
Kerala,Idukki,Cheruthoni Dam Spillway Ward,29.2,134.3,429.0,785.8,529.2,81.7,24.0,690.0,0.72,17,11,2.99,3.01,2.43,25.3,86.0,34.6,3,2
Kerala,Idukki,Cheruthoni Dam Spillway Ward,3.6,7.6,22.5,39.8,14.2,30.0,24.0,690.0,0.72,17,11,1.22,3.01,2.43,24.6,72.5,5.0,0,1
Kerala,Idukki,Cheruthoni Dam Spillway Ward,1.6,5.3,12.6,29.1,8.4,41.3,24.0,690.0,0.72,17,11,0.61,3.01,2.43,26.6,72.0,11.8,0,1
Kerala,Idukki,Cheruthoni Dam Spillway Ward,87.1,415.5,1025.9,1691.7,1571.6,95.0,24.0,690.0,0.72,17,11,4.52,3.01,2.43,22.7,96.1,62.3,3,3
Kerala,Idukki,Cheruthoni Dam Spillway Ward,34.5,156.4,406.6,797.7,562.6,91.9,24.0,690.0,0.72,17,11,2.91,3.01,2.43,22.7,93.8,31.4,3,3
Kerala,Idukki,Cheruthoni Dam Spillway Ward,28.9,152.9,487.3,736.7,548.4,83.1,24.0,690.0,0.72,17,11,3.53,3.01,2.43,21.4,88.6,27.0,3,2
Kerala,Idukki,Cheruthoni Dam Spillway Ward,1.7,6.8,15.2,30.9,9.5,30.1,24.0,690.0,0.72,17,11,1.13,3.01,2.43,22.3,73.1,6.3,0,1
Kerala,Idukki,Cheruthoni Dam Spillway Ward,1.0,4.3,16.6,33.4,6.9,45.1,24.0,690.0,0.72,17,11,0.72,3.01,2.43,23.6,54.8,9.1,0,1
Kerala,Idukki,Cheruthoni Dam Spillway Ward,2.5,7.1,17.2,27.5,11.8,51.7,24.0,690.0,0.72,17,11,1.36,3.01,2.43,31.9,45.1,7.0,0,1
Kerala,Idukki,Cheruthoni Dam Spillway Ward,3.0,10.0,31.5,52.3,10.0,54.5,24.0,690.0,0.72,17,11,0.94,3.01,2.43,22.4,62.5,15.9,0,1
Kerala,Idukki,Cheruthoni Dam Spillway Ward,3.9,24.5,76.8,181.0,65.7,71.8,24.0,690.0,0.72,17,11,2.48,3.01,2.43,26.7,78.7,13.0,1,1
Kerala,Idukki,Cheruthoni Dam Spillway Ward,2.6,21.9,79.1,181.7,41.1,75.6,24.0,690.0,0.72,17,11,2.59,3.01,2.43,25.6,85.5,17.7,2,2
Kerala,Idukki,Cheruthoni Dam Spillway Ward,1.6,19.8,80.3,173.4,55.1,67.2,24.0,690.0,0.72,17,11,2.26,3.01,2.43,21.2,77.0,13.3,1,1
Kerala,Idukki,Cheruthoni Dam Spillway Ward,9.0,33.2,102.3,192.0,93.4,71.3,24.0,690.0,0.72,17,11,2.64,3.01,2.43,23.5,76.6,22.3,1,1
Kerala,Idukki,Cheruthoni Dam Spillway Ward,71.3,348.0,745.6,1017.3,859.8,90.6,24.0,690.0,0.72,17,11,3.65,3.01,2.43,22.8,93.8,42.5,3,3
Kerala,Idukki,Cheruthoni Dam Spillway Ward,8.4,41.3,139.2,239.2,150.3,68.8,24.0,690.0,0.72,17,11,2.32,3.01,2.43,27.3,82.4,23.2,1,1
Kerala,Idukki,Cheruthoni Dam Spillway Ward,7.8,24.2,57.5,104.6,37.6,32.9,24.0,690.0,0.72,17,11,1.3,3.01,2.43,31.6,72.2,12.9,0,1
Kerala,Idukki,Cheruthoni Dam Spillway Ward,7.0,39.9,144.9,260.4,114.4,75.2,24.0,690.0,0.72,17,11,2.46,3.01,2.43,21.7,79.3,22.5,2,2
Kerala,Idukki,Cheruthoni Dam Spillway Ward,27.6,149.4,489.9,872.9,671.1,89.2,24.0,690.0,0.72,17,11,3.27,3.01,2.43,23.8,91.0,38.5,3,3
Kerala,Idukki,Cheruthoni Dam Spillway Ward,16.1,89.4,297.6,570.2,404.0,90.8,24.0,690.0,0.72,17,11,3.41,3.01,2.43,19.8,88.5,39.8,3,2
Kerala,Idukki,Munnar Old Town River Bank,6.3,26.4,101.5,196.5,53.2,77.2,19.5,1530.0,0.82,16,16,2.69,3.26,2.77,23.2,80.6,27.3,1,2
Kerala,Idukki,Munnar Old Town River Bank,21.8,129.9,355.5,739.2,420.9,82.3,19.5,1530.0,0.82,16,16,3.68,3.26,2.77,18.4,95.9,30.3,3,2
Kerala,Idukki,Munnar Old Town River Bank,7.8,32.0,107.8,220.4,89.2,65.2,19.5,1530.0,0.82,16,16,2.86,3.26,2.77,20.6,83.4,27.1,1,2
Kerala,Idukki,Munnar Old Town River Bank,1.9,6.0,17.6,32.9,11.7,31.7,19.5,1530.0,0.82,16,16,0.76,3.26,2.77,23.0,73.0,8.4,0,1
Kerala,Idukki,Munnar Old Town River Bank,6.0,28.6,123.4,261.0,79.4,74.5,19.5,1530.0,0.82,16,16,2.94,3.26,2.77,27.6,87.5,13.8,1,2
Kerala,Idukki,Munnar Old Town River Bank,4.0,26.4,101.8,191.7,67.9,63.3,19.5,1530.0,0.82,16,16,2.94,3.26,2.77,22.8,80.0,15.0,1,2
Kerala,Idukki,Munnar Old Town River Bank,80.4,401.9,1137.3,1929.1,1448.6,95.0,19.5,1530.0,0.82,16,16,4.92,3.26,2.77,17.6,98.9,65.3,3,3
Kerala,Idukki,Munnar Old Town River Bank,1.4,4.3,11.8,26.5,4.5,31.3,19.5,1530.0,0.82,16,16,1.51,3.26,2.77,29.7,67.4,5.7,0,1
Kerala,Idukki,Munnar Old Town River Bank,54.0,293.9,745.0,1160.8,863.7,90.4,19.5,1530.0,0.82,16,16,4.58,3.26,2.77,16.0,94.5,74.5,3,3
Kerala,Idukki,Munnar Old Town River Bank,76.4,340.5,992.3,1392.0,1464.4,95.3,19.5,1530.0,0.82,16,16,4.08,3.26,2.77,17.1,95.5,74.8,3,3
Kerala,Idukki,Munnar Old Town River Bank,23.5,116.6,366.5,643.0,357.7,90.0,19.5,1530.0,0.82,16,16,3.15,3.26,2.77,20.4,95.6,28.4,3,3
Kerala,Idukki,Munnar Old Town River Bank,1.4,3.6,11.0,20.0,3.6,35.2,19.5,1530.0,0.82,16,16,0.97,3.26,2.77,22.2,74.4,8.6,0,1
Kerala,Idukki,Munnar Old Town River Bank,36.7,200.9,594.0,876.3,594.2,90.4,19.5,1530.0,0.82,16,16,3.28,3.26,2.77,19.7,93.8,30.8,3,3
Kerala,Idukki,Munnar Old Town River Bank,1.4,5.6,20.0,39.6,10.6,47.8,19.5,1530.0,0.82,16,16,0.97,3.26,2.77,27.5,53.9,14.8,0,1
Kerala,Idukki,Munnar Old Town River Bank,16.0,105.3,315.9,483.0,432.6,86.2,19.5,1530.0,0.82,16,16,3.2,3.26,2.77,21.8,90.2,34.0,2,3
Kerala,Idukki,Munnar Old Town River Bank,10.6,44.6,150.1,246.7,133.5,71.1,19.5,1530.0,0.82,16,16,3.0,3.26,2.77,25.0,75.2,15.5,2,2
Kerala,Idukki,Munnar Old Town River Bank,19.2,131.6,393.5,604.0,379.3,89.1,19.5,1530.0,0.82,16,16,3.86,3.26,2.77,19.5,91.0,26.5,3,3
Kerala,Idukki,Munnar Old Town River Bank,1.4,4.2,12.5,24.7,8.3,34.5,19.5,1530.0,0.82,16,16,0.89,3.26,2.77,30.6,48.7,9.6,0,1
Kerala,Idukki,Munnar Old Town River Bank,2.6,26.2,84.0,158.6,51.3,72.3,19.5,1530.0,0.82,16,16,2.44,3.26,2.77,25.4,76.7,12.6,1,2
Kerala,Idukki,Munnar Old Town River Bank,81.5,387.3,771.3,1367.5,1173.5,96.8,19.5,1530.0,0.82,16,16,5.13,3.26,2.77,16.1,92.7,43.3,3,3
Kerala,Idukki,Munnar Old Town River Bank,0.7,4.2,13.8,27.4,7.9,39.6,19.5,1530.0,0.82,16,16,0.82,3.26,2.77,28.4,51.2,8.9,0,1
Kerala,Idukki,Munnar Old Town River Bank,36.5,180.5,560.9,885.9,502.1,88.9,19.5,1530.0,0.82,16,16,3.91,3.26,2.77,24.0,90.8,30.1,3,3
Kerala,Idukki,Munnar Old Town River Bank,1.2,3.4,12.9,27.4,4.2,40.0,19.5,1530.0,0.82,16,16,0.98,3.26,2.77,24.2,51.0,14.5,0,1
Kerala,Idukki,Munnar Old Town River Bank,39.1,164.4,419.0,807.0,431.9,91.8,19.5,1530.0,0.82,16,16,3.64,3.26,2.77,23.1,86.6,31.7,3,3
Kerala,Idukki,Munnar Old Town River Bank,1.5,3.5,13.4,23.5,4.4,56.6,19.5,1530.0,0.82,16,16,0.67,3.26,2.77,31.0,52.6,7.7,0,1
Kerala,Ernakulam,Aluva Periyar Riverbank Ward 15,29.4,176.6,517.7,791.4,515.8,87.7,2.0,12.0,0.15,18,0,4.61,4.13,3.45,22.5,85.0,29.8,3,0
Kerala,Ernakulam,Aluva Periyar Riverbank Ward 15,2.2,7.1,21.0,39.7,11.9,56.7,2.0,12.0,0.15,18,0,1.68,4.13,3.45,25.6,56.4,11.9,0,0
Kerala,Ernakulam,Aluva Periyar Riverbank Ward 15,23.1,132.3,407.5,716.1,463.5,87.7,2.0,12.0,0.15,18,0,4.05,4.13,3.45,25.2,87.5,46.7,3,0
Kerala,Ernakulam,Aluva Periyar Riverbank Ward 15,1.5,6.4,17.4,35.5,6.2,49.4,2.0,12.0,0.15,18,0,0.96,4.13,3.45,23.0,52.7,15.1,0,0
Kerala,Ernakulam,Aluva Periyar Riverbank Ward 15,1.4,20.0,94.2,185.3,81.7,63.5,2.0,12.0,0.15,18,0,3.18,4.13,3.45,24.8,84.7,27.0,1,0
Kerala,Ernakulam,Aluva Periyar Riverbank Ward 15,0.3,1.5,9.0,24.2,4.5,57.7,2.0,12.0,0.15,18,0,2.16,4.13,3.45,30.9,48.0,10.5,0,0
Kerala,Ernakulam,Aluva Periyar Riverbank Ward 15,2.3,5.7,21.7,41.9,7.9,49.4,2.0,12.0,0.15,18,0,2.55,4.13,3.45,27.7,65.0,7.1,0,0
Kerala,Ernakulam,Aluva Periyar Riverbank Ward 15,20.9,89.6,289.3,482.4,309.5,86.7,2.0,12.0,0.15,18,0,3.96,4.13,3.45,23.8,93.0,34.2,3,0
Kerala,Ernakulam,Aluva Periyar Riverbank Ward 15,34.0,179.2,528.3,811.5,477.0,78.5,2.0,12.0,0.15,18,0,4.14,4.13,3.45,24.7,89.6,27.1,3,0
Kerala,Ernakulam,Aluva Periyar Riverbank Ward 15,1.1,3.3,13.0,25.1,7.6,54.2,2.0,12.0,0.15,18,0,1.61,4.13,3.45,31.0,62.8,15.6,0,0
Kerala,Ernakulam,Aluva Periyar Riverbank Ward 15,7.3,34.4,129.9,263.7,99.9,64.8,2.0,12.0,0.15,18,0,3.76,4.13,3.45,23.6,79.1,21.7,2,0
Kerala,Ernakulam,Aluva Periyar Riverbank Ward 15,84.3,386.2,864.7,1305.7,1266.9,97.6,2.0,12.0,0.15,18,0,5.19,4.13,3.45,16.4,97.2,56.3,3,0
Kerala,Ernakulam,Aluva Periyar Riverbank Ward 15,29.0,141.9,438.3,652.2,581.0,89.2,2.0,12.0,0.15,18,0,4.22,4.13,3.45,18.4,94.4,38.6,3,0
Kerala,Ernakulam,Aluva Periyar Riverbank Ward 15,1.0,2.7,7.0,15.5,4.4,26.5,2.0,12.0,0.15,18,0,1.52,4.13,3.45,30.4,49.2,13.7,0,0
Kerala,Ernakulam,Aluva Periyar Riverbank Ward 15,4.5,21.3,77.3,164.6,73.9,69.4,2.0,12.0,0.15,18,0,3.61,4.13,3.45,27.9,79.4,12.5,1,0
Kerala,Ernakulam,Aluva Periyar Riverbank Ward 15,1.0,3.8,13.4,20.8,8.1,51.7,2.0,12.0,0.15,18,0,1.72,4.13,3.45,22.8,50.7,15.5,0,0
Kerala,Ernakulam,Aluva Periyar Riverbank Ward 15,1.6,6.0,19.3,38.4,11.3,57.6,2.0,12.0,0.15,18,0,1.15,4.13,3.45,28.7,68.8,10.5,0,0
Kerala,Ernakulam,Aluva Periyar Riverbank Ward 15,1.4,3.5,9.4,20.8,3.9,42.2,2.0,12.0,0.15,18,0,2.1,4.13,3.45,23.5,69.7,8.2,0,0
Kerala,Ernakulam,Aluva Periyar Riverbank Ward 15,11.3,40.8,107.3,191.9,53.8,66.2,2.0,12.0,0.15,18,0,3.18,4.13,3.45,22.8,79.4,17.8,1,0
Kerala,Ernakulam,Aluva Periyar Riverbank Ward 15,2.3,19.6,72.2,139.3,46.0,67.1,2.0,12.0,0.15,18,0,3.59,4.13,3.45,22.9,85.7,24.6,1,0
Kerala,Ernakulam,Aluva Periyar Riverbank Ward 15,0.3,2.7,7.0,13.9,4.5,43.4,2.0,12.0,0.15,18,0,1.79,4.13,3.45,29.9,45.5,11.9,0,0
Kerala,Ernakulam,Aluva Periyar Riverbank Ward 15,5.8,39.9,104.9,189.9,60.2,68.3,2.0,12.0,0.15,18,0,3.76,4.13,3.45,21.0,82.2,20.5,2,0
Kerala,Ernakulam,Aluva Periyar Riverbank Ward 15,2.2,6.4,18.4,37.6,12.4,42.0,2.0,12.0,0.15,18,0,1.29,4.13,3.45,29.6,60.8,5.7,0,0
Kerala,Ernakulam,Aluva Periyar Riverbank Ward 15,2.6,5.4,18.4,28.3,9.7,47.1,2.0,12.0,0.15,18,0,2.03,4.13,3.45,26.1,49.8,7.7,0,0
Kerala,Ernakulam,Aluva Periyar Riverbank Ward 15,4.6,28.1,106.2,195.0,102.7,63.3,2.0,12.0,0.15,18,0,3.8,4.13,3.45,26.6,78.8,27.7,2,0
Kerala,Ernakulam,Paravur Coastal Canal Ward,33.9,170.9,431.8,787.6,522.4,82.1,1.0,4.0,0.12,17,0,3.91,3.16,2.65,25.3,85.3,27.1,3,0
Kerala,Ernakulam,Paravur Coastal Canal Ward,0.0,0.8,6.3,15.8,4.2,50.5,1.0,4.0,0.12,17,0,1.59,3.16,2.65,25.7,61.7,10.5,0,0
Kerala,Ernakulam,Paravur Coastal Canal Ward,0.8,3.4,13.2,23.3,7.6,26.2,1.0,4.0,0.12,17,0,1.52,3.16,2.65,22.6,70.6,7.6,0,0
Kerala,Ernakulam,Paravur Coastal Canal Ward,53.1,271.4,744.7,1144.2,979.9,92.1,1.0,4.0,0.12,17,0,3.99,3.16,2.65,16.8,92.7,59.0,3,0
Kerala,Ernakulam,Paravur Coastal Canal Ward,8.4,46.0,149.2,266.5,131.1,65.2,1.0,4.0,0.12,17,0,2.41,3.16,2.65,23.2,79.2,15.6,1,0
Kerala,Ernakulam,Paravur Coastal Canal Ward,36.4,195.6,604.2,1043.5,602.1,83.5,1.0,4.0,0.12,17,0,3.44,3.16,2.65,22.0,89.5,38.8,3,0
Kerala,Ernakulam,Paravur Coastal Canal Ward,37.3,134.7,442.8,648.6,561.1,79.6,1.0,4.0,0.12,17,0,3.12,3.16,2.65,22.8,95.2,31.1,3,0
Kerala,Ernakulam,Paravur Coastal Canal Ward,1.4,5.4,13.4,25.2,7.9,38.7,1.0,4.0,0.12,17,0,0.5,3.16,2.65,28.2,51.4,9.0,0,0
Kerala,Ernakulam,Paravur Coastal Canal Ward,18.3,85.8,211.1,436.3,205.2,85.5,1.0,4.0,0.12,17,0,3.22,3.16,2.65,21.2,90.3,46.0,3,0
Kerala,Ernakulam,Paravur Coastal Canal Ward,9.3,45.9,130.7,297.0,105.0,63.2,1.0,4.0,0.12,17,0,2.59,3.16,2.65,22.7,80.4,13.5,1,0
Kerala,Ernakulam,Paravur Coastal Canal Ward,78.9,373.4,890.6,1501.2,1339.8,97.4,1.0,4.0,0.12,17,0,4.27,3.16,2.65,19.9,94.8,52.4,3,0
Kerala,Ernakulam,Paravur Coastal Canal Ward,16.2,92.4,258.3,400.6,236.5,91.9,1.0,4.0,0.12,17,0,3.5,3.16,2.65,19.6,89.3,47.1,3,0
Kerala,Ernakulam,Paravur Coastal Canal Ward,3.6,10.3,23.8,42.2,8.1,30.8,1.0,4.0,0.12,17,0,0.83,3.16,2.65,31.0,55.7,14.0,0,0
Kerala,Ernakulam,Paravur Coastal Canal Ward,6.0,30.4,110.5,221.9,115.1,71.9,1.0,4.0,0.12,17,0,2.99,3.16,2.65,26.7,78.8,27.4,1,0
Kerala,Ernakulam,Paravur Coastal Canal Ward,0.9,3.6,17.2,32.5,6.8,53.5,1.0,4.0,0.12,17,0,1.86,3.16,2.65,29.4,60.9,9.5,0,0
Kerala,Ernakulam,Paravur Coastal Canal Ward,0.5,3.1,6.8,17.0,2.1,52.1,1.0,4.0,0.12,17,0,1.25,3.16,2.65,31.9,62.4,5.7,0,0
Kerala,Ernakulam,Paravur Coastal Canal Ward,0.3,3.6,12.7,26.2,5.9,44.7,1.0,4.0,0.12,17,0,1.35,3.16,2.65,31.4,57.6,11.9,0,0
Kerala,Ernakulam,Paravur Coastal Canal Ward,36.7,189.5,541.9,1007.2,681.0,90.0,1.0,4.0,0.12,17,0,3.09,3.16,2.65,22.2,86.6,44.6,3,0
Kerala,Ernakulam,Paravur Coastal Canal Ward,2.0,20.6,71.1,156.4,73.4,71.1,1.0,4.0,0.12,17,0,2.85,3.16,2.65,26.9,87.4,26.2,1,0
Kerala,Ernakulam,Paravur Coastal Canal Ward,0.7,4.4,15.1,29.8,7.9,56.7,1.0,4.0,0.12,17,0,0.58,3.16,2.65,28.2,45.7,11.1,0,0
Kerala,Ernakulam,Paravur Coastal Canal Ward,3.2,9.6,28.4,47.8,11.0,43.5,1.0,4.0,0.12,17,0,1.98,3.16,2.65,24.3,63.2,8.6,0,0
Kerala,Ernakulam,Paravur Coastal Canal Ward,9.8,52.3,186.4,373.5,95.2,75.1,1.0,4.0,0.12,17,0,2.47,3.16,2.65,20.0,79.5,18.5,2,0
Kerala,Ernakulam,Paravur Coastal Canal Ward,4.9,36.5,121.5,217.4,117.9,68.5,1.0,4.0,0.12,17,0,2.82,3.16,2.65,24.4,76.9,22.6,1,0
Kerala,Ernakulam,Paravur Coastal Canal Ward,6.5,17.7,43.0,77.9,22.6,51.7,1.0,4.0,0.12,17,0,0.65,3.16,2.65,30.3,71.5,13.4,0,0
Kerala,Ernakulam,Paravur Coastal Canal Ward,22.8,125.0,323.0,629.3,287.3,86.2,1.0,4.0,0.12,17,0,3.73,3.16,2.65,24.8,88.0,47.5,3,0
Kerala,Ernakulam,Kalady Periyar Basin Settlement,0.8,2.2,9.5,24.3,4.3,57.9,3.5,18.0,0.2,14,1,0.73,3.95,3.3,31.8,56.6,7.2,0,0
Kerala,Ernakulam,Kalady Periyar Basin Settlement,3.9,9.8,32.3,51.9,14.5,26.8,3.5,18.0,0.2,14,1,1.78,3.95,3.3,22.8,63.9,5.8,0,0
Kerala,Ernakulam,Kalady Periyar Basin Settlement,16.4,86.7,264.5,507.5,276.8,80.0,3.5,18.0,0.2,14,1,4.62,3.95,3.3,19.8,88.1,25.4,3,0
Kerala,Ernakulam,Kalady Periyar Basin Settlement,15.3,59.2,159.2,294.3,118.1,75.8,3.5,18.0,0.2,14,1,3.44,3.95,3.3,24.8,79.5,20.9,2,0
Kerala,Ernakulam,Kalady Periyar Basin Settlement,2.1,8.2,28.9,60.7,15.2,55.8,3.5,18.0,0.2,14,1,0.63,3.95,3.3,29.8,45.7,15.3,0,0
Kerala,Ernakulam,Kalady Periyar Basin Settlement,4.3,30.1,91.4,161.2,96.8,67.7,3.5,18.0,0.2,14,1,3.69,3.95,3.3,21.6,86.9,18.4,1,0
Kerala,Ernakulam,Kalady Periyar Basin Settlement,5.3,33.3,109.7,255.3,60.0,64.6,3.5,18.0,0.2,14,1,3.16,3.95,3.3,21.8,80.5,25.2,1,0
Kerala,Ernakulam,Kalady Periyar Basin Settlement,58.8,275.6,799.5,1156.1,1369.6,95.2,3.5,18.0,0.2,14,1,5.29,3.95,3.3,20.7,97.1,41.7,3,0
Kerala,Ernakulam,Kalady Periyar Basin Settlement,7.4,35.7,99.9,224.6,67.0,62.8,3.5,18.0,0.2,14,1,3.23,3.95,3.3,25.5,85.8,18.4,1,0
Kerala,Ernakulam,Kalady Periyar Basin Settlement,2.5,26.8,102.4,222.8,55.8,75.3,3.5,18.0,0.2,14,1,3.41,3.95,3.3,27.0,86.6,21.4,2,0
Kerala,Ernakulam,Kalady Periyar Basin Settlement,17.6,93.1,311.0,593.3,340.5,88.2,3.5,18.0,0.2,14,1,4.47,3.95,3.3,19.9,89.7,45.7,3,0
Kerala,Ernakulam,Kalady Periyar Basin Settlement,28.5,168.5,408.8,658.3,383.2,88.5,3.5,18.0,0.2,14,1,4.89,3.95,3.3,18.2,93.6,39.7,3,0
Kerala,Ernakulam,Kalady Periyar Basin Settlement,25.7,151.6,418.1,744.0,393.7,83.7,3.5,18.0,0.2,14,1,4.68,3.95,3.3,19.2,93.7,34.1,3,0
Kerala,Ernakulam,Kalady Periyar Basin Settlement,0.5,1.5,5.4,12.0,2.0,57.7,3.5,18.0,0.2,14,1,1.84,3.95,3.3,28.6,45.4,8.7,0,0
Kerala,Ernakulam,Kalady Periyar Basin Settlement,91.7,404.0,796.2,1337.8,842.5,95.4,3.5,18.0,0.2,14,1,5.32,3.95,3.3,19.2,95.2,58.8,3,0
Kerala,Ernakulam,Kalady Periyar Basin Settlement,0.4,3.3,10.3,19.4,5.3,25.5,3.5,18.0,0.2,14,1,0.81,3.95,3.3,30.9,46.1,8.6,0,0
Kerala,Ernakulam,Kalady Periyar Basin Settlement,2.2,7.7,23.3,47.6,13.4,41.7,3.5,18.0,0.2,14,1,1.08,3.95,3.3,23.3,71.5,8.7,0,0
Kerala,Ernakulam,Kalady Periyar Basin Settlement,27.8,148.8,375.4,677.9,482.8,90.8,3.5,18.0,0.2,14,1,4.58,3.95,3.3,21.5,88.9,29.5,3,0
Kerala,Ernakulam,Kalady Periyar Basin Settlement,25.0,116.5,373.9,587.9,360.8,88.9,3.5,18.0,0.2,14,1,4.89,3.95,3.3,18.5,91.9,49.3,3,0
Kerala,Ernakulam,Kalady Periyar Basin Settlement,12.8,54.1,145.4,321.1,135.4,64.5,3.5,18.0,0.2,14,1,3.6,3.95,3.3,22.6,82.5,19.9,2,0
Kerala,Ernakulam,Kalady Periyar Basin Settlement,34.8,171.0,381.9,734.3,390.0,87.7,3.5,18.0,0.2,14,1,4.8,3.95,3.3,23.3,94.5,43.9,3,0
Kerala,Ernakulam,Kalady Periyar Basin Settlement,2.6,7.9,18.1,31.3,11.9,30.8,3.5,18.0,0.2,14,1,1.97,3.95,3.3,30.5,53.0,7.0,0,0
Kerala,Ernakulam,Kalady Periyar Basin Settlement,11.6,49.0,137.8,273.1,89.3,77.2,3.5,18.0,0.2,14,1,3.45,3.95,3.3,25.9,86.0,24.6,2,0
Kerala,Ernakulam,Kalady Periyar Basin Settlement,20.6,129.3,420.1,652.1,401.8,87.6,3.5,18.0,0.2,14,1,4.84,3.95,3.3,19.5,93.4,43.1,3,0
Kerala,Ernakulam,Kalady Periyar Basin Settlement,51.4,280.8,796.1,1374.3,1238.5,93.3,3.5,18.0,0.2,14,1,5.82,3.95,3.3,21.5,92.7,69.4,3,0
Kerala,Alappuzha,Kuttanad Below-Sea-Level Ward 3,24.2,110.0,343.1,702.5,277.7,82.5,0.5,-1.5,0.08,22,0,4.49,4.1,3.67,23.4,94.1,30.6,3,0
Kerala,Alappuzha,Kuttanad Below-Sea-Level Ward 3,0.6,1.9,8.8,23.2,3.0,40.9,0.5,-1.5,0.08,22,0,1.59,4.1,3.67,22.5,60.6,12.8,0,0
Kerala,Alappuzha,Kuttanad Below-Sea-Level Ward 3,5.4,24.1,91.7,178.4,70.8,67.2,0.5,-1.5,0.08,22,0,3.37,4.1,3.67,20.9,84.5,17.9,1,0
Kerala,Alappuzha,Kuttanad Below-Sea-Level Ward 3,35.4,173.9,460.0,807.1,380.6,91.4,0.5,-1.5,0.08,22,0,4.22,4.1,3.67,24.8,92.7,41.1,3,0
Kerala,Alappuzha,Kuttanad Below-Sea-Level Ward 3,1.1,5.6,13.1,26.2,8.9,29.0,0.5,-1.5,0.08,22,0,1.83,4.1,3.67,26.7,46.8,13.1,0,0
Kerala,Alappuzha,Kuttanad Below-Sea-Level Ward 3,2.1,5.8,18.0,36.7,7.9,30.4,0.5,-1.5,0.08,22,0,0.81,4.1,3.67,25.3,69.3,13.9,0,0
Kerala,Alappuzha,Kuttanad Below-Sea-Level Ward 3,4.4,22.6,91.3,207.5,69.9,66.8,0.5,-1.5,0.08,22,0,3.25,4.1,3.67,23.9,79.4,17.4,1,0
Kerala,Alappuzha,Kuttanad Below-Sea-Level Ward 3,31.7,151.4,450.0,843.3,552.4,86.6,0.5,-1.5,0.08,22,0,4.11,4.1,3.67,19.0,95.5,47.8,3,0
Kerala,Alappuzha,Kuttanad Below-Sea-Level Ward 3,85.1,344.0,742.1,1255.9,1218.0,93.5,0.5,-1.5,0.08,22,0,5.34,4.1,3.67,21.2,93.6,73.3,3,0
Kerala,Alappuzha,Kuttanad Below-Sea-Level Ward 3,3.0,11.2,35.8,62.8,10.8,36.2,0.5,-1.5,0.08,22,0,0.58,4.1,3.67,24.0,64.0,11.1,0,0
Kerala,Alappuzha,Kuttanad Below-Sea-Level Ward 3,4.5,9.6,29.6,50.0,20.7,41.2,0.5,-1.5,0.08,22,0,1.63,4.1,3.67,30.5,74.7,7.4,0,0
Kerala,Alappuzha,Kuttanad Below-Sea-Level Ward 3,9.0,43.5,164.4,270.1,118.3,70.2,0.5,-1.5,0.08,22,0,3.69,4.1,3.67,21.3,79.8,15.3,2,0
Kerala,Alappuzha,Kuttanad Below-Sea-Level Ward 3,69.9,327.8,831.9,1358.8,873.8,91.9,0.5,-1.5,0.08,22,0,5.18,4.1,3.67,22.7,92.0,47.2,3,0
Kerala,Alappuzha,Kuttanad Below-Sea-Level Ward 3,1.0,2.3,6.3,10.6,3.7,40.3,0.5,-1.5,0.08,22,0,0.55,4.1,3.67,23.7,59.1,10.7,0,0
Kerala,Alappuzha,Kuttanad Below-Sea-Level Ward 3,0.6,3.8,14.1,28.1,6.3,45.7,0.5,-1.5,0.08,22,0,1.59,4.1,3.67,25.8,70.9,15.4,0,0
Kerala,Alappuzha,Kuttanad Below-Sea-Level Ward 3,0.4,2.5,11.8,27.0,6.2,49.1,0.5,-1.5,0.08,22,0,1.38,4.1,3.67,27.5,50.4,9.8,0,0
Kerala,Alappuzha,Kuttanad Below-Sea-Level Ward 3,0.1,0.4,2.6,11.7,1.7,46.6,0.5,-1.5,0.08,22,0,2.68,4.1,3.67,31.6,72.8,8.6,0,0
Kerala,Alappuzha,Kuttanad Below-Sea-Level Ward 3,1.1,4.4,16.6,38.5,9.8,51.4,0.5,-1.5,0.08,22,0,1.98,4.1,3.67,27.9,64.2,7.6,0,0
Kerala,Alappuzha,Kuttanad Below-Sea-Level Ward 3,5.6,25.7,100.6,195.0,104.3,65.3,0.5,-1.5,0.08,22,0,3.55,4.1,3.67,22.5,80.4,19.8,1,0
Kerala,Alappuzha,Kuttanad Below-Sea-Level Ward 3,10.8,55.8,157.4,296.3,132.6,66.2,0.5,-1.5,0.08,22,0,3.32,4.1,3.67,26.5,85.1,21.8,1,0
Kerala,Alappuzha,Kuttanad Below-Sea-Level Ward 3,19.5,115.0,370.7,587.0,312.1,78.8,0.5,-1.5,0.08,22,0,4.2,4.1,3.67,25.2,90.2,38.2,3,0
Kerala,Alappuzha,Kuttanad Below-Sea-Level Ward 3,4.6,25.2,99.0,212.0,103.8,65.9,0.5,-1.5,0.08,22,0,3.24,4.1,3.67,26.5,84.8,13.6,1,0
Kerala,Alappuzha,Kuttanad Below-Sea-Level Ward 3,24.9,149.8,404.5,780.4,458.1,86.5,0.5,-1.5,0.08,22,0,5.05,4.1,3.67,25.1,90.7,37.6,3,0
Kerala,Alappuzha,Kuttanad Below-Sea-Level Ward 3,6.0,28.2,110.5,217.2,67.5,72.2,0.5,-1.5,0.08,22,0,3.43,4.1,3.67,20.5,85.9,24.0,1,0
Kerala,Alappuzha,Kuttanad Below-Sea-Level Ward 3,82.7,305.7,726.8,1225.0,1224.0,95.5,0.5,-1.5,0.08,22,0,5.12,4.1,3.67,16.5,97.8,41.5,3,0
Kerala,Alappuzha,Chengannur Pamba River Basin,36.7,132.9,396.0,754.5,399.5,78.3,4.0,15.0,0.18,19,0,2.98,2.86,2.24,21.8,92.2,43.4,3,0
Kerala,Alappuzha,Chengannur Pamba River Basin,1.8,5.2,12.7,21.6,6.8,28.1,4.0,15.0,0.18,19,0,1.64,2.86,2.24,23.5,46.5,6.7,0,0
Kerala,Alappuzha,Chengannur Pamba River Basin,2.1,4.7,17.3,31.1,9.8,26.8,4.0,15.0,0.18,19,0,1.21,2.86,2.24,29.5,47.7,6.2,0,0
Kerala,Alappuzha,Chengannur Pamba River Basin,10.1,37.0,108.8,224.5,97.6,76.8,4.0,15.0,0.18,19,0,2.52,2.86,2.24,27.5,77.6,22.0,2,0
Kerala,Alappuzha,Chengannur Pamba River Basin,15.9,95.8,273.9,533.8,363.2,89.4,4.0,15.0,0.18,19,0,3.38,2.86,2.24,18.8,93.4,32.1,3,0
Kerala,Alappuzha,Chengannur Pamba River Basin,1.6,5.8,19.4,30.0,5.9,46.9,4.0,15.0,0.18,19,0,1.66,2.86,2.24,23.5,53.6,6.4,0,0
Kerala,Alappuzha,Chengannur Pamba River Basin,29.8,153.1,501.2,925.9,624.1,87.2,4.0,15.0,0.18,19,0,3.41,2.86,2.24,19.7,92.3,39.9,3,0
Kerala,Alappuzha,Chengannur Pamba River Basin,0.3,2.3,5.0,10.1,2.1,39.0,4.0,15.0,0.18,19,0,0.92,2.86,2.24,25.3,56.0,8.4,0,0
Kerala,Alappuzha,Chengannur Pamba River Basin,53.2,242.2,725.6,1057.4,1265.6,94.0,4.0,15.0,0.18,19,0,3.9,2.86,2.24,17.3,93.6,54.8,3,0
Kerala,Alappuzha,Chengannur Pamba River Basin,2.0,5.2,20.8,40.1,6.4,32.5,4.0,15.0,0.18,19,0,0.65,2.86,2.24,24.8,64.5,14.9,0,0
Kerala,Alappuzha,Chengannur Pamba River Basin,0.7,4.1,16.2,28.5,9.5,34.4,4.0,15.0,0.18,19,0,0.79,2.86,2.24,23.2,63.5,15.0,0,0
Kerala,Alappuzha,Chengannur Pamba River Basin,13.1,59.6,187.3,395.3,100.9,69.1,4.0,15.0,0.18,19,0,2.45,2.86,2.24,28.0,79.8,18.8,2,0
Kerala,Alappuzha,Chengannur Pamba River Basin,1.4,4.4,15.1,25.9,5.2,43.3,4.0,15.0,0.18,19,0,1.41,2.86,2.24,30.0,60.4,5.4,0,0
Kerala,Alappuzha,Chengannur Pamba River Basin,1.7,7.3,18.0,34.6,6.0,30.3,4.0,15.0,0.18,19,0,1.11,2.86,2.24,27.4,60.5,13.9,0,0
Kerala,Alappuzha,Chengannur Pamba River Basin,23.9,85.3,203.1,445.7,158.0,65.1,4.0,15.0,0.18,19,0,1.94,2.86,2.24,23.6,78.2,19.4,2,0
Kerala,Alappuzha,Chengannur Pamba River Basin,2.6,5.1,16.5,28.6,6.9,51.4,4.0,15.0,0.18,19,0,0.71,2.86,2.24,29.0,45.7,11.2,0,0
Kerala,Alappuzha,Chengannur Pamba River Basin,2.0,6.5,17.4,28.9,5.4,29.0,4.0,15.0,0.18,19,0,0.51,2.86,2.24,24.0,65.1,14.6,0,0
Kerala,Alappuzha,Chengannur Pamba River Basin,1.2,5.2,17.7,29.6,8.1,52.2,4.0,15.0,0.18,19,0,0.59,2.86,2.24,27.9,60.7,14.1,0,0
Kerala,Alappuzha,Chengannur Pamba River Basin,2.8,17.3,78.0,161.9,54.5,71.4,4.0,15.0,0.18,19,0,2.52,2.86,2.24,26.4,75.7,21.4,1,0
Kerala,Alappuzha,Chengannur Pamba River Basin,5.8,26.1,80.9,180.3,86.1,63.1,4.0,15.0,0.18,19,0,2.49,2.86,2.24,26.1,86.2,22.1,2,0
Kerala,Alappuzha,Chengannur Pamba River Basin,0.6,1.8,5.6,9.9,3.0,41.6,4.0,15.0,0.18,19,0,1.45,2.86,2.24,25.0,69.9,14.0,0,0
Kerala,Alappuzha,Chengannur Pamba River Basin,62.9,323.9,839.8,1221.7,1300.1,97.7,4.0,15.0,0.18,19,0,3.92,2.86,2.24,20.5,94.0,51.4,3,0
Kerala,Alappuzha,Chengannur Pamba River Basin,4.9,10.1,21.5,35.8,8.5,30.7,4.0,15.0,0.18,19,0,0.88,2.86,2.24,23.8,67.1,15.6,0,0
Kerala,Alappuzha,Chengannur Pamba River Basin,8.4,42.3,165.8,301.9,153.7,76.6,4.0,15.0,0.18,19,0,2.04,2.86,2.24,23.4,87.8,22.6,2,0
Kerala,Alappuzha,Chengannur Pamba River Basin,3.6,10.0,30.5,43.2,9.8,30.2,4.0,15.0,0.18,19,0,1.29,2.86,2.24,22.3,69.1,11.9,0,0
Kerala,Alappuzha,Ambalappuzha Coastal Inundation Ward,92.0,412.0,1055.5,1655.6,1802.8,97.4,1.2,3.0,0.14,14,0,3.73,2.66,1.98,17.2,92.8,74.0,3,0
Kerala,Alappuzha,Ambalappuzha Coastal Inundation Ward,80.7,358.1,1038.8,1623.0,1746.3,99.2,1.2,3.0,0.14,14,0,4.3,2.66,1.98,23.2,94.1,40.5,3,0
Kerala,Alappuzha,Ambalappuzha Coastal Inundation Ward,26.3,146.9,426.5,762.7,470.9,84.1,1.2,3.0,0.14,14,0,2.54,2.66,1.98,19.4,93.9,31.5,3,0
Kerala,Alappuzha,Ambalappuzha Coastal Inundation Ward,0.7,3.1,12.6,25.5,4.2,44.7,1.2,3.0,0.14,14,0,0.59,2.66,1.98,28.5,47.5,6.7,0,0
Kerala,Alappuzha,Ambalappuzha Coastal Inundation Ward,31.9,166.1,462.7,879.6,571.8,83.5,1.2,3.0,0.14,14,0,3.28,2.66,1.98,23.4,94.3,41.6,3,0
Kerala,Alappuzha,Ambalappuzha Coastal Inundation Ward,0.6,2.2,7.6,20.8,3.6,36.7,1.2,3.0,0.14,14,0,0.54,2.66,1.98,31.0,64.3,6.9,0,0
Kerala,Alappuzha,Ambalappuzha Coastal Inundation Ward,2.4,9.0,23.9,36.6,16.1,44.2,1.2,3.0,0.14,14,0,1.35,2.66,1.98,28.6,64.2,7.0,0,0
Kerala,Alappuzha,Ambalappuzha Coastal Inundation Ward,3.7,31.4,109.9,228.7,71.3,66.2,1.2,3.0,0.14,14,0,2.2,2.66,1.98,20.2,80.9,17.0,1,0
Kerala,Alappuzha,Ambalappuzha Coastal Inundation Ward,0.9,3.3,7.4,16.8,4.5,52.2,1.2,3.0,0.14,14,0,0.9,2.66,1.98,27.4,48.8,10.5,0,0
Kerala,Alappuzha,Ambalappuzha Coastal Inundation Ward,16.5,71.0,213.2,403.0,219.2,64.2,1.2,3.0,0.14,14,0,1.9,2.66,1.98,23.8,87.9,24.0,1,0
Kerala,Alappuzha,Ambalappuzha Coastal Inundation Ward,5.2,29.7,97.9,185.0,97.7,71.4,1.2,3.0,0.14,14,0,2.32,2.66,1.98,25.8,79.7,24.1,1,0
Kerala,Alappuzha,Ambalappuzha Coastal Inundation Ward,2.4,26.9,111.3,193.4,103.7,76.3,1.2,3.0,0.14,14,0,1.97,2.66,1.98,27.8,75.6,16.1,1,0
Kerala,Alappuzha,Ambalappuzha Coastal Inundation Ward,1.8,16.1,63.7,143.2,42.5,66.8,1.2,3.0,0.14,14,0,1.81,2.66,1.98,21.0,76.3,17.1,0,0
Kerala,Alappuzha,Ambalappuzha Coastal Inundation Ward,0.2,1.3,6.9,11.0,4.2,41.0,1.2,3.0,0.14,14,0,1.4,2.66,1.98,29.5,68.2,6.4,0,0
Kerala,Alappuzha,Ambalappuzha Coastal Inundation Ward,3.8,11.6,32.6,65.3,21.1,40.2,1.2,3.0,0.14,14,0,1.04,2.66,1.98,23.0,47.4,8.0,0,0
Kerala,Alappuzha,Ambalappuzha Coastal Inundation Ward,4.7,34.6,131.5,297.3,140.5,70.7,1.2,3.0,0.14,14,0,2.2,2.66,1.98,24.3,85.5,16.0,1,0
Kerala,Alappuzha,Ambalappuzha Coastal Inundation Ward,63.0,298.0,843.0,1288.3,903.9,93.2,1.2,3.0,0.14,14,0,3.5,2.66,1.98,18.5,96.6,39.4,3,0
Kerala,Alappuzha,Ambalappuzha Coastal Inundation Ward,23.5,99.0,233.7,428.2,214.6,68.1,1.2,3.0,0.14,14,0,2.27,2.66,1.98,22.8,75.9,13.3,2,0
Kerala,Alappuzha,Ambalappuzha Coastal Inundation Ward,15.2,55.7,177.8,365.2,122.4,68.6,1.2,3.0,0.14,14,0,2.28,2.66,1.98,21.0,81.7,16.2,2,0
Kerala,Alappuzha,Ambalappuzha Coastal Inundation Ward,5.9,12.5,27.9,48.4,9.9,42.5,1.2,3.0,0.14,14,0,1.07,2.66,1.98,23.8,53.8,9.1,0,0
Kerala,Alappuzha,Ambalappuzha Coastal Inundation Ward,3.2,11.4,33.4,55.7,10.7,51.0,1.2,3.0,0.14,14,0,0.76,2.66,1.98,22.1,68.7,8.4,0,0
Kerala,Alappuzha,Ambalappuzha Coastal Inundation Ward,9.4,44.2,139.3,287.3,95.4,67.1,1.2,3.0,0.14,14,0,1.87,2.66,1.98,26.3,85.5,12.5,1,0
Kerala,Alappuzha,Ambalappuzha Coastal Inundation Ward,0.6,2.8,14.3,32.7,5.3,38.8,1.2,3.0,0.14,14,0,1.19,2.66,1.98,22.5,56.9,8.7,0,0
Kerala,Alappuzha,Ambalappuzha Coastal Inundation Ward,6.7,27.6,106.7,189.3,64.5,66.7,1.2,3.0,0.14,14,0,2.5,2.66,1.98,26.4,80.6,26.1,1,0
Kerala,Alappuzha,Ambalappuzha Coastal Inundation Ward,9.9,43.8,155.0,280.9,93.9,73.3,1.2,3.0,0.14,14,0,1.77,2.66,1.98,23.0,87.6,20.1,1,0
Kerala,Kottayam,Meenachil Riverfront Pala Ward 4,11.4,43.7,161.9,265.0,131.1,68.3,7.5,35.0,0.38,17,4,3.67,4.13,3.57,27.9,76.7,26.0,2,0
Kerala,Kottayam,Meenachil Riverfront Pala Ward 4,0.4,3.8,14.8,27.4,7.1,57.8,7.5,35.0,0.38,17,4,1.39,4.13,3.57,24.6,49.9,13.9,0,0
Kerala,Kottayam,Meenachil Riverfront Pala Ward 4,1.2,6.0,15.4,29.4,7.6,32.5,7.5,35.0,0.38,17,4,1.25,4.13,3.57,27.9,56.6,13.3,0,0
Kerala,Kottayam,Meenachil Riverfront Pala Ward 4,1.3,6.1,17.8,30.6,7.5,29.1,7.5,35.0,0.38,17,4,1.71,4.13,3.57,29.5,60.1,14.7,0,0
Kerala,Kottayam,Meenachil Riverfront Pala Ward 4,1.2,6.1,16.7,28.3,7.5,46.5,7.5,35.0,0.38,17,4,1.24,4.13,3.57,23.5,50.9,14.7,0,0
Kerala,Kottayam,Meenachil Riverfront Pala Ward 4,0.4,1.6,7.6,19.0,4.5,57.2,7.5,35.0,0.38,17,4,1.99,4.13,3.57,28.2,69.5,5.9,0,0
Kerala,Kottayam,Meenachil Riverfront Pala Ward 4,17.5,79.7,203.5,406.8,161.5,62.5,7.5,35.0,0.38,17,4,3.81,4.13,3.57,24.4,79.9,14.7,2,0
Kerala,Kottayam,Meenachil Riverfront Pala Ward 4,1.1,4.7,12.0,26.7,5.5,33.1,7.5,35.0,0.38,17,4,0.59,4.13,3.57,25.3,64.1,5.4,0,0
Kerala,Kottayam,Meenachil Riverfront Pala Ward 4,3.5,23.2,91.5,176.7,58.3,75.6,7.5,35.0,0.38,17,4,3.82,4.13,3.57,20.1,86.2,25.8,2,0
Kerala,Kottayam,Meenachil Riverfront Pala Ward 4,33.5,166.0,430.9,736.2,562.6,82.8,7.5,35.0,0.38,17,4,4.14,4.13,3.57,20.0,95.1,48.9,3,0
Kerala,Kottayam,Meenachil Riverfront Pala Ward 4,5.5,15.2,34.8,52.2,18.8,32.2,7.5,35.0,0.38,17,4,2.03,4.13,3.57,27.5,45.5,12.5,0,0
Kerala,Kottayam,Meenachil Riverfront Pala Ward 4,35.0,168.9,456.3,787.5,546.0,90.2,7.5,35.0,0.38,17,4,4.83,4.13,3.57,24.4,91.2,35.6,3,0
Kerala,Kottayam,Meenachil Riverfront Pala Ward 4,15.2,59.3,210.5,352.2,145.0,71.3,7.5,35.0,0.38,17,4,3.15,4.13,3.57,23.8,78.6,19.2,1,0
Kerala,Kottayam,Meenachil Riverfront Pala Ward 4,1.6,3.7,12.8,27.9,5.8,33.3,7.5,35.0,0.38,17,4,1.08,4.13,3.57,31.0,69.9,12.1,0,0
Kerala,Kottayam,Meenachil Riverfront Pala Ward 4,1.7,15.0,57.3,163.4,51.3,70.0,7.5,35.0,0.38,17,4,3.38,4.13,3.57,26.5,87.3,21.1,0,0
Kerala,Kottayam,Meenachil Riverfront Pala Ward 4,69.4,289.5,768.5,1083.5,1270.3,90.1,7.5,35.0,0.38,17,4,5.38,4.13,3.57,23.1,92.1,62.7,3,0
Kerala,Kottayam,Meenachil Riverfront Pala Ward 4,0.9,2.4,10.6,23.8,5.5,51.5,7.5,35.0,0.38,17,4,1.55,4.13,3.57,25.9,45.3,5.9,0,0
Kerala,Kottayam,Meenachil Riverfront Pala Ward 4,0.2,2.8,13.2,24.2,8.9,46.4,7.5,35.0,0.38,17,4,1.9,4.13,3.57,22.9,60.3,5.5,0,0
Kerala,Kottayam,Meenachil Riverfront Pala Ward 4,9.0,43.7,160.1,275.6,163.3,71.4,7.5,35.0,0.38,17,4,3.77,4.13,3.57,26.3,75.5,15.2,2,0
Kerala,Kottayam,Meenachil Riverfront Pala Ward 4,15.4,100.1,260.1,560.8,356.7,86.2,7.5,35.0,0.38,17,4,4.47,4.13,3.57,18.6,85.2,42.2,3,0
Kerala,Kottayam,Meenachil Riverfront Pala Ward 4,4.7,33.3,100.3,182.4,105.3,66.8,7.5,35.0,0.38,17,4,3.11,4.13,3.57,20.7,85.9,27.9,1,0
Kerala,Kottayam,Meenachil Riverfront Pala Ward 4,1.4,5.4,13.4,30.8,7.2,50.5,7.5,35.0,0.38,17,4,1.52,4.13,3.57,27.2,45.5,13.5,0,0
Kerala,Kottayam,Meenachil Riverfront Pala Ward 4,25.7,128.3,318.1,601.1,284.9,86.5,7.5,35.0,0.38,17,4,4.9,4.13,3.57,22.2,90.9,39.0,3,0
Kerala,Kottayam,Meenachil Riverfront Pala Ward 4,16.8,67.2,205.7,411.6,111.8,62.5,7.5,35.0,0.38,17,4,3.75,4.13,3.57,23.4,79.7,25.5,2,0
Kerala,Kottayam,Meenachil Riverfront Pala Ward 4,4.5,25.5,86.7,198.8,89.2,74.2,7.5,35.0,0.38,17,4,3.35,4.13,3.57,26.8,83.2,21.2,1,0
Kerala,Kottayam,Koottickal Hill Stream Sector,2.1,7.9,21.8,41.8,7.8,27.4,32.0,290.0,0.92,13,21,1.13,2.96,2.5,25.4,54.4,15.5,0,2
Kerala,Kottayam,Koottickal Hill Stream Sector,10.3,47.9,152.1,280.1,147.6,63.5,32.0,290.0,0.92,13,21,2.59,2.96,2.5,26.7,82.2,16.5,2,3
Kerala,Kottayam,Koottickal Hill Stream Sector,13.0,61.4,173.4,306.0,121.5,71.4,32.0,290.0,0.92,13,21,2.43,2.96,2.5,26.5,86.5,26.6,1,3
Kerala,Kottayam,Koottickal Hill Stream Sector,1.3,4.3,14.9,24.9,7.4,52.6,32.0,290.0,0.92,13,21,0.94,2.96,2.5,29.8,48.8,14.3,0,2
Kerala,Kottayam,Koottickal Hill Stream Sector,1.2,4.5,17.5,30.3,5.7,38.2,32.0,290.0,0.92,13,21,1.77,2.96,2.5,31.0,57.3,15.5,0,2
Kerala,Kottayam,Koottickal Hill Stream Sector,5.8,25.7,101.9,182.6,85.2,67.2,32.0,290.0,0.92,13,21,2.62,2.96,2.5,26.3,75.1,13.4,1,2
Kerala,Kottayam,Koottickal Hill Stream Sector,8.3,48.7,136.9,281.6,79.6,68.7,32.0,290.0,0.92,13,21,2.39,2.96,2.5,27.5,87.0,24.7,1,3
Kerala,Kottayam,Koottickal Hill Stream Sector,4.4,10.6,27.3,54.5,9.2,44.0,32.0,290.0,0.92,13,21,1.84,2.96,2.5,28.1,70.3,14.7,0,2
Kerala,Kottayam,Koottickal Hill Stream Sector,1.1,3.3,7.2,20.0,2.8,52.0,32.0,290.0,0.92,13,21,1.59,2.96,2.5,22.5,62.1,7.2,0,2
Kerala,Kottayam,Koottickal Hill Stream Sector,0.0,1.3,2.9,7.7,1.7,57.6,32.0,290.0,0.92,13,21,0.62,2.96,2.5,27.0,68.6,11.2,0,2
Kerala,Kottayam,Koottickal Hill Stream Sector,2.9,8.7,21.4,38.8,11.3,53.6,32.0,290.0,0.92,13,21,1.07,2.96,2.5,23.3,52.7,15.5,0,2
Kerala,Kottayam,Koottickal Hill Stream Sector,25.3,151.3,460.5,719.6,590.8,89.4,32.0,290.0,0.92,13,21,2.89,2.96,2.5,25.2,93.0,26.8,3,3
Kerala,Kottayam,Koottickal Hill Stream Sector,1.5,3.8,13.9,21.4,6.8,34.8,32.0,290.0,0.92,13,21,1.83,2.96,2.5,29.8,66.9,9.8,0,2
Kerala,Kottayam,Koottickal Hill Stream Sector,9.0,44.8,154.5,300.6,102.6,70.7,32.0,290.0,0.92,13,21,2.15,2.96,2.5,23.4,77.5,20.8,1,3
Kerala,Kottayam,Koottickal Hill Stream Sector,94.8,470.2,1093.6,1861.1,1292.9,98.8,32.0,290.0,0.92,13,21,4.61,2.96,2.5,21.0,97.9,51.2,3,3
Kerala,Kottayam,Koottickal Hill Stream Sector,0.2,1.4,6.7,10.1,3.0,45.5,32.0,290.0,0.92,13,21,0.98,2.96,2.5,25.6,56.9,7.3,0,2
Kerala,Kottayam,Koottickal Hill Stream Sector,0.8,4.0,12.0,21.3,6.0,48.1,32.0,290.0,0.92,13,21,1.5,2.96,2.5,28.7,63.0,14.8,0,2
Kerala,Kottayam,Koottickal Hill Stream Sector,2.7,5.4,21.5,38.8,6.6,35.8,32.0,290.0,0.92,13,21,0.91,2.96,2.5,31.4,65.5,5.6,0,2
Kerala,Kottayam,Koottickal Hill Stream Sector,19.2,97.5,267.2,572.5,325.8,79.2,32.0,290.0,0.92,13,21,2.97,2.96,2.5,18.0,85.9,28.4,3,3
Kerala,Kottayam,Koottickal Hill Stream Sector,2.7,24.0,96.7,167.8,72.6,75.0,32.0,290.0,0.92,13,21,2.76,2.96,2.5,20.6,76.4,15.4,2,3
Kerala,Kottayam,Koottickal Hill Stream Sector,19.6,133.3,403.1,674.4,471.9,78.4,32.0,290.0,0.92,13,21,3.06,2.96,2.5,25.6,90.4,44.1,3,3
Kerala,Kottayam,Koottickal Hill Stream Sector,36.1,168.3,536.5,937.7,438.2,81.2,32.0,290.0,0.92,13,21,3.48,2.96,2.5,18.5,85.1,34.8,3,3
Kerala,Kottayam,Koottickal Hill Stream Sector,75.0,395.2,775.0,1209.7,990.9,98.9,32.0,290.0,0.92,13,21,4.72,2.96,2.5,19.4,95.5,62.9,3,3
Kerala,Kottayam,Koottickal Hill Stream Sector,16.6,102.5,365.8,736.9,427.7,90.5,32.0,290.0,0.92,13,21,3.66,2.96,2.5,20.9,93.4,31.1,3,3
Kerala,Kottayam,Koottickal Hill Stream Sector,2.1,5.6,12.7,26.5,6.7,44.1,32.0,290.0,0.92,13,21,1.39,2.96,2.5,26.0,57.9,15.1,0,2
Kerala,Kottayam,Kumarakom Backwater Edge Village,6.5,36.0,102.8,195.8,67.9,72.9,0.8,2.0,0.1,18,0,3.49,3.9,3.48,27.7,83.6,21.1,2,0
Kerala,Kottayam,Kumarakom Backwater Edge Village,0.6,4.4,11.4,19.7,5.1,53.0,0.8,2.0,0.1,18,0,0.83,3.9,3.48,25.3,51.5,12.0,0,0
Kerala,Kottayam,Kumarakom Backwater Edge Village,16.8,87.6,265.5,435.9,298.0,80.6,0.8,2.0,0.1,18,0,3.78,3.9,3.48,19.5,95.4,42.6,3,0
Kerala,Kottayam,Kumarakom Backwater Edge Village,0.6,2.6,7.5,12.8,2.4,54.5,0.8,2.0,0.1,18,0,1.39,3.9,3.48,28.8,55.7,5.1,0,0
Kerala,Kottayam,Kumarakom Backwater Edge Village,28.5,161.8,382.4,735.0,396.0,81.1,0.8,2.0,0.1,18,0,3.86,3.9,3.48,25.4,88.1,42.0,3,0
Kerala,Kottayam,Kumarakom Backwater Edge Village,90.9,387.2,1095.6,1881.2,1846.9,98.2,0.8,2.0,0.1,18,0,4.83,3.9,3.48,20.7,96.2,51.9,3,0
Kerala,Kottayam,Kumarakom Backwater Edge Village,0.5,3.8,13.1,30.8,8.6,29.7,0.8,2.0,0.1,18,0,1.28,3.9,3.48,27.2,47.3,10.1,0,0
Kerala,Kottayam,Kumarakom Backwater Edge Village,6.9,31.5,86.9,160.0,51.9,73.4,0.8,2.0,0.1,18,0,3.37,3.9,3.48,21.4,80.6,27.3,1,0
Kerala,Kottayam,Kumarakom Backwater Edge Village,1.6,6.6,15.8,35.6,8.0,55.0,0.8,2.0,0.1,18,0,2.03,3.9,3.48,28.9,62.0,9.8,0,0
Kerala,Kottayam,Kumarakom Backwater Edge Village,27.6,121.5,334.2,611.6,417.7,87.7,0.8,2.0,0.1,18,0,4.26,3.9,3.48,23.6,86.0,38.9,3,0
Kerala,Kottayam,Kumarakom Backwater Edge Village,1.0,4.8,12.2,27.2,6.6,32.1,0.8,2.0,0.1,18,0,1.66,3.9,3.48,25.8,73.3,10.6,0,0
Kerala,Kottayam,Kumarakom Backwater Edge Village,3.2,28.4,100.4,185.6,56.0,70.2,0.8,2.0,0.1,18,0,3.08,3.9,3.48,26.0,77.1,12.9,1,0
Kerala,Kottayam,Kumarakom Backwater Edge Village,8.6,42.8,149.5,271.4,88.7,66.0,0.8,2.0,0.1,18,0,3.17,3.9,3.48,23.9,78.6,15.4,1,0
Kerala,Kottayam,Kumarakom Backwater Edge Village,2.9,9.4,21.3,41.4,11.5,31.5,0.8,2.0,0.1,18,0,0.52,3.9,3.48,23.3,63.8,5.1,0,0
Kerala,Kottayam,Kumarakom Backwater Edge Village,2.4,5.1,19.5,28.8,11.4,41.4,0.8,2.0,0.1,18,0,2.29,3.9,3.48,23.3,71.3,7.7,0,0
Kerala,Kottayam,Kumarakom Backwater Edge Village,16.0,94.2,238.5,390.9,219.0,87.6,0.8,2.0,0.1,18,0,4.67,3.9,3.48,20.8,93.7,30.8,3,0
Kerala,Kottayam,Kumarakom Backwater Edge Village,26.4,137.5,329.9,514.9,268.5,80.3,0.8,2.0,0.1,18,0,4.4,3.9,3.48,21.3,94.7,42.1,3,0
Kerala,Kottayam,Kumarakom Backwater Edge Village,26.7,132.1,403.6,767.7,351.8,89.0,0.8,2.0,0.1,18,0,4.01,3.9,3.48,24.7,93.2,45.5,3,0
Kerala,Kottayam,Kumarakom Backwater Edge Village,6.1,14.3,40.3,57.7,19.9,41.5,0.8,2.0,0.1,18,0,1.27,3.9,3.48,27.6,56.1,14.3,1,0
Kerala,Kottayam,Kumarakom Backwater Edge Village,37.7,178.9,543.6,1012.8,462.3,85.2,0.8,2.0,0.1,18,0,4.17,3.9,3.48,20.9,88.3,32.2,3,0
Kerala,Kottayam,Kumarakom Backwater Edge Village,21.4,119.8,356.4,681.6,325.4,81.1,0.8,2.0,0.1,18,0,4.19,3.9,3.48,18.1,92.1,34.4,3,0
Kerala,Kottayam,Kumarakom Backwater Edge Village,5.9,25.6,88.0,161.8,51.8,65.5,0.8,2.0,0.1,18,0,3.26,3.9,3.48,21.1,85.8,17.5,1,0
Kerala,Kottayam,Kumarakom Backwater Edge Village,14.0,60.3,160.1,346.7,171.8,70.5,0.8,2.0,0.1,18,0,3.33,3.9,3.48,27.9,87.4,21.9,1,0
Kerala,Kottayam,Kumarakom Backwater Edge Village,38.3,147.8,394.0,624.9,476.6,81.7,0.8,2.0,0.1,18,0,3.94,3.9,3.48,20.7,87.6,28.3,3,0
Kerala,Kottayam,Kumarakom Backwater Edge Village,94.4,478.8,962.1,1319.2,1135.2,92.5,0.8,2.0,0.1,18,0,5.04,3.9,3.48,22.5,97.7,44.6,3,0
Assam,Dhemaji,Silapathar Riverbank Ward 3,28.2,132.8,396.1,711.1,534.6,85.9,3.8,102.0,0.15,21,0,2.71,2.63,1.98,20.6,90.0,39.7,3,0
Assam,Dhemaji,Silapathar Riverbank Ward 3,34.9,157.9,500.2,968.7,472.2,83.2,3.8,102.0,0.15,21,0,2.87,2.63,1.98,24.9,89.3,48.3,3,0
Assam,Dhemaji,Silapathar Riverbank Ward 3,4.4,31.9,85.4,160.9,60.3,67.9,3.8,102.0,0.15,21,0,2.12,2.63,1.98,27.3,82.4,26.8,2,0
Assam,Dhemaji,Silapathar Riverbank Ward 3,90.6,332.5,777.5,1244.2,1362.1,95.5,3.8,102.0,0.15,21,0,3.63,2.63,1.98,22.8,93.3,69.1,3,0
Assam,Dhemaji,Silapathar Riverbank Ward 3,0.6,4.3,11.3,28.6,4.6,37.7,3.8,102.0,0.15,21,0,1.42,2.63,1.98,24.9,74.9,15.5,0,0
Assam,Dhemaji,Silapathar Riverbank Ward 3,7.2,34.8,140.9,298.8,97.2,66.9,3.8,102.0,0.15,21,0,2.27,2.63,1.98,20.4,82.4,15.5,2,0
Assam,Dhemaji,Silapathar Riverbank Ward 3,20.7,133.8,312.3,580.5,426.0,89.5,3.8,102.0,0.15,21,0,3.22,2.63,1.98,19.1,86.3,34.2,3,0
Assam,Dhemaji,Silapathar Riverbank Ward 3,15.7,58.8,155.5,300.8,103.8,76.3,3.8,102.0,0.15,21,0,2.04,2.63,1.98,27.2,85.4,16.2,3,0
Assam,Dhemaji,Silapathar Riverbank Ward 3,31.3,150.0,418.5,677.2,539.7,78.4,3.8,102.0,0.15,21,0,2.92,2.63,1.98,24.4,94.6,45.5,3,0
Assam,Dhemaji,Silapathar Riverbank Ward 3,1.1,3.9,12.5,20.2,6.1,28.7,3.8,102.0,0.15,21,0,1.4,2.63,1.98,28.5,46.4,13.4,0,0
Assam,Dhemaji,Silapathar Riverbank Ward 3,35.4,196.4,452.6,770.5,540.8,78.6,3.8,102.0,0.15,21,0,2.52,2.63,1.98,19.2,94.4,29.5,3,0
Assam,Dhemaji,Silapathar Riverbank Ward 3,0.2,1.4,11.0,15.2,4.6,56.9,3.8,102.0,0.15,21,0,1.18,2.63,1.98,23.2,72.6,13.4,0,0
Assam,Dhemaji,Silapathar Riverbank Ward 3,11.0,46.7,182.2,306.7,159.1,67.6,3.8,102.0,0.15,21,0,1.81,2.63,1.98,26.2,77.3,23.5,1,0
Assam,Dhemaji,Silapathar Riverbank Ward 3,6.4,33.1,130.9,253.3,141.3,67.6,3.8,102.0,0.15,21,0,2.41,2.63,1.98,25.3,77.8,15.8,2,0
Assam,Dhemaji,Silapathar Riverbank Ward 3,1.8,6.9,21.1,34.7,11.5,25.0,3.8,102.0,0.15,21,0,0.86,2.63,1.98,26.7,65.8,14.8,0,0
Assam,Dhemaji,Silapathar Riverbank Ward 3,34.5,140.5,380.7,768.1,325.5,78.7,3.8,102.0,0.15,21,0,3.27,2.63,1.98,18.4,87.1,40.2,3,0
Assam,Dhemaji,Silapathar Riverbank Ward 3,18.0,94.8,313.7,512.8,280.3,79.4,3.8,102.0,0.15,21,0,3.01,2.63,1.98,25.6,95.8,30.6,3,0
Assam,Dhemaji,Silapathar Riverbank Ward 3,77.9,337.8,717.9,1220.1,967.6,96.7,3.8,102.0,0.15,21,0,3.47,2.63,1.98,22.9,97.5,54.1,3,0
Assam,Dhemaji,Silapathar Riverbank Ward 3,0.6,2.0,11.8,23.5,4.3,56.4,3.8,102.0,0.15,21,0,1.41,2.63,1.98,27.1,64.0,13.3,0,0
Assam,Dhemaji,Silapathar Riverbank Ward 3,1.6,5.8,23.0,43.6,13.0,47.6,3.8,102.0,0.15,21,0,1.35,2.63,1.98,23.8,73.8,9.5,0,0
Assam,Dhemaji,Silapathar Riverbank Ward 3,0.2,2.4,8.4,22.7,3.3,54.6,3.8,102.0,0.15,21,0,1.28,2.63,1.98,26.8,69.0,5.7,0,0
Assam,Dhemaji,Silapathar Riverbank Ward 3,17.6,68.7,218.6,350.7,173.0,67.0,3.8,102.0,0.15,21,0,2.38,2.63,1.98,27.6,85.0,22.5,2,0
Assam,Dhemaji,Silapathar Riverbank Ward 3,3.3,8.0,19.2,29.4,11.8,46.9,3.8,102.0,0.15,21,0,0.73,2.63,1.98,30.3,59.2,9.0,0,0
Assam,Dhemaji,Silapathar Riverbank Ward 3,1.5,6.4,14.4,30.8,9.7,46.8,3.8,102.0,0.15,21,0,0.86,2.63,1.98,26.3,66.6,5.8,0,0
Assam,Dhemaji,Silapathar Riverbank Ward 3,10.8,53.3,149.3,319.9,139.2,71.5,3.8,102.0,0.15,21,0,1.86,2.63,1.98,22.6,82.1,17.7,1,0
Assam,Dhemaji,Jonai Embankment Village,0.7,2.1,6.0,14.1,3.4,28.2,4.5,115.0,0.2,23,1,1.38,2.81,2.27,22.9,54.2,15.3,0,0
Assam,Dhemaji,Jonai Embankment Village,11.8,55.1,195.9,378.0,145.7,71.1,4.5,115.0,0.2,23,1,2.32,2.81,2.27,21.7,77.1,19.8,2,0
Assam,Dhemaji,Jonai Embankment Village,5.4,28.2,100.1,221.2,51.8,77.3,4.5,115.0,0.2,23,1,2.44,2.81,2.27,27.7,82.0,19.6,2,0
Assam,Dhemaji,Jonai Embankment Village,5.2,32.2,134.4,290.9,123.5,66.9,4.5,115.0,0.2,23,1,2.01,2.81,2.27,20.7,85.0,17.3,1,0
Assam,Dhemaji,Jonai Embankment Village,0.5,3.5,14.1,20.9,4.5,29.0,4.5,115.0,0.2,23,1,0.58,2.81,2.27,30.4,68.2,10.3,0,0
Assam,Dhemaji,Jonai Embankment Village,2.0,7.7,24.7,45.1,7.4,38.9,4.5,115.0,0.2,23,1,1.17,2.81,2.27,26.0,54.3,12.3,0,0
Assam,Dhemaji,Jonai Embankment Village,6.8,34.8,127.8,274.0,126.5,68.2,4.5,115.0,0.2,23,1,2.19,2.81,2.27,25.5,75.4,25.7,1,0
Assam,Dhemaji,Jonai Embankment Village,4.1,10.4,29.8,46.7,20.6,43.6,4.5,115.0,0.2,23,1,1.24,2.81,2.27,31.6,58.2,6.2,0,0
Assam,Dhemaji,Jonai Embankment Village,3.2,20.5,77.6,160.6,66.4,73.5,4.5,115.0,0.2,23,1,2.06,2.81,2.27,22.8,77.1,14.6,1,0
Assam,Dhemaji,Jonai Embankment Village,8.6,35.2,144.2,302.9,125.8,71.0,4.5,115.0,0.2,23,1,2.35,2.81,2.27,22.7,80.1,26.8,2,0
Assam,Dhemaji,Jonai Embankment Village,12.8,51.3,143.2,326.0,135.6,66.9,4.5,115.0,0.2,23,1,2.12,2.81,2.27,20.6,86.7,21.8,1,0
Assam,Dhemaji,Jonai Embankment Village,1.7,6.7,19.0,40.0,7.8,39.9,4.5,115.0,0.2,23,1,0.77,2.81,2.27,30.8,71.3,7.9,0,0
Assam,Dhemaji,Jonai Embankment Village,5.3,33.2,106.7,185.6,80.2,71.7,4.5,115.0,0.2,23,1,2.28,2.81,2.27,27.5,87.8,22.7,2,0
Assam,Dhemaji,Jonai Embankment Village,7.4,40.3,142.5,248.4,71.9,76.3,4.5,115.0,0.2,23,1,2.35,2.81,2.27,21.0,84.0,13.8,3,0
Assam,Dhemaji,Jonai Embankment Village,13.6,46.2,167.6,294.8,162.7,67.9,4.5,115.0,0.2,23,1,2.28,2.81,2.27,24.7,86.2,14.0,2,0
Assam,Dhemaji,Jonai Embankment Village,3.9,8.1,20.5,37.7,11.2,43.7,4.5,115.0,0.2,23,1,1.49,2.81,2.27,23.4,67.1,8.9,0,0
Assam,Dhemaji,Jonai Embankment Village,1.3,4.7,17.5,35.6,9.4,31.3,4.5,115.0,0.2,23,1,1.2,2.81,2.27,28.3,70.2,15.6,0,0
Assam,Dhemaji,Jonai Embankment Village,13.5,58.5,209.0,442.6,149.7,66.8,4.5,115.0,0.2,23,1,2.12,2.81,2.27,22.6,80.0,13.4,1,0
Assam,Dhemaji,Jonai Embankment Village,1.4,4.5,14.5,28.5,5.3,47.1,4.5,115.0,0.2,23,1,0.66,2.81,2.27,30.6,50.8,10.0,0,0
Assam,Dhemaji,Jonai Embankment Village,2.8,8.4,17.1,31.9,8.6,47.9,4.5,115.0,0.2,23,1,1.46,2.81,2.27,26.0,69.6,14.1,0,0
Assam,Dhemaji,Jonai Embankment Village,2.2,9.0,27.7,54.1,11.4,49.9,4.5,115.0,0.2,23,1,1.65,2.81,2.27,23.5,69.1,6.0,0,0
Assam,Dhemaji,Jonai Embankment Village,5.2,33.7,90.3,212.8,90.7,62.9,4.5,115.0,0.2,23,1,2.1,2.81,2.27,26.4,85.9,27.2,1,0
Assam,Dhemaji,Jonai Embankment Village,0.5,3.2,9.8,21.1,5.8,49.9,4.5,115.0,0.2,23,1,1.41,2.81,2.27,24.0,49.0,15.9,0,0
Assam,Dhemaji,Jonai Embankment Village,13.0,46.4,123.3,276.4,126.6,65.7,4.5,115.0,0.2,23,1,2.09,2.81,2.27,22.0,81.1,13.1,1,0
Assam,Dhemaji,Jonai Embankment Village,15.0,64.9,199.0,326.3,116.5,69.7,4.5,115.0,0.2,23,1,2.38,2.81,2.27,26.0,79.1,26.4,2,0
Assam,Dhemaji,Sisiborgaon Lowland Ward,2.0,6.6,14.9,31.4,9.3,30.6,2.5,98.0,0.12,20,0,0.53,2.6,2.12,24.7,72.5,13.7,0,0
Assam,Dhemaji,Sisiborgaon Lowland Ward,1.4,4.8,19.6,41.4,13.1,25.5,2.5,98.0,0.12,20,0,1.0,2.6,2.12,23.6,49.9,13.8,0,0
Assam,Dhemaji,Sisiborgaon Lowland Ward,0.4,1.3,9.2,18.8,6.0,40.3,2.5,98.0,0.12,20,0,1.35,2.6,2.12,23.0,72.5,12.1,0,0
Assam,Dhemaji,Sisiborgaon Lowland Ward,12.8,48.8,134.5,283.3,142.0,62.8,2.5,98.0,0.12,20,0,2.04,2.6,2.12,24.3,82.0,26.7,1,0
Assam,Dhemaji,Sisiborgaon Lowland Ward,1.8,6.6,21.1,29.7,11.4,51.5,2.5,98.0,0.12,20,0,1.14,2.6,2.12,28.9,56.6,13.3,0,0
Assam,Dhemaji,Sisiborgaon Lowland Ward,1.1,3.8,17.2,32.8,8.3,50.4,2.5,98.0,0.12,20,0,0.58,2.6,2.12,23.9,48.9,5.9,0,0
Assam,Dhemaji,Sisiborgaon Lowland Ward,2.9,10.0,24.0,48.5,15.0,49.5,2.5,98.0,0.12,20,0,0.55,2.6,2.12,31.2,74.3,5.8,0,0
Assam,Dhemaji,Sisiborgaon Lowland Ward,36.6,175.0,541.6,947.2,624.3,86.7,2.5,98.0,0.12,20,0,2.67,2.6,2.12,20.8,91.6,43.4,3,0
Assam,Dhemaji,Sisiborgaon Lowland Ward,17.7,82.0,309.4,593.0,351.0,80.5,2.5,98.0,0.12,20,0,2.49,2.6,2.12,24.9,86.6,27.8,3,0
Assam,Dhemaji,Sisiborgaon Lowland Ward,0.3,2.8,12.8,28.7,8.5,49.4,2.5,98.0,0.12,20,0,0.5,2.6,2.12,27.4,50.9,15.7,0,0
Assam,Dhemaji,Sisiborgaon Lowland Ward,0.5,3.9,11.1,22.4,5.9,35.9,2.5,98.0,0.12,20,0,0.8,2.6,2.12,22.2,50.0,14.5,0,0
Assam,Dhemaji,Sisiborgaon Lowland Ward,4.3,26.3,90.9,204.7,82.6,69.9,2.5,98.0,0.12,20,0,2.22,2.6,2.12,27.2,80.2,22.2,2,0
Assam,Dhemaji,Sisiborgaon Lowland Ward,2.2,8.3,19.4,36.2,9.5,51.2,2.5,98.0,0.12,20,0,0.67,2.6,2.12,25.6,49.6,9.6,0,0
Assam,Dhemaji,Sisiborgaon Lowland Ward,23.7,115.0,296.8,586.5,264.3,82.0,2.5,98.0,0.12,20,0,2.53,2.6,2.12,25.4,95.5,44.2,3,0
Assam,Dhemaji,Sisiborgaon Lowland Ward,1.6,4.1,16.1,28.5,7.8,48.8,2.5,98.0,0.12,20,0,0.67,2.6,2.12,26.1,69.8,12.9,0,0
Assam,Dhemaji,Sisiborgaon Lowland Ward,9.6,46.2,135.0,247.9,119.9,70.8,2.5,98.0,0.12,20,0,1.87,2.6,2.12,21.6,76.4,22.5,1,0
Assam,Dhemaji,Sisiborgaon Lowland Ward,16.0,90.6,316.9,546.0,269.4,89.9,2.5,98.0,0.12,20,0,2.54,2.6,2.12,24.6,93.6,34.3,3,0
Assam,Dhemaji,Sisiborgaon Lowland Ward,3.4,11.5,33.2,63.0,17.1,57.7,2.5,98.0,0.12,20,0,0.82,2.6,2.12,22.1,67.9,6.2,0,0
Assam,Dhemaji,Sisiborgaon Lowland Ward,2.5,6.3,15.7,29.8,4.7,51.2,2.5,98.0,0.12,20,0,0.69,2.6,2.12,31.3,72.5,10.5,0,0
Assam,Dhemaji,Sisiborgaon Lowland Ward,17.8,73.6,223.7,482.9,149.7,75.9,2.5,98.0,0.12,20,0,2.3,2.6,2.12,26.2,76.5,19.0,3,0
Assam,Dhemaji,Sisiborgaon Lowland Ward,3.4,7.9,24.8,39.1,8.2,31.0,2.5,98.0,0.12,20,0,0.83,2.6,2.12,22.6,53.5,11.7,0,0
Assam,Dhemaji,Sisiborgaon Lowland Ward,6.2,32.0,125.9,284.7,128.1,75.9,2.5,98.0,0.12,20,0,1.86,2.6,2.12,26.9,80.8,25.2,2,0
Assam,Dhemaji,Sisiborgaon Lowland Ward,4.7,33.8,107.7,186.0,99.0,63.8,2.5,98.0,0.12,20,0,2.17,2.6,2.12,20.5,86.4,18.8,2,0
Assam,Dhemaji,Sisiborgaon Lowland Ward,1.3,3.9,7.1,20.0,3.7,31.4,2.5,98.0,0.12,20,0,0.93,2.6,2.12,30.7,45.1,11.9,0,0
Assam,Dhemaji,Sisiborgaon Lowland Ward,2.5,5.8,15.4,34.8,8.0,30.3,2.5,98.0,0.12,20,0,0.96,2.6,2.12,30.1,50.1,13.6,0,0
Assam,Barpeta,Howly Lowland Settlement Ward 2,5.0,28.8,116.2,274.2,70.5,70.9,2.0,46.0,0.14,22,0,3.53,3.8,3.38,27.1,81.5,26.3,2,0
Assam,Barpeta,Howly Lowland Settlement Ward 2,10.2,49.0,169.0,350.0,148.9,76.1,2.0,46.0,0.14,22,0,3.58,3.8,3.38,27.3,84.8,24.3,3,0
Assam,Barpeta,Howly Lowland Settlement Ward 2,2.4,6.4,22.8,40.6,8.6,46.9,2.0,46.0,0.14,22,0,2.11,3.8,3.38,24.0,51.8,11.7,0,0
Assam,Barpeta,Howly Lowland Settlement Ward 2,0.5,2.7,10.3,21.7,6.1,27.1,2.0,46.0,0.14,22,0,1.47,3.8,3.38,29.1,67.9,15.4,0,0
Assam,Barpeta,Howly Lowland Settlement Ward 2,3.3,11.2,29.7,51.2,13.3,44.2,2.0,46.0,0.14,22,0,0.51,3.8,3.38,31.0,61.1,6.1,0,0
Assam,Barpeta,Howly Lowland Settlement Ward 2,8.3,39.8,133.6,257.9,103.7,70.1,2.0,46.0,0.14,22,0,2.95,3.8,3.38,27.8,80.4,25.7,1,0
Assam,Barpeta,Howly Lowland Settlement Ward 2,17.3,68.3,209.3,427.6,207.9,64.4,2.0,46.0,0.14,22,0,3.16,3.8,3.38,22.9,87.4,18.4,1,0
Assam,Barpeta,Howly Lowland Settlement Ward 2,1.4,5.4,13.6,21.9,7.4,44.6,2.0,46.0,0.14,22,0,2.31,3.8,3.38,23.6,54.8,11.6,0,0
Assam,Barpeta,Howly Lowland Settlement Ward 2,5.5,27.0,89.4,179.0,45.9,66.3,2.0,46.0,0.14,22,0,3.22,3.8,3.38,26.1,80.4,21.4,1,0
Assam,Barpeta,Howly Lowland Settlement Ward 2,45.3,233.9,605.6,1008.4,754.3,96.5,2.0,46.0,0.14,22,0,5.0,3.8,3.38,18.8,96.3,57.8,3,0
Assam,Barpeta,Howly Lowland Settlement Ward 2,3.2,21.5,94.8,208.7,73.7,66.6,2.0,46.0,0.14,22,0,3.21,3.8,3.38,27.5,79.5,18.4,1,0
Assam,Barpeta,Howly Lowland Settlement Ward 2,3.2,20.9,81.9,172.5,56.5,74.7,2.0,46.0,0.14,22,0,3.0,3.8,3.38,25.1,85.5,26.0,1,0
Assam,Barpeta,Howly Lowland Settlement Ward 2,3.0,8.5,25.0,38.8,11.5,34.6,2.0,46.0,0.14,22,0,1.72,3.8,3.38,22.6,70.2,7.0,0,0
Assam,Barpeta,Howly Lowland Settlement Ward 2,16.4,60.4,191.6,408.4,117.6,72.7,2.0,46.0,0.14,22,0,2.9,3.8,3.38,23.9,83.7,20.7,1,0
Assam,Barpeta,Howly Lowland Settlement Ward 2,1.3,4.7,18.3,28.2,12.7,32.8,2.0,46.0,0.14,22,0,0.8,3.8,3.38,31.6,68.6,15.1,0,0
Assam,Barpeta,Howly Lowland Settlement Ward 2,1.2,4.5,17.4,32.1,11.3,44.7,2.0,46.0,0.14,22,0,1.81,3.8,3.38,22.2,74.0,8.9,0,0
Assam,Barpeta,Howly Lowland Settlement Ward 2,1.5,6.0,15.5,32.8,10.8,39.3,2.0,46.0,0.14,22,0,1.66,3.8,3.38,27.0,59.4,12.9,0,0
Assam,Barpeta,Howly Lowland Settlement Ward 2,3.5,8.2,23.3,31.8,14.0,39.1,2.0,46.0,0.14,22,0,2.31,3.8,3.38,23.2,51.9,15.1,0,0
Assam,Barpeta,Howly Lowland Settlement Ward 2,0.5,1.9,4.9,14.2,3.3,43.4,2.0,46.0,0.14,22,0,2.39,3.8,3.38,30.2,56.2,8.3,0,0
Assam,Barpeta,Howly Lowland Settlement Ward 2,1.7,5.7,18.2,33.6,8.9,35.4,2.0,46.0,0.14,22,0,1.37,3.8,3.38,23.8,73.2,7.0,0,0
Assam,Barpeta,Howly Lowland Settlement Ward 2,11.5,44.6,151.4,277.6,121.0,69.7,2.0,46.0,0.14,22,0,3.16,3.8,3.38,24.3,83.9,17.2,1,0
Assam,Barpeta,Howly Lowland Settlement Ward 2,8.9,41.5,119.3,214.2,60.1,75.3,2.0,46.0,0.14,22,0,3.59,3.8,3.38,22.3,84.5,15.5,2,0
Assam,Barpeta,Howly Lowland Settlement Ward 2,2.5,9.7,23.9,42.4,16.2,55.7,2.0,46.0,0.14,22,0,0.64,3.8,3.38,29.2,59.2,15.2,0,0
Assam,Barpeta,Howly Lowland Settlement Ward 2,9.0,43.7,126.1,255.7,81.7,67.5,2.0,46.0,0.14,22,0,3.11,3.8,3.38,25.4,82.2,14.7,1,0
Assam,Barpeta,Howly Lowland Settlement Ward 2,14.0,56.2,165.0,297.1,179.3,67.2,2.0,46.0,0.14,22,0,3.14,3.8,3.38,20.7,75.9,17.4,1,0
Assam,Barpeta,Chenga River Island Village,4.7,10.5,26.1,47.7,14.5,36.8,1.2,42.0,0.1,24,0,0.63,2.59,1.93,26.4,60.9,13.2,0,0
Assam,Barpeta,Chenga River Island Village,17.8,110.3,296.4,599.0,272.6,82.1,1.2,42.0,0.1,24,0,3.16,2.59,1.93,19.6,88.7,37.2,3,0
Assam,Barpeta,Chenga River Island Village,13.6,47.8,124.8,275.9,80.3,72.3,1.2,42.0,0.1,24,0,2.39,2.59,1.93,27.8,80.6,12.6,2,0
Assam,Barpeta,Chenga River Island Village,7.0,32.9,118.2,258.8,92.8,62.2,1.2,42.0,0.1,24,0,2.32,2.59,1.93,23.5,79.1,13.0,2,0
Assam,Barpeta,Chenga River Island Village,0.2,1.4,8.3,21.9,4.1,51.6,1.2,42.0,0.1,24,0,0.98,2.59,1.93,23.0,61.9,6.2,0,0
Assam,Barpeta,Chenga River Island Village,6.0,30.2,116.8,251.1,85.0,64.6,1.2,42.0,0.1,24,0,2.3,2.59,1.93,24.7,75.8,17.0,2,0
Assam,Barpeta,Chenga River Island Village,1.5,5.2,19.5,35.8,13.4,36.3,1.2,42.0,0.1,24,0,1.08,2.59,1.93,27.8,68.7,12.6,0,0
Assam,Barpeta,Chenga River Island Village,4.9,13.6,35.6,58.1,23.9,48.4,1.2,42.0,0.1,24,0,0.66,2.59,1.93,29.0,61.2,9.5,0,0
Assam,Barpeta,Chenga River Island Village,4.1,25.5,80.6,202.6,54.7,74.0,1.2,42.0,0.1,24,0,2.38,2.59,1.93,25.4,84.4,21.3,2,0
Assam,Barpeta,Chenga River Island Village,2.6,25.5,109.0,216.8,77.3,70.3,1.2,42.0,0.1,24,0,2.42,2.59,1.93,25.9,86.0,12.8,2,0
Assam,Barpeta,Chenga River Island Village,0.9,3.8,14.5,33.8,9.2,52.1,1.2,42.0,0.1,24,0,0.78,2.59,1.93,27.4,64.2,15.0,0,0
Assam,Barpeta,Chenga River Island Village,4.2,19.2,72.6,163.8,76.6,75.0,1.2,42.0,0.1,24,0,2.29,2.59,1.93,26.4,77.7,19.9,2,0
Assam,Barpeta,Chenga River Island Village,28.1,135.5,332.8,611.4,366.6,88.5,1.2,42.0,0.1,24,0,3.12,2.59,1.93,18.9,85.9,31.1,3,0
Assam,Barpeta,Chenga River Island Village,68.1,299.0,855.4,1432.0,1399.4,96.2,1.2,42.0,0.1,24,0,4.12,2.59,1.93,22.7,96.0,68.8,3,0
Assam,Barpeta,Chenga River Island Village,26.1,132.9,342.6,698.9,319.5,89.1,1.2,42.0,0.1,24,0,2.53,2.59,1.93,24.6,88.4,37.6,3,0
Assam,Barpeta,Chenga River Island Village,33.9,165.4,500.0,799.2,406.0,88.4,1.2,42.0,0.1,24,0,2.56,2.59,1.93,19.9,91.4,25.3,3,0
Assam,Barpeta,Chenga River Island Village,70.2,374.5,838.0,1220.9,1323.0,90.4,1.2,42.0,0.1,24,0,3.18,2.59,1.93,20.2,97.8,66.9,3,0
Assam,Barpeta,Chenga River Island Village,32.9,127.7,400.6,736.3,337.2,82.8,1.2,42.0,0.1,24,0,3.0,2.59,1.93,24.3,90.5,34.5,3,0
Assam,Barpeta,Chenga River Island Village,2.4,18.1,76.4,173.7,47.8,65.9,1.2,42.0,0.1,24,0,2.15,2.59,1.93,25.6,83.1,20.7,1,0
Assam,Barpeta,Chenga River Island Village,93.8,434.4,995.3,1493.4,1513.4,98.2,1.2,42.0,0.1,24,0,4.06,2.59,1.93,17.9,95.4,42.4,3,0
Assam,Barpeta,Chenga River Island Village,1.3,4.0,11.5,19.3,4.1,41.8,1.2,42.0,0.1,24,0,0.73,2.59,1.93,26.9,58.7,14.4,0,0
Assam,Barpeta,Chenga River Island Village,7.0,37.6,107.4,241.6,87.3,68.0,1.2,42.0,0.1,24,0,1.85,2.59,1.93,20.5,84.2,18.6,1,0
Assam,Barpeta,Chenga River Island Village,0.2,3.4,15.3,26.8,7.9,52.0,1.2,42.0,0.1,24,0,1.37,2.59,1.93,26.1,53.0,15.7,0,0
Assam,Barpeta,Chenga River Island Village,44.0,241.5,574.4,802.6,767.3,94.0,1.2,42.0,0.1,24,0,4.2,2.59,1.93,20.1,92.7,60.4,3,0
Assam,Barpeta,Chenga River Island Village,5.5,30.8,109.8,254.2,92.8,71.2,1.2,42.0,0.1,24,0,1.68,2.59,1.93,24.0,78.4,24.1,1,0
Assam,Barpeta,Sarthebari Inundation Plain,4.0,22.2,74.1,169.6,64.3,69.3,1.8,48.0,0.16,19,0,3.15,4.06,3.4,22.6,87.5,13.8,1,0
Assam,Barpeta,Sarthebari Inundation Plain,35.8,185.4,550.3,937.7,733.5,78.3,1.8,48.0,0.16,19,0,5.04,4.06,3.4,24.4,95.6,49.6,3,0
Assam,Barpeta,Sarthebari Inundation Plain,33.9,188.8,565.7,823.6,523.2,85.1,1.8,48.0,0.16,19,0,4.49,4.06,3.4,18.5,90.4,38.7,3,0
Assam,Barpeta,Sarthebari Inundation Plain,1.6,23.4,72.7,163.5,56.0,75.3,1.8,48.0,0.16,19,0,2.98,4.06,3.4,25.7,82.9,22.0,1,0
Assam,Barpeta,Sarthebari Inundation Plain,1.6,5.3,20.9,39.2,7.3,29.4,1.8,48.0,0.16,19,0,1.04,4.06,3.4,23.7,46.2,7.9,0,0
Assam,Barpeta,Sarthebari Inundation Plain,7.6,37.6,142.8,295.9,111.0,62.1,1.8,48.0,0.16,19,0,3.62,4.06,3.4,20.5,75.7,23.0,2,0
Assam,Barpeta,Sarthebari Inundation Plain,4.0,25.8,87.3,186.2,87.7,72.3,1.8,48.0,0.16,19,0,2.95,4.06,3.4,23.9,83.0,13.6,1,0
Assam,Barpeta,Sarthebari Inundation Plain,12.1,48.4,152.7,311.0,119.8,73.9,1.8,48.0,0.16,19,0,3.84,4.06,3.4,26.9,82.5,15.3,2,0
Assam,Barpeta,Sarthebari Inundation Plain,1.4,4.1,9.8,16.8,6.4,46.3,1.8,48.0,0.16,19,0,0.94,4.06,3.4,26.2,48.2,14.1,0,0
Assam,Barpeta,Sarthebari Inundation Plain,0.7,2.6,11.3,20.7,4.1,38.2,1.8,48.0,0.16,19,0,1.92,4.06,3.4,23.7,73.0,6.7,0,0
Assam,Barpeta,Sarthebari Inundation Plain,0.2,2.8,12.8,20.6,6.8,31.5,1.8,48.0,0.16,19,0,2.46,4.06,3.4,27.8,45.3,10.1,0,0
Assam,Barpeta,Sarthebari Inundation Plain,7.8,28.8,87.7,213.9,45.2,69.4,1.8,48.0,0.16,19,0,3.49,4.06,3.4,20.7,84.8,12.6,2,0
Assam,Barpeta,Sarthebari Inundation Plain,9.0,33.8,112.1,197.4,115.5,72.5,1.8,48.0,0.16,19,0,3.37,4.06,3.4,21.5,75.3,25.2,1,0
Assam,Barpeta,Sarthebari Inundation Plain,0.9,4.9,18.8,34.9,6.9,51.7,1.8,48.0,0.16,19,0,2.48,4.06,3.4,26.7,45.2,7.8,0,0
Assam,Barpeta,Sarthebari Inundation Plain,1.6,5.9,21.6,39.1,14.3,31.1,1.8,48.0,0.16,19,0,0.8,4.06,3.4,28.5,45.5,8.8,0,0
Assam,Barpeta,Sarthebari Inundation Plain,4.7,14.0,33.0,65.7,17.6,35.1,1.8,48.0,0.16,19,0,2.19,4.06,3.4,30.0,59.2,7.0,0,0
Assam,Barpeta,Sarthebari Inundation Plain,11.0,40.8,135.1,244.9,105.7,63.3,1.8,48.0,0.16,19,0,3.34,4.06,3.4,26.5,84.4,12.4,1,0
Assam,Barpeta,Sarthebari Inundation Plain,49.1,293.9,693.0,965.6,751.6,95.5,1.8,48.0,0.16,19,0,5.07,4.06,3.4,23.6,95.8,71.9,3,0
Assam,Barpeta,Sarthebari Inundation Plain,0.1,1.9,10.2,20.8,5.2,38.6,1.8,48.0,0.16,19,0,1.48,4.06,3.4,26.3,71.4,15.8,0,0
Assam,Barpeta,Sarthebari Inundation Plain,4.1,23.7,109.0,217.0,84.3,62.4,1.8,48.0,0.16,19,0,3.61,4.06,3.4,23.5,83.5,27.6,2,0
Assam,Barpeta,Sarthebari Inundation Plain,47.8,196.4,563.0,877.5,744.8,97.0,1.8,48.0,0.16,19,0,6.27,4.06,3.4,23.5,97.4,72.7,3,0
Assam,Barpeta,Sarthebari Inundation Plain,1.2,5.2,11.6,19.3,6.0,41.8,1.8,48.0,0.16,19,0,1.05,4.06,3.4,31.4,46.2,6.7,0,0
Assam,Barpeta,Sarthebari Inundation Plain,1.5,5.7,13.3,22.1,4.3,30.5,1.8,48.0,0.16,19,0,2.02,4.06,3.4,26.9,73.2,6.6,0,0
Assam,Barpeta,Sarthebari Inundation Plain,1.6,4.6,11.0,14.8,5.6,33.2,1.8,48.0,0.16,19,0,1.1,4.06,3.4,29.1,57.1,7.6,0,0
Assam,Barpeta,Sarthebari Inundation Plain,2.1,5.3,18.8,35.0,6.5,51.3,1.8,48.0,0.16,19,0,0.55,4.06,3.4,31.5,70.5,9.2,0,0
Assam,Morigaon,Laharighat Riverbank Erosion Ward,18.5,115.7,365.3,678.4,451.5,88.4,2.2,54.0,0.13,23,0,4.29,3.78,3.19,21.1,91.0,43.3,3,0
Assam,Morigaon,Laharighat Riverbank Erosion Ward,1.3,6.7,25.3,44.6,10.2,33.1,2.2,54.0,0.13,23,0,0.6,3.78,3.19,31.2,69.5,15.7,0,0
Assam,Morigaon,Laharighat Riverbank Erosion Ward,6.7,34.1,90.0,219.9,49.5,63.5,2.2,54.0,0.13,23,0,3.49,3.78,3.19,22.5,83.6,20.9,2,0
Assam,Morigaon,Laharighat Riverbank Erosion Ward,3.0,7.8,27.7,50.0,10.4,33.6,2.2,54.0,0.13,23,0,2.1,3.78,3.19,22.1,55.9,8.6,0,0
Assam,Morigaon,Laharighat Riverbank Erosion Ward,1.8,4.2,16.5,29.0,8.8,48.2,2.2,54.0,0.13,23,0,2.13,3.78,3.19,26.3,49.4,5.6,0,0
Assam,Morigaon,Laharighat Riverbank Erosion Ward,0.4,3.4,15.1,30.4,5.1,41.7,2.2,54.0,0.13,23,0,2.24,3.78,3.19,28.5,60.4,11.6,0,0
Assam,Morigaon,Laharighat Riverbank Erosion Ward,39.2,167.0,393.0,673.5,376.2,82.5,2.2,54.0,0.13,23,0,3.75,3.78,3.19,19.8,95.0,40.9,3,0
Assam,Morigaon,Laharighat Riverbank Erosion Ward,1.5,6.1,20.3,29.5,7.4,28.1,2.2,54.0,0.13,23,0,1.96,3.78,3.19,31.5,61.5,8.7,0,0
Assam,Morigaon,Laharighat Riverbank Erosion Ward,6.2,39.3,139.0,309.5,71.0,72.6,2.2,54.0,0.13,23,0,3.5,3.78,3.19,20.9,75.4,19.4,2,0
Assam,Morigaon,Laharighat Riverbank Erosion Ward,0.1,1.5,3.4,10.6,1.6,26.0,2.2,54.0,0.13,23,0,1.87,3.78,3.19,29.5,50.3,15.8,0,0
Assam,Morigaon,Laharighat Riverbank Erosion Ward,1.6,7.1,18.6,31.9,7.5,42.6,2.2,54.0,0.13,23,0,1.21,3.78,3.19,27.0,57.9,13.3,0,0
Assam,Morigaon,Laharighat Riverbank Erosion Ward,0.4,3.8,16.3,31.0,11.2,35.1,2.2,54.0,0.13,23,0,0.84,3.78,3.19,23.4,58.2,15.9,0,0
Assam,Morigaon,Laharighat Riverbank Erosion Ward,22.5,120.2,351.1,547.6,437.5,86.8,2.2,54.0,0.13,23,0,3.82,3.78,3.19,23.9,90.4,28.7,3,0
Assam,Morigaon,Laharighat Riverbank Erosion Ward,3.1,8.9,23.7,42.2,14.3,49.7,2.2,54.0,0.13,23,0,0.74,3.78,3.19,26.6,73.6,9.3,0,0
Assam,Morigaon,Laharighat Riverbank Erosion Ward,69.0,355.4,807.1,1326.1,905.7,91.2,2.2,54.0,0.13,23,0,6.21,3.78,3.19,23.7,96.3,52.7,3,0
Assam,Morigaon,Laharighat Riverbank Erosion Ward,87.2,378.6,831.3,1321.3,1271.8,95.5,2.2,54.0,0.13,23,0,5.62,3.78,3.19,18.9,92.3,74.0,3,0
Assam,Morigaon,Laharighat Riverbank Erosion Ward,2.0,6.3,16.8,25.4,10.8,51.8,2.2,54.0,0.13,23,0,1.08,3.78,3.19,25.1,57.6,13.1,0,0
Assam,Morigaon,Laharighat Riverbank Erosion Ward,0.4,1.1,8.4,15.3,5.0,36.8,2.2,54.0,0.13,23,0,1.18,3.78,3.19,27.7,50.2,15.7,0,0
Assam,Morigaon,Laharighat Riverbank Erosion Ward,11.2,43.5,160.0,276.5,127.3,65.1,2.2,54.0,0.13,23,0,3.2,3.78,3.19,24.2,81.0,12.0,2,0
Assam,Morigaon,Laharighat Riverbank Erosion Ward,14.1,50.4,172.5,339.9,169.7,73.6,2.2,54.0,0.13,23,0,3.18,3.78,3.19,22.2,85.4,20.6,1,0
Assam,Morigaon,Laharighat Riverbank Erosion Ward,63.5,302.2,861.0,1489.7,971.9,98.3,2.2,54.0,0.13,23,0,5.07,3.78,3.19,21.3,94.0,67.1,3,0
Assam,Morigaon,Laharighat Riverbank Erosion Ward,1.1,3.5,10.2,22.3,3.1,56.2,2.2,54.0,0.13,23,0,1.44,3.78,3.19,23.0,66.9,14.6,0,0
Assam,Morigaon,Laharighat Riverbank Erosion Ward,1.2,4.2,13.4,22.6,8.5,45.6,2.2,54.0,0.13,23,0,2.23,3.78,3.19,22.5,47.7,8.0,0,0
Assam,Morigaon,Laharighat Riverbank Erosion Ward,53.1,289.7,591.5,1032.8,870.5,94.4,2.2,54.0,0.13,23,0,5.65,3.78,3.19,19.3,97.5,39.2,3,0
Assam,Morigaon,Laharighat Riverbank Erosion Ward,10.6,49.9,179.1,364.6,170.3,62.8,2.2,54.0,0.13,23,0,3.16,3.78,3.19,20.8,83.4,25.5,1,0
Assam,Morigaon,Mayong Kopili Floodplain Village,3.9,8.8,18.5,30.3,9.5,48.3,3.1,58.0,0.18,20,1,0.54,3.58,2.93,31.2,61.7,12.4,0,0
Assam,Morigaon,Mayong Kopili Floodplain Village,28.1,107.3,322.6,622.8,441.1,79.5,3.1,58.0,0.18,20,1,3.43,3.58,2.93,23.5,86.2,40.4,3,0
Assam,Morigaon,Mayong Kopili Floodplain Village,50.2,286.6,816.5,1422.5,1136.8,91.1,3.1,58.0,0.18,20,1,4.61,3.58,2.93,18.7,93.6,52.9,3,0
Assam,Morigaon,Mayong Kopili Floodplain Village,1.9,24.2,79.6,179.4,74.0,67.9,3.1,58.0,0.18,20,1,2.81,3.58,2.93,26.9,81.5,12.2,1,0
Assam,Morigaon,Mayong Kopili Floodplain Village,3.1,21.8,82.2,207.4,49.1,75.2,3.1,58.0,0.18,20,1,2.85,3.58,2.93,20.3,87.9,21.6,2,0
Assam,Morigaon,Mayong Kopili Floodplain Village,28.8,153.6,424.7,823.1,430.6,84.1,3.1,58.0,0.18,20,1,4.14,3.58,2.93,20.0,94.3,47.9,3,0
Assam,Morigaon,Mayong Kopili Floodplain Village,0.9,5.1,12.5,29.2,8.2,52.2,3.1,58.0,0.18,20,1,1.16,3.58,2.93,22.0,72.8,7.4,0,0
Assam,Morigaon,Mayong Kopili Floodplain Village,1.0,5.8,20.3,37.0,13.0,48.2,3.1,58.0,0.18,20,1,1.68,3.58,2.93,28.2,71.0,11.4,0,0
Assam,Morigaon,Mayong Kopili Floodplain Village,2.7,9.1,18.5,39.9,10.0,51.7,3.1,58.0,0.18,20,1,1.88,3.58,2.93,25.2,51.9,6.6,0,0
Assam,Morigaon,Mayong Kopili Floodplain Village,3.9,8.8,25.5,44.0,10.6,48.5,3.1,58.0,0.18,20,1,0.92,3.58,2.93,28.7,73.1,14.5,0,0
Assam,Morigaon,Mayong Kopili Floodplain Village,4.1,10.4,28.7,52.7,14.3,33.6,3.1,58.0,0.18,20,1,2.19,3.58,2.93,26.9,69.6,11.4,0,0
Assam,Morigaon,Mayong Kopili Floodplain Village,1.9,18.7,64.7,167.3,36.7,70.7,3.1,58.0,0.18,20,1,2.56,3.58,2.93,23.6,81.4,24.9,1,0
Assam,Morigaon,Mayong Kopili Floodplain Village,0.6,3.8,9.5,15.6,6.1,46.1,3.1,58.0,0.18,20,1,1.79,3.58,2.93,30.1,58.9,7.5,0,0
Assam,Morigaon,Mayong Kopili Floodplain Village,0.8,3.9,14.6,33.9,6.8,40.3,3.1,58.0,0.18,20,1,0.74,3.58,2.93,25.6,58.2,5.3,0,0
Assam,Morigaon,Mayong Kopili Floodplain Village,0.6,3.1,13.1,26.8,9.1,49.8,3.1,58.0,0.18,20,1,1.32,3.58,2.93,29.2,51.5,10.4,0,0
Assam,Morigaon,Mayong Kopili Floodplain Village,2.0,4.2,11.9,28.8,6.0,35.7,3.1,58.0,0.18,20,1,1.28,3.58,2.93,23.8,46.5,11.2,0,0
Assam,Morigaon,Mayong Kopili Floodplain Village,2.2,7.2,24.6,44.8,12.5,34.9,3.1,58.0,0.18,20,1,0.58,3.58,2.93,26.2,52.5,5.1,0,0
Assam,Morigaon,Mayong Kopili Floodplain Village,6.7,30.6,95.1,210.9,66.9,73.6,3.1,58.0,0.18,20,1,3.37,3.58,2.93,23.2,80.4,14.2,2,0
Assam,Morigaon,Mayong Kopili Floodplain Village,6.3,31.1,120.9,248.5,109.2,62.5,3.1,58.0,0.18,20,1,2.73,3.58,2.93,27.3,81.8,18.3,1,0
Assam,Morigaon,Mayong Kopili Floodplain Village,5.3,29.6,117.5,216.5,60.5,70.4,3.1,58.0,0.18,20,1,3.25,3.58,2.93,26.2,81.2,21.2,2,0
Assam,Morigaon,Mayong Kopili Floodplain Village,38.9,176.9,450.9,659.7,538.3,82.5,3.1,58.0,0.18,20,1,3.88,3.58,2.93,23.9,90.5,47.0,3,0
Assam,Morigaon,Mayong Kopili Floodplain Village,5.7,27.7,86.4,183.2,86.3,70.4,3.1,58.0,0.18,20,1,2.62,3.58,2.93,21.4,77.7,18.4,1,0
Assam,Morigaon,Mayong Kopili Floodplain Village,26.4,109.7,304.2,484.1,382.4,89.7,3.1,58.0,0.18,20,1,4.29,3.58,2.93,23.2,90.4,40.2,3,0
Assam,Morigaon,Mayong Kopili Floodplain Village,47.7,230.0,552.4,868.2,922.4,93.8,3.1,58.0,0.18,20,1,5.19,3.58,2.93,16.3,93.2,39.1,3,0
Assam,Morigaon,Mayong Kopili Floodplain Village,15.6,62.6,208.1,324.5,155.6,77.4,3.1,58.0,0.18,20,1,3.01,3.58,2.93,24.4,76.2,27.7,3,0
Assam,Morigaon,Bhuragaon Embankment Breach Ward,2.5,7.2,23.8,45.1,14.4,55.4,1.9,52.0,0.14,21,0,1.52,2.95,2.35,22.8,72.7,9.9,0,0
Assam,Morigaon,Bhuragaon Embankment Breach Ward,37.2,196.0,463.8,755.9,422.1,90.8,1.9,52.0,0.14,21,0,3.14,2.95,2.35,19.8,86.2,45.2,3,0
Assam,Morigaon,Bhuragaon Embankment Breach Ward,1.0,3.5,17.1,24.5,9.0,49.5,1.9,52.0,0.14,21,0,1.45,2.95,2.35,25.3,46.8,14.7,0,0
Assam,Morigaon,Bhuragaon Embankment Breach Ward,6.2,39.1,122.4,227.6,70.5,73.2,1.9,52.0,0.14,21,0,2.8,2.95,2.35,23.9,82.0,13.4,2,0
Assam,Morigaon,Bhuragaon Embankment Breach Ward,17.9,95.6,265.5,505.7,232.4,84.0,1.9,52.0,0.14,21,0,3.17,2.95,2.35,21.2,88.6,29.3,3,0
Assam,Morigaon,Bhuragaon Embankment Breach Ward,28.8,144.9,403.0,770.0,328.1,88.1,1.9,52.0,0.14,21,0,3.25,2.95,2.35,22.4,88.3,25.1,3,0
Assam,Morigaon,Bhuragaon Embankment Breach Ward,39.8,208.6,427.0,660.2,368.1,91.4,1.9,52.0,0.14,21,0,3.55,2.95,2.35,22.8,86.8,44.3,3,0
Assam,Morigaon,Bhuragaon Embankment Breach Ward,83.2,430.0,872.5,1283.2,896.6,92.1,1.9,52.0,0.14,21,0,4.73,2.95,2.35,18.8,93.3,43.3,3,0
Assam,Morigaon,Bhuragaon Embankment Breach Ward,2.1,5.3,16.2,36.5,7.1,57.1,1.9,52.0,0.14,21,0,0.64,2.95,2.35,30.8,51.8,8.7,0,0
Assam,Morigaon,Bhuragaon Embankment Breach Ward,0.4,3.8,10.9,22.5,5.7,47.9,1.9,52.0,0.14,21,0,0.76,2.95,2.35,23.9,68.3,7.1,0,0
Assam,Morigaon,Bhuragaon Embankment Breach Ward,1.6,5.7,14.6,24.4,6.4,49.6,1.9,52.0,0.14,21,0,1.18,2.95,2.35,28.5,48.7,14.1,0,0
Assam,Morigaon,Bhuragaon Embankment Breach Ward,33.8,146.8,352.8,674.7,474.4,86.6,1.9,52.0,0.14,21,0,3.35,2.95,2.35,25.6,86.3,31.1,3,0
Assam,Morigaon,Bhuragaon Embankment Breach Ward,9.6,39.7,116.6,222.1,85.2,71.5,1.9,52.0,0.14,21,0,2.7,2.95,2.35,25.1,82.4,26.4,2,0
Assam,Morigaon,Bhuragaon Embankment Breach Ward,2.2,6.9,16.5,24.4,8.1,32.7,1.9,52.0,0.14,21,0,1.01,2.95,2.35,31.4,70.6,8.0,0,0
Assam,Morigaon,Bhuragaon Embankment Breach Ward,0.6,3.1,10.4,23.1,6.0,54.4,1.9,52.0,0.14,21,0,1.04,2.95,2.35,26.5,68.0,5.3,0,0
Assam,Morigaon,Bhuragaon Embankment Breach Ward,4.4,27.5,93.0,210.8,57.2,73.3,1.9,52.0,0.14,21,0,2.05,2.95,2.35,25.5,86.2,17.7,1,0
Assam,Morigaon,Bhuragaon Embankment Breach Ward,0.1,2.4,9.3,15.0,5.9,42.1,1.9,52.0,0.14,21,0,1.06,2.95,2.35,31.2,58.8,6.5,0,0
Assam,Morigaon,Bhuragaon Embankment Breach Ward,10.2,52.1,182.7,299.9,151.1,73.3,1.9,52.0,0.14,21,0,2.2,2.95,2.35,26.4,79.2,26.9,1,0
Assam,Morigaon,Bhuragaon Embankment Breach Ward,29.8,170.0,426.8,745.9,503.8,89.6,1.9,52.0,0.14,21,0,2.98,2.95,2.35,19.7,87.6,29.3,3,0
Assam,Morigaon,Bhuragaon Embankment Breach Ward,19.2,75.6,211.0,336.1,196.2,72.6,1.9,52.0,0.14,21,0,2.77,2.95,2.35,22.2,86.5,17.3,2,0
Assam,Morigaon,Bhuragaon Embankment Breach Ward,3.6,28.6,107.0,233.9,74.1,69.0,1.9,52.0,0.14,21,0,2.64,2.95,2.35,21.1,85.3,12.3,2,0
Assam,Morigaon,Bhuragaon Embankment Breach Ward,12.2,47.0,145.3,260.4,140.7,76.0,1.9,52.0,0.14,21,0,2.59,2.95,2.35,20.6,82.6,14.7,3,0
Assam,Morigaon,Bhuragaon Embankment Breach Ward,5.8,12.8,37.0,62.6,24.9,38.4,1.9,52.0,0.14,21,0,1.46,2.95,2.35,31.9,58.4,11.1,0,0
Assam,Morigaon,Bhuragaon Embankment Breach Ward,0.9,5.1,13.2,31.3,5.3,34.0,1.9,52.0,0.14,21,0,0.86,2.95,2.35,27.7,62.8,13.7,0,0
Assam,Morigaon,Bhuragaon Embankment Breach Ward,6.2,33.5,124.3,219.0,81.7,75.3,1.9,52.0,0.14,21,0,2.27,2.95,2.35,26.7,87.5,17.8,2,0
Assam,Cachar,Silchar Tarapur Ward 8 (Barak Edge),31.2,119.1,301.5,477.8,308.3,80.8,3.0,25.0,0.25,21,2,3.21,2.83,2.41,19.1,88.3,36.6,3,0
Assam,Cachar,Silchar Tarapur Ward 8 (Barak Edge),1.8,5.7,10.7,28.4,3.8,41.0,3.0,25.0,0.25,21,2,0.55,2.83,2.41,26.0,57.0,15.2,0,0
Assam,Cachar,Silchar Tarapur Ward 8 (Barak Edge),35.8,153.0,471.1,755.4,642.4,78.1,3.0,25.0,0.25,21,2,3.17,2.83,2.41,19.8,86.9,31.8,3,0
Assam,Cachar,Silchar Tarapur Ward 8 (Barak Edge),2.1,7.8,26.1,45.3,9.9,38.5,3.0,25.0,0.25,21,2,0.52,2.83,2.41,31.4,63.5,8.1,0,0
Assam,Cachar,Silchar Tarapur Ward 8 (Barak Edge),1.8,4.6,10.0,23.7,4.2,55.2,3.0,25.0,0.25,21,2,0.76,2.83,2.41,23.8,59.1,14.8,0,0
Assam,Cachar,Silchar Tarapur Ward 8 (Barak Edge),5.2,28.9,105.3,231.9,68.5,66.7,3.0,25.0,0.25,21,2,2.45,2.83,2.41,20.4,78.6,18.9,2,0
Assam,Cachar,Silchar Tarapur Ward 8 (Barak Edge),2.4,6.3,18.1,40.9,9.0,45.3,3.0,25.0,0.25,21,2,0.75,2.83,2.41,25.0,50.5,14.7,0,0
Assam,Cachar,Silchar Tarapur Ward 8 (Barak Edge),1.0,3.0,8.3,15.0,3.6,50.8,3.0,25.0,0.25,21,2,1.54,2.83,2.41,27.0,56.7,7.8,0,0
Assam,Cachar,Silchar Tarapur Ward 8 (Barak Edge),8.3,42.8,161.0,291.8,161.8,64.2,3.0,25.0,0.25,21,2,2.41,2.83,2.41,20.3,83.9,14.8,2,0
Assam,Cachar,Silchar Tarapur Ward 8 (Barak Edge),6.5,34.1,129.5,215.0,103.7,67.4,3.0,25.0,0.25,21,2,2.62,2.83,2.41,23.9,87.3,14.8,2,0
Assam,Cachar,Silchar Tarapur Ward 8 (Barak Edge),0.1,1.2,3.0,10.9,1.2,42.6,3.0,25.0,0.25,21,2,0.84,2.83,2.41,26.3,54.1,14.3,0,0
Assam,Cachar,Silchar Tarapur Ward 8 (Barak Edge),13.3,58.9,184.1,347.4,142.5,68.3,3.0,25.0,0.25,21,2,2.29,2.83,2.41,24.3,80.9,22.4,1,0
Assam,Cachar,Silchar Tarapur Ward 8 (Barak Edge),37.0,155.1,427.2,712.2,483.6,89.3,3.0,25.0,0.25,21,2,3.51,2.83,2.41,18.5,92.3,47.1,3,0
Assam,Cachar,Silchar Tarapur Ward 8 (Barak Edge),0.8,3.4,8.5,15.8,5.7,30.5,3.0,25.0,0.25,21,2,1.6,2.83,2.41,22.1,60.5,8.7,0,0
Assam,Cachar,Silchar Tarapur Ward 8 (Barak Edge),14.0,65.0,180.8,314.0,186.1,62.5,3.0,25.0,0.25,21,2,2.62,2.83,2.41,21.8,78.2,16.3,2,0
Assam,Cachar,Silchar Tarapur Ward 8 (Barak Edge),12.0,49.3,149.9,295.3,111.3,73.2,3.0,25.0,0.25,21,2,2.62,2.83,2.41,21.0,87.1,14.9,2,0
Assam,Cachar,Silchar Tarapur Ward 8 (Barak Edge),1.7,6.5,22.8,44.6,13.9,39.9,3.0,25.0,0.25,21,2,1.35,2.83,2.41,26.3,51.5,13.4,0,0
Assam,Cachar,Silchar Tarapur Ward 8 (Barak Edge),9.0,41.9,126.6,241.4,125.1,73.1,3.0,25.0,0.25,21,2,2.49,2.83,2.41,26.9,81.5,19.7,2,0
Assam,Cachar,Silchar Tarapur Ward 8 (Barak Edge),2.4,7.4,23.3,37.3,9.8,29.6,3.0,25.0,0.25,21,2,1.58,2.83,2.41,28.9,46.8,12.1,0,0
Assam,Cachar,Silchar Tarapur Ward 8 (Barak Edge),5.9,37.2,121.8,249.1,89.5,65.0,3.0,25.0,0.25,21,2,2.09,2.83,2.41,20.6,84.9,21.2,1,0
Assam,Cachar,Silchar Tarapur Ward 8 (Barak Edge),89.5,295.3,818.3,1373.6,1221.4,96.4,3.0,25.0,0.25,21,2,4.12,2.83,2.41,20.3,93.1,39.8,3,0
Assam,Cachar,Silchar Tarapur Ward 8 (Barak Edge),1.2,6.1,21.9,31.9,13.0,55.4,3.0,25.0,0.25,21,2,1.2,2.83,2.41,30.2,54.2,7.9,0,0
Assam,Cachar,Silchar Tarapur Ward 8 (Barak Edge),9.4,35.9,129.6,276.5,140.4,63.4,3.0,25.0,0.25,21,2,2.54,2.83,2.41,27.7,78.9,27.8,2,0
Assam,Cachar,Silchar Tarapur Ward 8 (Barak Edge),6.6,27.5,107.8,203.7,78.5,64.9,3.0,25.0,0.25,21,2,2.44,2.83,2.41,26.6,80.7,12.0,2,0
Assam,Cachar,Silchar Tarapur Ward 8 (Barak Edge),1.0,3.0,10.3,25.5,4.2,50.9,3.0,25.0,0.25,21,2,1.56,2.83,2.41,29.0,68.5,12.6,0,0
Assam,Cachar,Sonai River Confluence Village,17.8,110.6,273.2,561.7,254.9,79.6,4.5,29.0,0.3,17,3,4.74,3.9,3.48,22.2,94.5,44.0,3,0
Assam,Cachar,Sonai River Confluence Village,47.5,237.7,700.0,1196.4,1066.3,90.9,4.5,29.0,0.3,17,3,4.68,3.9,3.48,23.5,97.4,39.6,3,0
Assam,Cachar,Sonai River Confluence Village,0.6,2.0,5.2,11.1,2.6,42.8,4.5,29.0,0.3,17,3,1.59,3.9,3.48,31.0,73.8,5.7,0,0
Assam,Cachar,Sonai River Confluence Village,2.0,4.5,16.8,35.0,10.6,52.8,4.5,29.0,0.3,17,3,1.19,3.9,3.48,31.5,64.8,5.2,0,0
Assam,Cachar,Sonai River Confluence Village,0.7,3.4,11.8,23.8,4.8,27.5,4.5,29.0,0.3,17,3,1.64,3.9,3.48,26.2,62.8,6.2,0,0
Assam,Cachar,Sonai River Confluence Village,10.8,58.1,152.6,274.9,79.3,64.1,4.5,29.0,0.3,17,3,2.97,3.9,3.48,25.0,80.9,22.2,1,0
Assam,Cachar,Sonai River Confluence Village,39.9,182.1,546.1,877.7,561.9,87.1,4.5,29.0,0.3,17,3,4.46,3.9,3.48,20.7,90.7,45.5,3,0
Assam,Cachar,Sonai River Confluence Village,11.4,38.4,131.6,277.9,89.4,72.5,4.5,29.0,0.3,17,3,3.24,3.9,3.48,23.3,75.2,13.4,1,0
Assam,Cachar,Sonai River Confluence Village,92.7,367.9,802.8,1278.8,1327.1,96.7,4.5,29.0,0.3,17,3,5.12,3.9,3.48,19.0,97.3,35.0,3,0
Assam,Cachar,Sonai River Confluence Village,57.6,243.1,694.6,973.6,1082.7,94.0,4.5,29.0,0.3,17,3,5.56,3.9,3.48,16.6,95.7,52.6,3,0
Assam,Cachar,Sonai River Confluence Village,2.2,8.5,30.5,55.0,19.9,41.8,4.5,29.0,0.3,17,3,0.81,3.9,3.48,25.5,66.5,10.0,0,0
Assam,Cachar,Sonai River Confluence Village,10.1,43.9,148.5,345.9,94.8,62.6,4.5,29.0,0.3,17,3,3.26,3.9,3.48,23.7,85.1,27.5,1,0
Assam,Cachar,Sonai River Confluence Village,9.0,39.7,133.4,273.3,137.7,76.5,4.5,29.0,0.3,17,3,3.06,3.9,3.48,20.4,78.3,21.7,1,0
Assam,Cachar,Sonai River Confluence Village,2.7,6.6,16.1,25.0,7.8,55.7,4.5,29.0,0.3,17,3,1.73,3.9,3.48,23.8,71.8,9.1,0,0
Assam,Cachar,Sonai River Confluence Village,90.2,446.6,930.6,1517.4,1338.7,92.0,4.5,29.0,0.3,17,3,6.0,3.9,3.48,21.9,98.1,51.0,3,0
Assam,Cachar,Sonai River Confluence Village,10.2,48.9,142.1,268.5,92.1,70.4,4.5,29.0,0.3,17,3,2.99,3.9,3.48,27.6,85.5,26.3,1,0
Assam,Cachar,Sonai River Confluence Village,17.4,92.8,264.0,473.8,274.9,78.4,4.5,29.0,0.3,17,3,4.75,3.9,3.48,20.3,85.5,49.5,3,0
Assam,Cachar,Sonai River Confluence Village,8.2,41.4,143.4,251.4,135.5,72.6,4.5,29.0,0.3,17,3,3.6,3.9,3.48,27.0,84.5,21.0,2,0
Assam,Cachar,Sonai River Confluence Village,3.3,7.0,22.2,36.9,11.5,29.4,4.5,29.0,0.3,17,3,1.75,3.9,3.48,27.4,64.3,14.2,0,0
Assam,Cachar,Sonai River Confluence Village,1.2,4.7,14.0,27.9,9.6,46.4,4.5,29.0,0.3,17,3,0.62,3.9,3.48,23.8,55.1,7.6,0,0
Assam,Cachar,Sonai River Confluence Village,4.1,25.5,100.6,209.9,105.0,68.4,4.5,29.0,0.3,17,3,3.64,3.9,3.48,24.5,87.7,24.4,1,0
Assam,Cachar,Sonai River Confluence Village,93.9,348.9,801.8,1351.0,1224.4,92.3,4.5,29.0,0.3,17,3,6.32,3.9,3.48,19.6,94.9,39.0,3,0
Assam,Cachar,Sonai River Confluence Village,3.9,30.9,97.8,231.7,94.2,75.6,4.5,29.0,0.3,17,3,2.96,3.9,3.48,22.0,87.2,19.9,1,0
Assam,Cachar,Sonai River Confluence Village,1.0,2.7,6.6,13.9,3.0,25.4,4.5,29.0,0.3,17,3,1.55,3.9,3.48,27.0,64.3,5.8,0,0
Assam,Cachar,Sonai River Confluence Village,60.5,236.0,636.3,1121.2,806.1,95.9,4.5,29.0,0.3,17,3,6.15,3.9,3.48,20.8,92.5,42.9,3,0
Assam,Cachar,Barkhola Hill Foothill Ward,0.1,0.8,9.6,18.3,5.0,25.0,18.0,48.0,0.65,14,11,0.95,3.32,2.86,26.3,58.3,15.5,0,1
Assam,Cachar,Barkhola Hill Foothill Ward,7.6,30.7,131.2,295.6,102.6,67.1,18.0,48.0,0.65,14,11,2.99,3.32,2.86,24.9,85.2,22.1,1,1
Assam,Cachar,Barkhola Hill Foothill Ward,78.5,405.5,820.2,1412.8,1173.4,93.3,18.0,48.0,0.65,14,11,4.38,3.32,2.86,19.1,98.8,36.5,3,3
Assam,Cachar,Barkhola Hill Foothill Ward,29.0,123.7,343.9,680.9,341.3,89.7,18.0,48.0,0.65,14,11,3.41,3.32,2.86,23.7,91.8,41.7,3,3
Assam,Cachar,Barkhola Hill Foothill Ward,2.4,9.0,20.6,32.2,6.3,33.1,18.0,48.0,0.65,14,11,1.86,3.32,2.86,22.1,54.3,14.8,0,1
Assam,Cachar,Barkhola Hill Foothill Ward,3.0,6.4,21.2,41.4,7.9,51.5,18.0,48.0,0.65,14,11,0.54,3.32,2.86,24.1,56.5,13.5,0,1
Assam,Cachar,Barkhola Hill Foothill Ward,33.5,133.9,433.1,766.4,509.8,87.7,18.0,48.0,0.65,14,11,3.17,3.32,2.86,21.6,90.9,28.8,3,3
Assam,Cachar,Barkhola Hill Foothill Ward,0.2,1.5,7.2,18.9,2.8,31.7,18.0,48.0,0.65,14,11,0.89,3.32,2.86,29.2,49.0,5.6,0,1
Assam,Cachar,Barkhola Hill Foothill Ward,0.6,2.7,11.2,17.9,6.8,39.3,18.0,48.0,0.65,14,11,0.57,3.32,2.86,29.2,63.2,10.3,0,1
Assam,Cachar,Barkhola Hill Foothill Ward,73.6,282.5,620.8,935.1,1029.2,96.0,18.0,48.0,0.65,14,11,5.45,3.32,2.86,22.9,92.6,43.0,3,3
Assam,Cachar,Barkhola Hill Foothill Ward,18.6,91.9,253.6,435.4,227.7,83.6,18.0,48.0,0.65,14,11,3.34,3.32,2.86,19.0,91.5,35.1,3,2
Assam,Cachar,Barkhola Hill Foothill Ward,2.8,8.6,25.1,42.6,12.3,25.2,18.0,48.0,0.65,14,11,1.29,3.32,2.86,24.7,66.3,8.3,0,1
Assam,Cachar,Barkhola Hill Foothill Ward,39.0,151.3,487.0,970.5,413.0,88.5,18.0,48.0,0.65,14,11,3.44,3.32,2.86,24.0,94.1,39.3,3,3
Assam,Cachar,Barkhola Hill Foothill Ward,29.4,148.2,475.8,734.5,451.5,87.8,18.0,48.0,0.65,14,11,3.73,3.32,2.86,25.4,89.0,49.4,3,3
Assam,Cachar,Barkhola Hill Foothill Ward,1.2,4.9,11.3,23.0,5.4,32.1,18.0,48.0,0.65,14,11,1.14,3.32,2.86,26.0,54.9,13.9,0,1
Assam,Cachar,Barkhola Hill Foothill Ward,2.4,5.6,12.6,24.0,8.3,27.9,18.0,48.0,0.65,14,11,1.54,3.32,2.86,24.7,45.2,11.0,0,1
Assam,Cachar,Barkhola Hill Foothill Ward,0.3,2.6,14.1,26.2,7.8,29.7,18.0,48.0,0.65,14,11,0.72,3.32,2.86,28.1,55.2,12.6,0,1
Assam,Cachar,Barkhola Hill Foothill Ward,26.5,127.6,361.3,588.9,329.5,83.5,18.0,48.0,0.65,14,11,3.2,3.32,2.86,23.7,89.7,28.3,3,2
Assam,Cachar,Barkhola Hill Foothill Ward,60.5,309.8,690.5,1231.2,1016.7,91.3,18.0,48.0,0.65,14,11,4.46,3.32,2.86,22.0,98.7,46.3,3,3
Assam,Cachar,Barkhola Hill Foothill Ward,4.0,10.3,20.0,38.8,10.8,36.5,18.0,48.0,0.65,14,11,1.08,3.32,2.86,24.1,71.6,14.3,0,1
Assam,Cachar,Barkhola Hill Foothill Ward,25.0,133.9,396.8,635.1,435.3,82.4,18.0,48.0,0.65,14,11,3.56,3.32,2.86,18.1,95.7,35.2,3,2
Assam,Cachar,Barkhola Hill Foothill Ward,36.0,155.3,407.4,774.8,429.0,90.9,18.0,48.0,0.65,14,11,3.17,3.32,2.86,19.6,93.8,26.6,3,3
Assam,Cachar,Barkhola Hill Foothill Ward,2.6,18.4,56.3,135.7,49.6,63.4,18.0,48.0,0.65,14,11,2.79,3.32,2.86,20.8,80.5,17.5,0,1
Assam,Cachar,Barkhola Hill Foothill Ward,7.4,28.5,82.2,160.3,62.9,66.2,18.0,48.0,0.65,14,11,2.94,3.32,2.86,27.7,84.5,17.8,1,1
Assam,Cachar,Barkhola Hill Foothill Ward,1.7,6.8,22.7,37.4,7.9,55.8,18.0,48.0,0.65,14,11,0.63,3.32,2.86,28.4,60.7,11.3,0,1
Assam,Kamrup,Palasbari Brahmaputra Shore Ward,86.9,340.7,798.3,1250.4,1004.1,95.8,2.5,52.0,0.22,18,0,4.19,3.18,2.49,21.4,95.2,56.9,3,0
Assam,Kamrup,Palasbari Brahmaputra Shore Ward,0.9,2.5,6.9,16.3,3.4,49.1,2.5,52.0,0.22,18,0,1.24,3.18,2.49,24.4,45.2,12.1,0,0
Assam,Kamrup,Palasbari Brahmaputra Shore Ward,8.8,38.2,116.1,221.2,106.1,71.7,2.5,52.0,0.22,18,0,2.55,3.18,2.49,26.3,76.7,21.0,2,0
Assam,Kamrup,Palasbari Brahmaputra Shore Ward,22.2,110.4,360.0,714.3,489.9,90.5,2.5,52.0,0.22,18,0,3.46,3.18,2.49,22.9,91.5,29.7,3,0
Assam,Kamrup,Palasbari Brahmaputra Shore Ward,2.2,5.9,17.4,37.6,9.8,26.5,2.5,52.0,0.22,18,0,0.83,3.18,2.49,23.8,62.3,7.8,0,0
Assam,Kamrup,Palasbari Brahmaputra Shore Ward,45.5,227.2,652.9,977.1,808.0,96.3,2.5,52.0,0.22,18,0,4.68,3.18,2.49,20.2,98.2,35.4,3,0
Assam,Kamrup,Palasbari Brahmaputra Shore Ward,8.4,36.4,108.3,224.6,79.4,76.6,2.5,52.0,0.22,18,0,2.52,3.18,2.49,23.5,84.0,22.0,2,0
Assam,Kamrup,Palasbari Brahmaputra Shore Ward,0.8,2.7,11.5,29.3,4.4,30.1,2.5,52.0,0.22,18,0,1.56,3.18,2.49,26.3,63.8,13.6,0,0
Assam,Kamrup,Palasbari Brahmaputra Shore Ward,68.1,288.9,825.4,1386.2,847.7,93.8,2.5,52.0,0.22,18,0,5.14,3.18,2.49,21.8,92.2,67.1,3,0
Assam,Kamrup,Palasbari Brahmaputra Shore Ward,0.7,1.9,4.4,8.8,2.2,35.0,2.5,52.0,0.22,18,0,1.36,3.18,2.49,22.8,69.7,12.0,0,0
Assam,Kamrup,Palasbari Brahmaputra Shore Ward,22.4,112.2,307.7,622.0,386.2,85.1,2.5,52.0,0.22,18,0,3.43,3.18,2.49,21.4,89.1,48.2,3,0
Assam,Kamrup,Palasbari Brahmaputra Shore Ward,25.7,125.0,318.9,642.6,323.4,89.9,2.5,52.0,0.22,18,0,3.79,3.18,2.49,21.2,95.5,31.6,3,0
Assam,Kamrup,Palasbari Brahmaputra Shore Ward,5.1,27.0,89.6,190.4,72.9,65.5,2.5,52.0,0.22,18,0,2.65,3.18,2.49,26.2,83.8,24.0,2,0
Assam,Kamrup,Palasbari Brahmaputra Shore Ward,32.7,178.3,406.7,757.9,469.2,86.7,2.5,52.0,0.22,18,0,3.32,3.18,2.49,20.5,94.5,39.9,3,0
Assam,Kamrup,Palasbari Brahmaputra Shore Ward,20.2,129.2,343.7,542.8,396.7,90.5,2.5,52.0,0.22,18,0,3.12,3.18,2.49,18.8,92.9,39.6,3,0
Assam,Kamrup,Palasbari Brahmaputra Shore Ward,70.3,337.4,929.3,1397.0,1098.8,90.2,2.5,52.0,0.22,18,0,4.82,3.18,2.49,17.5,95.2,64.7,3,0
Assam,Kamrup,Palasbari Brahmaputra Shore Ward,88.4,308.9,785.9,1406.0,974.6,97.9,2.5,52.0,0.22,18,0,5.15,3.18,2.49,17.3,94.8,53.4,3,0
Assam,Kamrup,Palasbari Brahmaputra Shore Ward,3.8,28.8,109.9,242.0,84.6,72.3,2.5,52.0,0.22,18,0,2.7,3.18,2.49,20.5,83.5,27.6,2,0
Assam,Kamrup,Palasbari Brahmaputra Shore Ward,3.4,7.9,27.6,45.9,14.6,37.2,2.5,52.0,0.22,18,0,0.92,3.18,2.49,29.5,62.2,10.9,0,0
Assam,Kamrup,Palasbari Brahmaputra Shore Ward,21.8,103.9,316.5,604.2,404.5,80.7,2.5,52.0,0.22,18,0,3.67,3.18,2.49,19.9,85.0,40.5,3,0
Assam,Kamrup,Palasbari Brahmaputra Shore Ward,50.2,221.2,615.2,1088.2,804.3,91.3,2.5,52.0,0.22,18,0,3.96,3.18,2.49,18.6,98.3,64.3,3,0
Assam,Kamrup,Palasbari Brahmaputra Shore Ward,5.4,27.6,105.3,240.3,100.1,67.7,2.5,52.0,0.22,18,0,2.56,3.18,2.49,20.8,87.6,16.1,2,0
Assam,Kamrup,Palasbari Brahmaputra Shore Ward,7.3,26.8,92.2,208.0,75.5,64.1,2.5,52.0,0.22,18,0,2.73,3.18,2.49,22.9,80.4,17.6,2,0
Assam,Kamrup,Palasbari Brahmaputra Shore Ward,2.8,8.2,23.9,46.2,11.7,34.8,2.5,52.0,0.22,18,0,0.7,3.18,2.49,30.5,51.1,10.8,0,0
Assam,Kamrup,Palasbari Brahmaputra Shore Ward,94.9,338.4,943.6,1618.1,1285.3,99.1,2.5,52.0,0.22,18,0,4.4,3.18,2.49,16.4,96.4,67.4,3,0
Assam,Kamrup,Hajo Lowland Channel Village,3.7,21.3,84.6,161.2,69.4,62.5,2.0,49.0,0.19,17,1,2.47,2.96,2.29,27.0,84.7,15.4,1,0
Assam,Kamrup,Hajo Lowland Channel Village,2.5,22.0,92.3,192.7,92.9,75.1,2.0,49.0,0.19,17,1,2.44,2.96,2.29,23.9,85.9,17.4,2,0
Assam,Kamrup,Hajo Lowland Channel Village,0.6,1.9,6.3,11.4,2.0,31.8,2.0,49.0,0.19,17,1,1.42,2.96,2.29,25.8,65.7,8.3,0,0
Assam,Kamrup,Hajo Lowland Channel Village,7.8,44.7,143.9,252.0,73.6,67.4,2.0,49.0,0.19,17,1,2.66,2.96,2.29,26.1,75.6,22.5,2,0
Assam,Kamrup,Hajo Lowland Channel Village,7.5,34.8,108.9,231.4,69.7,63.4,2.0,49.0,0.19,17,1,2.74,2.96,2.29,24.8,84.9,17.3,1,0
Assam,Kamrup,Hajo Lowland Channel Village,2.0,5.7,13.8,19.2,8.2,46.9,2.0,49.0,0.19,17,1,1.07,2.96,2.29,27.3,58.8,11.7,0,0
Assam,Kamrup,Hajo Lowland Channel Village,48.0,227.9,560.6,1018.4,631.9,90.0,2.0,49.0,0.19,17,1,4.25,2.96,2.29,21.8,97.9,47.8,3,0
Assam,Kamrup,Hajo Lowland Channel Village,6.3,39.0,136.2,266.3,120.9,65.5,2.0,49.0,0.19,17,1,2.79,2.96,2.29,23.4,84.6,17.8,1,0
Assam,Kamrup,Hajo Lowland Channel Village,0.8,18.4,63.9,156.1,40.0,75.6,2.0,49.0,0.19,17,1,2.33,2.96,2.29,25.6,80.0,14.9,2,0
Assam,Kamrup,Hajo Lowland Channel Village,6.1,35.7,123.0,282.9,127.4,74.2,2.0,49.0,0.19,17,1,2.35,2.96,2.29,24.0,78.8,14.3,1,0
Assam,Kamrup,Hajo Lowland Channel Village,3.1,7.9,21.7,34.9,10.2,30.0,2.0,49.0,0.19,17,1,0.66,2.96,2.29,29.2,51.6,10.2,0,0
Assam,Kamrup,Hajo Lowland Channel Village,13.1,56.4,211.9,367.6,178.8,62.6,2.0,49.0,0.19,17,1,2.65,2.96,2.29,26.1,80.6,25.2,2,0
Assam,Kamrup,Hajo Lowland Channel Village,32.9,163.4,473.6,926.5,544.0,87.8,2.0,49.0,0.19,17,1,2.87,2.96,2.29,24.3,89.6,32.8,3,0
Assam,Kamrup,Hajo Lowland Channel Village,1.5,6.6,22.0,35.9,10.6,31.9,2.0,49.0,0.19,17,1,1.13,2.96,2.29,25.5,46.9,10.4,0,0
Assam,Kamrup,Hajo Lowland Channel Village,1.7,5.4,21.1,35.7,13.3,31.9,2.0,49.0,0.19,17,1,0.82,2.96,2.29,27.1,57.3,10.8,0,0
Assam,Kamrup,Hajo Lowland Channel Village,39.0,189.6,441.6,795.3,601.2,89.0,2.0,49.0,0.19,17,1,3.35,2.96,2.29,23.1,88.7,27.2,3,0
Assam,Kamrup,Hajo Lowland Channel Village,28.7,127.1,397.6,693.1,500.0,85.2,2.0,49.0,0.19,17,1,2.93,2.96,2.29,24.5,92.1,37.2,3,0
Assam,Kamrup,Hajo Lowland Channel Village,62.6,336.2,647.3,1005.0,896.4,91.4,2.0,49.0,0.19,17,1,4.29,2.96,2.29,19.1,96.2,44.2,3,0
Assam,Kamrup,Hajo Lowland Channel Village,2.4,8.3,27.3,48.3,8.7,48.6,2.0,49.0,0.19,17,1,0.55,2.96,2.29,26.9,58.8,11.8,0,0
Assam,Kamrup,Hajo Lowland Channel Village,34.6,197.7,454.6,800.4,484.3,88.4,2.0,49.0,0.19,17,1,3.49,2.96,2.29,24.7,92.2,47.0,3,0
Assam,Kamrup,Hajo Lowland Channel Village,3.6,9.8,30.5,55.4,13.5,46.2,2.0,49.0,0.19,17,1,1.14,2.96,2.29,28.2,65.3,13.1,0,0
Assam,Kamrup,Hajo Lowland Channel Village,6.7,34.7,93.6,189.9,101.4,67.0,2.0,49.0,0.19,17,1,2.21,2.96,2.29,23.9,75.7,26.7,1,0
Assam,Kamrup,Hajo Lowland Channel Village,2.3,5.2,15.3,24.3,10.7,28.8,2.0,49.0,0.19,17,1,1.26,2.96,2.29,25.9,73.0,10.9,0,0
Assam,Kamrup,Hajo Lowland Channel Village,0.8,3.4,12.7,19.9,8.3,32.7,2.0,49.0,0.19,17,1,1.69,2.96,2.29,30.0,63.8,8.9,0,0
Assam,Kamrup,Hajo Lowland Channel Village,2.8,25.9,90.5,226.1,89.7,68.8,2.0,49.0,0.19,17,1,2.69,2.96,2.29,27.6,85.6,13.1,1,0
Assam,Kamrup,Chandrapur Hillfoot Bank Ward,0.9,3.4,15.3,32.1,6.8,48.3,14.5,65.0,0.52,13,8,0.71,2.87,2.43,31.1,65.1,12.3,0,0
Assam,Kamrup,Chandrapur Hillfoot Bank Ward,4.3,13.3,35.9,53.0,12.0,43.5,14.5,65.0,0.52,13,8,1.72,2.87,2.43,28.6,64.3,16.0,0,0
Assam,Kamrup,Chandrapur Hillfoot Bank Ward,2.4,5.1,19.4,29.4,11.6,42.7,14.5,65.0,0.52,13,8,1.27,2.87,2.43,30.0,45.7,10.1,0,0
Assam,Kamrup,Chandrapur Hillfoot Bank Ward,0.4,2.0,6.6,10.4,3.9,43.9,14.5,65.0,0.52,13,8,1.22,2.87,2.43,28.5,72.6,10.4,0,0
Assam,Kamrup,Chandrapur Hillfoot Bank Ward,38.1,181.8,467.7,943.6,395.7,87.3,14.5,65.0,0.52,13,8,3.07,2.87,2.43,22.4,92.1,48.6,3,0
Assam,Kamrup,Chandrapur Hillfoot Bank Ward,17.5,104.9,284.1,532.1,328.0,89.4,14.5,65.0,0.52,13,8,2.9,2.87,2.43,21.9,89.9,25.6,3,0
Assam,Kamrup,Chandrapur Hillfoot Bank Ward,73.3,328.6,782.1,1428.1,1264.3,90.3,14.5,65.0,0.52,13,8,3.64,2.87,2.43,23.7,96.4,73.8,3,0
Assam,Kamrup,Chandrapur Hillfoot Bank Ward,29.4,149.2,441.0,854.6,472.5,79.7,14.5,65.0,0.52,13,8,3.37,2.87,2.43,25.9,89.6,48.8,3,0
Assam,Kamrup,Chandrapur Hillfoot Bank Ward,2.5,9.7,28.6,58.0,10.1,53.0,14.5,65.0,0.52,13,8,0.67,2.87,2.43,28.8,74.4,8.0,0,0
Assam,Kamrup,Chandrapur Hillfoot Bank Ward,3.2,25.2,80.5,163.7,60.6,67.7,14.5,65.0,0.52,13,8,2.55,2.87,2.43,20.8,86.2,21.8,1,0
Assam,Kamrup,Chandrapur Hillfoot Bank Ward,1.9,5.7,14.8,21.1,5.9,53.3,14.5,65.0,0.52,13,8,0.58,2.87,2.43,25.0,56.9,9.0,0,0
Assam,Kamrup,Chandrapur Hillfoot Bank Ward,18.5,122.6,296.4,525.6,275.9,85.9,14.5,65.0,0.52,13,8,3.4,2.87,2.43,20.9,95.0,34.5,3,0
Assam,Kamrup,Chandrapur Hillfoot Bank Ward,3.6,24.6,72.5,165.7,74.6,75.0,14.5,65.0,0.52,13,8,2.26,2.87,2.43,20.4,77.8,25.7,1,0
Assam,Kamrup,Chandrapur Hillfoot Bank Ward,35.4,167.9,487.0,751.9,450.5,91.1,14.5,65.0,0.52,13,8,3.56,2.87,2.43,24.2,95.2,31.4,3,0
Assam,Kamrup,Chandrapur Hillfoot Bank Ward,2.9,19.1,78.6,146.8,50.7,65.7,14.5,65.0,0.52,13,8,2.23,2.87,2.43,22.9,79.9,23.8,0,0
Assam,Kamrup,Chandrapur Hillfoot Bank Ward,4.8,13.5,36.7,52.0,22.5,40.1,14.5,65.0,0.52,13,8,1.18,2.87,2.43,27.9,54.5,5.7,0,0
Assam,Kamrup,Chandrapur Hillfoot Bank Ward,15.2,76.0,222.6,403.5,204.0,87.8,14.5,65.0,0.52,13,8,3.42,2.87,2.43,22.0,85.7,43.1,3,0
Assam,Kamrup,Chandrapur Hillfoot Bank Ward,5.4,30.2,84.6,149.7,53.9,69.7,14.5,65.0,0.52,13,8,2.34,2.87,2.43,25.1,87.3,12.2,1,0
Assam,Kamrup,Chandrapur Hillfoot Bank Ward,16.9,86.6,287.4,497.7,286.9,84.4,14.5,65.0,0.52,13,8,2.77,2.87,2.43,23.1,92.2,25.1,2,0
Assam,Kamrup,Chandrapur Hillfoot Bank Ward,35.5,170.1,492.0,942.1,612.9,78.2,14.5,65.0,0.52,13,8,2.76,2.87,2.43,19.5,85.6,49.0,3,0
Assam,Kamrup,Chandrapur Hillfoot Bank Ward,9.4,42.7,166.9,268.7,166.7,64.7,14.5,65.0,0.52,13,8,2.56,2.87,2.43,20.8,85.2,12.4,2,0
Assam,Kamrup,Chandrapur Hillfoot Bank Ward,6.8,28.5,95.5,191.6,104.1,68.4,14.5,65.0,0.52,13,8,2.66,2.87,2.43,21.6,84.6,14.3,1,0
Assam,Kamrup,Chandrapur Hillfoot Bank Ward,0.5,1.1,4.9,10.1,2.8,26.6,14.5,65.0,0.52,13,8,1.0,2.87,2.43,28.6,47.9,12.3,0,0
Assam,Kamrup,Chandrapur Hillfoot Bank Ward,5.8,23.7,89.1,171.7,50.0,65.6,14.5,65.0,0.52,13,8,2.18,2.87,2.43,21.5,79.9,27.6,1,0
Assam,Kamrup,Chandrapur Hillfoot Bank Ward,19.0,108.2,348.4,569.8,342.3,85.0,14.5,65.0,0.52,13,8,2.98,2.87,2.43,24.4,91.7,35.7,3,0
Assam,Dibrugarh,Maijan Riverbank Protection Ward 1,3.4,21.4,91.5,194.0,69.8,69.3,2.8,108.0,0.16,20,0,2.17,2.51,2.03,25.0,86.3,15.9,2,0
Assam,Dibrugarh,Maijan Riverbank Protection Ward 1,22.2,88.1,219.4,372.8,211.6,67.4,2.8,108.0,0.16,20,0,1.84,2.51,2.03,23.1,87.5,17.9,2,0
Assam,Dibrugarh,Maijan Riverbank Protection Ward 1,2.7,8.4,24.7,41.9,16.0,41.9,2.8,108.0,0.16,20,0,1.13,2.51,2.03,26.2,54.0,7.9,0,0
Assam,Dibrugarh,Maijan Riverbank Protection Ward 1,24.2,124.2,362.4,736.9,496.3,90.9,2.8,108.0,0.16,20,0,2.68,2.51,2.03,23.8,92.3,33.5,3,0
Assam,Dibrugarh,Maijan Riverbank Protection Ward 1,6.8,39.1,127.6,285.5,131.8,74.0,2.8,108.0,0.16,20,0,1.83,2.51,2.03,21.6,86.8,24.1,1,0
Assam,Dibrugarh,Maijan Riverbank Protection Ward 1,2.2,6.9,16.9,27.9,9.4,55.8,2.8,108.0,0.16,20,0,1.47,2.51,2.03,29.4,61.4,7.5,0,0
Assam,Dibrugarh,Maijan Riverbank Protection Ward 1,2.5,8.2,23.3,42.0,7.2,50.9,2.8,108.0,0.16,20,0,0.9,2.51,2.03,27.4,53.9,10.2,0,0
Assam,Dibrugarh,Maijan Riverbank Protection Ward 1,10.0,49.8,175.7,281.5,178.6,72.8,2.8,108.0,0.16,20,0,2.06,2.51,2.03,20.8,86.7,20.2,2,0
Assam,Dibrugarh,Maijan Riverbank Protection Ward 1,2.5,6.0,17.4,30.5,8.5,30.5,2.8,108.0,0.16,20,0,1.35,2.51,2.03,22.0,47.9,10.9,0,0
Assam,Dibrugarh,Maijan Riverbank Protection Ward 1,9.4,43.8,151.1,267.5,127.6,63.9,2.8,108.0,0.16,20,0,2.37,2.51,2.03,27.8,80.2,15.1,2,0
Assam,Dibrugarh,Maijan Riverbank Protection Ward 1,34.6,152.5,455.2,881.6,537.0,83.4,2.8,108.0,0.16,20,0,2.91,2.51,2.03,20.8,89.5,47.9,3,0
Assam,Dibrugarh,Maijan Riverbank Protection Ward 1,1.5,3.3,15.9,34.3,4.8,38.0,2.8,108.0,0.16,20,0,1.09,2.51,2.03,27.1,64.9,15.9,0,0
Assam,Dibrugarh,Maijan Riverbank Protection Ward 1,4.5,13.7,32.2,55.5,15.5,47.2,2.8,108.0,0.16,20,0,0.92,2.51,2.03,30.9,51.7,8.6,0,0
Assam,Dibrugarh,Maijan Riverbank Protection Ward 1,7.4,36.4,99.5,211.2,73.7,73.5,2.8,108.0,0.16,20,0,2.1,2.51,2.03,22.2,82.6,24.2,2,0
Assam,Dibrugarh,Maijan Riverbank Protection Ward 1,1.5,3.9,11.9,27.8,6.7,31.8,2.8,108.0,0.16,20,0,1.2,2.51,2.03,27.3,48.0,5.5,0,0
Assam,Dibrugarh,Maijan Riverbank Protection Ward 1,7.4,38.0,143.3,312.3,90.3,63.2,2.8,108.0,0.16,20,0,1.89,2.51,2.03,24.4,76.3,12.2,1,0
Assam,Dibrugarh,Maijan Riverbank Protection Ward 1,1.7,6.2,21.4,31.4,14.1,30.3,2.8,108.0,0.16,20,0,1.43,2.51,2.03,23.5,61.9,14.7,0,0
Assam,Dibrugarh,Maijan Riverbank Protection Ward 1,38.1,171.5,402.8,796.2,381.8,80.0,2.8,108.0,0.16,20,0,3.1,2.51,2.03,24.2,87.8,47.4,3,0
Assam,Dibrugarh,Maijan Riverbank Protection Ward 1,58.0,235.5,501.8,722.1,693.7,99.4,2.8,108.0,0.16,20,0,3.12,2.51,2.03,22.7,98.5,39.0,3,0
Assam,Dibrugarh,Maijan Riverbank Protection Ward 1,62.3,262.6,582.7,859.0,677.5,91.3,2.8,108.0,0.16,20,0,3.81,2.51,2.03,20.7,94.2,68.9,3,0
Assam,Dibrugarh,Maijan Riverbank Protection Ward 1,0.2,3.1,7.7,19.0,4.8,27.9,2.8,108.0,0.16,20,0,0.59,2.51,2.03,23.3,61.0,14.4,0,0
Assam,Dibrugarh,Maijan Riverbank Protection Ward 1,0.6,2.6,12.7,30.1,6.2,41.8,2.8,108.0,0.16,20,0,1.0,2.51,2.03,24.9,57.9,11.7,0,0
Assam,Dibrugarh,Maijan Riverbank Protection Ward 1,1.3,3.8,14.3,24.1,9.9,29.0,2.8,108.0,0.16,20,0,1.09,2.51,2.03,24.9,52.5,6.7,0,0
Assam,Dibrugarh,Maijan Riverbank Protection Ward 1,0.2,0.8,9.0,13.2,4.8,39.3,2.8,108.0,0.16,20,0,1.18,2.51,2.03,25.9,57.2,7.8,0,0
Assam,Dibrugarh,Maijan Riverbank Protection Ward 1,1.4,3.8,13.7,20.7,4.9,37.0,2.8,108.0,0.16,20,0,1.0,2.51,2.03,30.1,73.0,10.1,0,0
Assam,Dibrugarh,Chabua Tea Lowland Settlement,1.7,6.9,20.2,41.2,10.9,57.4,3.2,112.0,0.21,16,0,0.55,3.42,2.81,23.1,74.7,12.7,0,0
Assam,Dibrugarh,Chabua Tea Lowland Settlement,0.3,3.5,11.2,21.6,7.3,53.1,3.2,112.0,0.21,16,0,0.8,3.42,2.81,28.4,47.6,6.7,0,0
Assam,Dibrugarh,Chabua Tea Lowland Settlement,4.5,28.0,88.5,207.2,79.5,63.3,3.2,112.0,0.21,16,0,3.13,3.42,2.81,25.2,78.6,25.4,1,0
Assam,Dibrugarh,Chabua Tea Lowland Settlement,3.8,12.1,36.7,51.4,21.3,39.7,3.2,112.0,0.21,16,0,1.8,3.42,2.81,30.8,45.1,12.0,0,0
Assam,Dibrugarh,Chabua Tea Lowland Settlement,25.2,138.1,466.3,697.7,412.4,84.6,3.2,112.0,0.21,16,0,3.42,3.42,2.81,22.0,86.2,33.8,3,0
Assam,Dibrugarh,Chabua Tea Lowland Settlement,19.0,99.4,266.9,477.0,289.0,90.1,3.2,112.0,0.21,16,0,3.79,3.42,2.81,20.9,91.7,39.9,3,0
Assam,Dibrugarh,Chabua Tea Lowland Settlement,2.3,5.0,14.9,25.0,6.7,50.8,3.2,112.0,0.21,16,0,1.63,3.42,2.81,31.4,55.4,5.3,0,0
Assam,Dibrugarh,Chabua Tea Lowland Settlement,34.4,156.9,517.2,813.5,597.5,90.9,3.2,112.0,0.21,16,0,3.26,3.42,2.81,25.4,88.2,41.0,3,0
Assam,Dibrugarh,Chabua Tea Lowland Settlement,61.0,306.3,777.7,1118.2,1113.9,98.1,3.2,112.0,0.21,16,0,4.14,3.42,2.81,18.4,96.4,71.4,3,0
Assam,Dibrugarh,Chabua Tea Lowland Settlement,23.2,117.2,363.8,717.2,311.9,87.2,3.2,112.0,0.21,16,0,3.54,3.42,2.81,22.4,93.8,32.2,3,0
Assam,Dibrugarh,Chabua Tea Lowland Settlement,18.2,79.2,252.9,467.3,236.0,82.8,3.2,112.0,0.21,16,0,4.26,3.42,2.81,22.5,92.8,25.6,3,0
Assam,Dibrugarh,Chabua Tea Lowland Settlement,66.6,290.7,608.8,1049.5,958.8,92.4,3.2,112.0,0.21,16,0,5.52,3.42,2.81,17.9,97.0,58.9,3,0
Assam,Dibrugarh,Chabua Tea Lowland Settlement,2.2,7.8,28.8,54.7,12.2,50.3,3.2,112.0,0.21,16,0,1.38,3.42,2.81,24.8,62.3,13.1,0,0
Assam,Dibrugarh,Chabua Tea Lowland Settlement,30.1,147.2,427.6,685.1,481.4,78.2,3.2,112.0,0.21,16,0,3.32,3.42,2.81,18.4,88.6,36.5,3,0
Assam,Dibrugarh,Chabua Tea Lowland Settlement,3.5,10.6,29.2,47.0,9.8,32.3,3.2,112.0,0.21,16,0,1.57,3.42,2.81,22.7,62.6,11.1,0,0
Assam,Dibrugarh,Chabua Tea Lowland Settlement,0.6,1.3,6.5,15.9,3.6,53.0,3.2,112.0,0.21,16,0,0.98,3.42,2.81,25.0,68.2,10.5,0,0
Assam,Dibrugarh,Chabua Tea Lowland Settlement,59.1,285.9,632.9,1119.9,721.1,92.9,3.2,112.0,0.21,16,0,4.11,3.42,2.81,16.3,92.6,63.4,3,0
Assam,Dibrugarh,Chabua Tea Lowland Settlement,0.3,1.8,8.1,16.3,3.5,34.3,3.2,112.0,0.21,16,0,2.04,3.42,2.81,31.3,56.5,14.2,0,0
Assam,Dibrugarh,Chabua Tea Lowland Settlement,11.6,45.2,123.4,234.5,78.1,64.3,3.2,112.0,0.21,16,0,3.07,3.42,2.81,25.4,78.8,14.9,1,0
Assam,Dibrugarh,Chabua Tea Lowland Settlement,1.3,4.4,13.1,20.0,4.0,52.3,3.2,112.0,0.21,16,0,1.47,3.42,2.81,25.9,72.1,12.6,0,0
Assam,Dibrugarh,Chabua Tea Lowland Settlement,3.8,21.0,67.6,128.5,46.1,68.5,3.2,112.0,0.21,16,0,2.85,3.42,2.81,26.2,86.8,17.7,1,0
Assam,Dibrugarh,Chabua Tea Lowland Settlement,0.2,1.6,7.6,13.7,3.0,29.2,3.2,112.0,0.21,16,0,1.07,3.42,2.81,22.3,51.5,14.2,0,0
Assam,Dibrugarh,Chabua Tea Lowland Settlement,7.4,35.1,134.5,217.7,101.0,72.7,3.2,112.0,0.21,16,0,2.43,3.42,2.81,24.6,83.4,15.4,1,0
Assam,Dibrugarh,Chabua Tea Lowland Settlement,5.9,32.0,102.2,212.3,86.8,67.5,3.2,112.0,0.21,16,0,2.47,3.42,2.81,21.2,85.9,18.0,1,0
Assam,Dibrugarh,Chabua Tea Lowland Settlement,22.0,117.9,344.3,604.4,395.1,86.7,3.2,112.0,0.21,16,0,4.17,3.42,2.81,19.8,88.1,44.5,3,0
Assam,Dibrugarh,Rohmoria Severe Erosion Village,1.0,5.0,16.0,33.5,5.3,35.9,3.0,105.0,0.12,22,0,1.02,3.74,3.05,29.3,70.1,9.9,0,0
Assam,Dibrugarh,Rohmoria Severe Erosion Village,18.0,103.4,279.0,605.2,335.4,91.6,3.0,105.0,0.12,22,0,4.03,3.74,3.05,21.4,89.7,26.5,3,0
Assam,Dibrugarh,Rohmoria Severe Erosion Village,0.0,2.7,7.0,13.4,2.3,48.1,3.0,105.0,0.12,22,0,1.07,3.74,3.05,27.5,57.2,5.8,0,0
Assam,Dibrugarh,Rohmoria Severe Erosion Village,16.5,76.6,213.1,451.0,173.6,86.8,3.0,105.0,0.12,22,0,4.09,3.74,3.05,21.4,88.7,28.4,3,0
Assam,Dibrugarh,Rohmoria Severe Erosion Village,4.5,12.3,29.9,49.1,15.2,34.4,3.0,105.0,0.12,22,0,1.42,3.74,3.05,26.1,72.3,5.9,0,0
Assam,Dibrugarh,Rohmoria Severe Erosion Village,0.2,1.3,2.6,8.9,1.1,55.0,3.0,105.0,0.12,22,0,1.52,3.74,3.05,27.4,72.2,6.6,0,0
Assam,Dibrugarh,Rohmoria Severe Erosion Village,1.1,3.5,10.0,21.3,4.5,45.2,3.0,105.0,0.12,22,0,0.73,3.74,3.05,26.8,73.9,12.8,0,0
Assam,Dibrugarh,Rohmoria Severe Erosion Village,0.9,2.9,10.5,25.5,4.6,31.9,3.0,105.0,0.12,22,0,1.44,3.74,3.05,22.4,48.0,8.0,0,0
Assam,Dibrugarh,Rohmoria Severe Erosion Village,35.4,176.6,451.6,796.4,598.9,90.2,3.0,105.0,0.12,22,0,3.97,3.74,3.05,24.4,90.4,49.8,3,0
Assam,Dibrugarh,Rohmoria Severe Erosion Village,2.3,8.0,25.6,50.7,10.9,49.8,3.0,105.0,0.12,22,0,1.6,3.74,3.05,31.8,52.8,9.9,0,0
Assam,Dibrugarh,Rohmoria Severe Erosion Village,0.2,1.0,7.2,20.2,2.2,38.4,3.0,105.0,0.12,22,0,0.75,3.74,3.05,22.1,57.4,6.4,0,0
Assam,Dibrugarh,Rohmoria Severe Erosion Village,8.7,39.4,111.8,237.8,84.2,64.0,3.0,105.0,0.12,22,0,3.02,3.74,3.05,23.3,81.4,21.6,1,0
Assam,Dibrugarh,Rohmoria Severe Erosion Village,1.7,3.8,14.7,29.8,9.5,27.4,3.0,105.0,0.12,22,0,1.53,3.74,3.05,25.0,71.1,12.2,0,0
Assam,Dibrugarh,Rohmoria Severe Erosion Village,51.9,265.7,671.6,1210.9,1047.3,96.9,3.0,105.0,0.12,22,0,4.5,3.74,3.05,23.3,98.8,63.9,3,0
Assam,Dibrugarh,Rohmoria Severe Erosion Village,4.3,28.1,106.2,226.9,66.1,72.4,3.0,105.0,0.12,22,0,3.1,3.74,3.05,20.7,80.9,22.9,2,0
Assam,Dibrugarh,Rohmoria Severe Erosion Village,94.2,328.0,797.3,1111.0,1159.2,96.7,3.0,105.0,0.12,22,0,5.02,3.74,3.05,21.7,94.8,51.0,3,0
Assam,Dibrugarh,Rohmoria Severe Erosion Village,15.3,88.7,302.4,620.1,319.3,78.1,3.0,105.0,0.12,22,0,3.63,3.74,3.05,19.1,93.7,28.8,3,0
Assam,Dibrugarh,Rohmoria Severe Erosion Village,36.0,198.4,527.5,839.8,502.1,91.5,3.0,105.0,0.12,22,0,4.16,3.74,3.05,19.6,93.3,35.6,3,0
Assam,Dibrugarh,Rohmoria Severe Erosion Village,8.6,37.2,128.0,292.8,95.1,73.6,3.0,105.0,0.12,22,0,3.21,3.74,3.05,25.6,80.0,25.6,2,0
Assam,Dibrugarh,Rohmoria Severe Erosion Village,6.7,36.5,144.5,279.9,157.7,76.7,3.0,105.0,0.12,22,0,2.86,3.74,3.05,25.7,75.7,25.9,2,0
Assam,Dibrugarh,Rohmoria Severe Erosion Village,5.3,15.8,34.4,48.9,19.3,54.4,3.0,105.0,0.12,22,0,0.5,3.74,3.05,23.1,55.0,9.3,0,0
Assam,Dibrugarh,Rohmoria Severe Erosion Village,5.9,35.0,128.2,231.0,80.8,70.4,3.0,105.0,0.12,22,0,3.08,3.74,3.05,25.1,84.5,12.6,2,0
Assam,Dibrugarh,Rohmoria Severe Erosion Village,0.5,1.8,4.2,15.2,1.8,47.7,3.0,105.0,0.12,22,0,1.99,3.74,3.05,23.9,64.0,6.1,0,0
Assam,Dibrugarh,Rohmoria Severe Erosion Village,8.8,36.0,110.9,209.0,56.2,76.8,3.0,105.0,0.12,22,0,3.09,3.74,3.05,22.5,78.7,13.8,2,0
Assam,Dibrugarh,Rohmoria Severe Erosion Village,26.3,112.6,353.8,724.5,422.5,83.7,3.0,105.0,0.12,22,0,4.23,3.74,3.05,23.6,92.1,30.1,3,0
Bihar,Patna,Danapur Ganga Bank Ward 12,1.0,3.6,14.2,22.3,7.5,52.3,1.8,53.0,0.18,16,0,1.22,3.69,3.16,25.6,67.1,10.7,0,0
Bihar,Patna,Danapur Ganga Bank Ward 12,6.7,27.0,111.6,247.5,121.4,65.3,1.8,53.0,0.18,16,0,2.84,3.69,3.16,22.9,82.0,21.4,1,0
Bihar,Patna,Danapur Ganga Bank Ward 12,2.8,18.3,67.0,134.6,59.9,74.3,1.8,53.0,0.18,16,0,3.1,3.69,3.16,22.3,80.0,22.6,0,0
Bihar,Patna,Danapur Ganga Bank Ward 12,2.3,8.7,18.9,36.4,7.7,39.0,1.8,53.0,0.18,16,0,1.52,3.69,3.16,28.0,51.2,14.0,0,0
Bihar,Patna,Danapur Ganga Bank Ward 12,15.2,96.5,271.1,481.9,286.8,85.8,1.8,53.0,0.18,16,0,4.22,3.69,3.16,20.0,85.8,34.3,3,0
Bihar,Patna,Danapur Ganga Bank Ward 12,16.5,102.0,279.9,453.1,358.9,84.5,1.8,53.0,0.18,16,0,3.72,3.69,3.16,25.3,90.9,39.1,3,0
Bihar,Patna,Danapur Ganga Bank Ward 12,4.9,35.2,127.7,242.6,128.6,77.2,1.8,53.0,0.18,16,0,3.34,3.69,3.16,23.8,87.0,27.2,2,0
Bihar,Patna,Danapur Ganga Bank Ward 12,1.8,6.6,13.8,29.5,9.2,31.5,1.8,53.0,0.18,16,0,1.96,3.69,3.16,22.6,58.3,5.9,0,0
Bihar,Patna,Danapur Ganga Bank Ward 12,6.3,19.7,42.5,74.5,27.9,56.8,1.8,53.0,0.18,16,0,1.15,3.69,3.16,28.6,70.5,12.6,0,0
Bihar,Patna,Danapur Ganga Bank Ward 12,5.7,33.8,132.1,304.9,119.8,71.3,1.8,53.0,0.18,16,0,3.08,3.69,3.16,23.0,84.2,19.0,1,0
Bihar,Patna,Danapur Ganga Bank Ward 12,25.1,122.1,371.5,664.4,340.6,88.9,1.8,53.0,0.18,16,0,3.52,3.69,3.16,22.9,89.0,29.0,3,0
Bihar,Patna,Danapur Ganga Bank Ward 12,22.0,108.6,331.0,656.9,454.9,80.6,1.8,53.0,0.18,16,0,4.43,3.69,3.16,22.6,93.4,31.1,3,0
Bihar,Patna,Danapur Ganga Bank Ward 12,10.2,33.9,120.6,212.7,68.6,69.9,1.8,53.0,0.18,16,0,3.21,3.69,3.16,20.9,86.8,17.3,1,0
Bihar,Patna,Danapur Ganga Bank Ward 12,17.4,93.5,317.2,479.2,330.1,85.8,1.8,53.0,0.18,16,0,4.3,3.69,3.16,23.4,94.3,47.7,3,0
Bihar,Patna,Danapur Ganga Bank Ward 12,6.0,40.0,111.1,232.2,79.4,76.3,1.8,53.0,0.18,16,0,3.18,3.69,3.16,20.9,82.4,19.6,2,0
Bihar,Patna,Danapur Ganga Bank Ward 12,0.7,2.2,10.0,21.4,6.4,47.4,1.8,53.0,0.18,16,0,0.95,3.69,3.16,23.6,71.3,6.0,0,0
Bihar,Patna,Danapur Ganga Bank Ward 12,68.2,277.6,650.2,1039.9,930.4,92.5,1.8,53.0,0.18,16,0,5.9,3.69,3.16,23.2,98.9,54.9,3,0
Bihar,Patna,Danapur Ganga Bank Ward 12,3.9,9.5,29.5,48.3,13.5,26.6,1.8,53.0,0.18,16,0,1.07,3.69,3.16,29.5,68.7,8.5,0,0
Bihar,Patna,Danapur Ganga Bank Ward 12,1.6,16.7,55.4,141.7,49.4,73.7,1.8,53.0,0.18,16,0,3.41,3.69,3.16,25.6,77.6,15.8,1,0
Bihar,Patna,Danapur Ganga Bank Ward 12,36.1,191.4,563.4,849.7,757.3,78.8,1.8,53.0,0.18,16,0,3.55,3.69,3.16,18.4,94.0,39.7,3,0
Bihar,Patna,Danapur Ganga Bank Ward 12,3.2,7.8,21.6,42.6,6.9,42.4,1.8,53.0,0.18,16,0,2.34,3.69,3.16,24.3,66.0,8.1,0,0
Bihar,Patna,Danapur Ganga Bank Ward 12,0.1,2.1,9.6,17.8,6.4,48.3,1.8,53.0,0.18,16,0,1.68,3.69,3.16,26.2,47.7,13.5,0,0
Bihar,Patna,Danapur Ganga Bank Ward 12,2.9,9.0,27.3,38.8,15.1,42.2,1.8,53.0,0.18,16,0,1.15,3.69,3.16,31.8,67.8,8.3,0,0
Bihar,Patna,Danapur Ganga Bank Ward 12,6.7,34.3,102.5,207.8,55.8,75.3,1.8,53.0,0.18,16,0,3.5,3.69,3.16,20.3,79.5,20.8,2,0
Bihar,Patna,Danapur Ganga Bank Ward 12,0.5,2.1,9.1,22.1,5.0,34.6,1.8,53.0,0.18,16,0,0.76,3.69,3.16,27.6,74.6,13.2,0,0
Bihar,Patna,Rajendra Nagar Lowland Ward 44,0.9,4.9,10.8,22.0,5.3,40.8,1.0,49.0,0.14,19,0,1.5,2.74,2.21,27.1,59.4,14.6,0,0
Bihar,Patna,Rajendra Nagar Lowland Ward 44,2.5,8.5,24.6,42.6,13.9,36.8,1.0,49.0,0.14,19,0,0.6,2.74,2.21,28.5,71.4,13.6,0,0
Bihar,Patna,Rajendra Nagar Lowland Ward 44,5.8,17.4,37.5,62.1,21.6,25.4,1.0,49.0,0.14,19,0,1.31,2.74,2.21,23.9,64.3,5.9,0,0
Bihar,Patna,Rajendra Nagar Lowland Ward 44,0.2,1.1,7.7,19.8,5.3,25.0,1.0,49.0,0.14,19,0,0.84,2.74,2.21,27.8,69.3,11.2,0,0
Bihar,Patna,Rajendra Nagar Lowland Ward 44,0.5,3.0,8.1,17.9,4.0,34.8,1.0,49.0,0.14,19,0,1.14,2.74,2.21,23.9,61.7,15.6,0,0
Bihar,Patna,Rajendra Nagar Lowland Ward 44,2.6,25.0,111.4,219.7,63.0,77.2,1.0,49.0,0.14,19,0,2.16,2.74,2.21,23.9,82.6,21.1,2,0
Bihar,Patna,Rajendra Nagar Lowland Ward 44,49.4,297.6,823.0,1160.8,875.9,91.1,1.0,49.0,0.14,19,0,4.49,2.74,2.21,20.2,92.3,69.9,3,0
Bihar,Patna,Rajendra Nagar Lowland Ward 44,1.2,4.4,10.9,19.8,7.4,43.5,1.0,49.0,0.14,19,0,1.53,2.74,2.21,25.5,58.9,5.5,0,0
Bihar,Patna,Rajendra Nagar Lowland Ward 44,3.0,5.9,12.8,22.8,7.1,27.1,1.0,49.0,0.14,19,0,1.09,2.74,2.21,30.4,46.1,8.0,0,0
Bihar,Patna,Rajendra Nagar Lowland Ward 44,2.3,21.1,80.4,189.6,81.3,68.5,1.0,49.0,0.14,19,0,2.03,2.74,2.21,21.0,82.3,18.2,1,0
Bihar,Patna,Rajendra Nagar Lowland Ward 44,15.3,108.6,248.8,426.4,256.5,87.9,1.0,49.0,0.14,19,0,2.72,2.74,2.21,23.6,91.3,34.1,3,0
Bihar,Patna,Rajendra Nagar Lowland Ward 44,6.6,38.7,152.5,290.5,139.4,74.9,1.0,49.0,0.14,19,0,2.43,2.74,2.21,22.4,87.3,27.4,2,0
Bihar,Patna,Rajendra Nagar Lowland Ward 44,2.9,9.0,21.1,40.5,13.0,36.9,1.0,49.0,0.14,19,0,0.85,2.74,2.21,31.4,51.6,8.6,0,0
Bihar,Patna,Rajendra Nagar Lowland Ward 44,0.9,3.3,12.0,24.1,7.8,31.6,1.0,49.0,0.14,19,0,1.37,2.74,2.21,24.7,50.9,8.3,0,0
Bihar,Patna,Rajendra Nagar Lowland Ward 44,20.7,124.9,357.4,578.2,392.0,84.1,1.0,49.0,0.14,19,0,2.92,2.74,2.21,20.4,88.4,28.9,3,0
Bihar,Patna,Rajendra Nagar Lowland Ward 44,35.3,165.3,366.2,662.2,462.8,87.1,1.0,49.0,0.14,19,0,3.24,2.74,2.21,22.9,87.4,45.7,3,0
Bihar,Patna,Rajendra Nagar Lowland Ward 44,1.7,6.5,19.3,33.7,8.5,50.2,1.0,49.0,0.14,19,0,1.41,2.74,2.21,25.2,46.8,15.9,0,0
Bihar,Patna,Rajendra Nagar Lowland Ward 44,3.7,8.2,24.4,36.4,10.1,55.3,1.0,49.0,0.14,19,0,1.38,2.74,2.21,29.6,62.0,12.7,0,0
Bihar,Patna,Rajendra Nagar Lowland Ward 44,3.2,25.3,89.3,182.8,94.1,72.7,1.0,49.0,0.14,19,0,2.58,2.74,2.21,20.0,82.3,12.5,2,0
Bihar,Patna,Rajendra Nagar Lowland Ward 44,1.7,23.0,64.8,138.3,32.6,77.9,1.0,49.0,0.14,19,0,1.9,2.74,2.21,21.5,82.3,17.0,1,0
Bihar,Patna,Rajendra Nagar Lowland Ward 44,1.9,5.9,15.5,32.2,6.1,32.4,1.0,49.0,0.14,19,0,1.07,2.74,2.21,30.6,67.8,7.1,0,0
Bihar,Patna,Rajendra Nagar Lowland Ward 44,33.1,126.9,382.7,662.2,398.3,80.6,1.0,49.0,0.14,19,0,2.98,2.74,2.21,20.1,91.1,46.0,3,0
Bihar,Patna,Rajendra Nagar Lowland Ward 44,1.9,5.8,11.5,19.3,4.3,48.6,1.0,49.0,0.14,19,0,0.91,2.74,2.21,24.9,73.6,7.9,0,0
Bihar,Patna,Rajendra Nagar Lowland Ward 44,39.4,209.4,579.3,911.7,694.8,90.9,1.0,49.0,0.14,19,0,2.89,2.74,2.21,20.9,93.3,30.5,3,0
Bihar,Patna,Rajendra Nagar Lowland Ward 44,4.9,28.1,79.5,187.0,49.3,69.1,1.0,49.0,0.14,19,0,2.16,2.74,2.21,28.0,76.8,13.4,1,0
Bihar,Patna,Bakhtiyarpur Riverbank Village,80.1,389.2,997.3,1397.5,1020.2,92.4,2.2,51.0,0.22,14,0,3.81,3.04,2.5,23.8,96.6,50.7,3,0
Bihar,Patna,Bakhtiyarpur Riverbank Village,0.7,2.0,5.4,11.7,3.3,32.8,2.2,51.0,0.22,14,0,1.35,3.04,2.5,25.4,47.2,13.2,0,0
Bihar,Patna,Bakhtiyarpur Riverbank Village,58.5,225.6,617.3,941.7,1068.9,96.7,2.2,51.0,0.22,14,0,4.22,3.04,2.5,17.8,97.6,72.9,3,0
Bihar,Patna,Bakhtiyarpur Riverbank Village,53.4,297.5,747.1,1307.3,952.8,98.9,2.2,51.0,0.22,14,0,4.55,3.04,2.5,21.2,92.4,49.8,3,0
Bihar,Patna,Bakhtiyarpur Riverbank Village,25.0,132.0,309.6,580.7,295.1,84.6,2.2,51.0,0.22,14,0,3.59,3.04,2.5,21.5,90.1,40.2,3,0
Bihar,Patna,Bakhtiyarpur Riverbank Village,1.4,4.6,10.7,24.2,5.4,48.3,2.2,51.0,0.22,14,0,1.39,3.04,2.5,24.5,71.5,9.1,0,0
Bihar,Patna,Bakhtiyarpur Riverbank Village,46.5,211.6,527.1,844.0,798.0,93.0,2.2,51.0,0.22,14,0,4.21,3.04,2.5,21.5,92.8,61.9,3,0
Bihar,Patna,Bakhtiyarpur Riverbank Village,3.1,25.4,111.2,246.7,66.4,63.8,2.2,51.0,0.22,14,0,2.45,3.04,2.5,25.5,76.1,12.9,1,0
Bihar,Patna,Bakhtiyarpur Riverbank Village,3.1,23.0,77.2,158.7,42.1,67.2,2.2,51.0,0.22,14,0,2.29,3.04,2.5,23.7,85.1,13.8,0,0
Bihar,Patna,Bakhtiyarpur Riverbank Village,2.5,6.5,14.6,27.1,7.9,45.4,2.2,51.0,0.22,14,0,1.5,3.04,2.5,25.7,50.9,7.8,0,0
Bihar,Patna,Bakhtiyarpur Riverbank Village,0.4,3.7,12.9,27.3,5.1,41.3,2.2,51.0,0.22,14,0,1.34,3.04,2.5,30.9,67.3,8.4,0,0
Bihar,Patna,Bakhtiyarpur Riverbank Village,0.1,2.0,8.2,14.7,5.0,34.0,2.2,51.0,0.22,14,0,1.33,3.04,2.5,29.2,51.2,9.5,0,0
Bihar,Patna,Bakhtiyarpur Riverbank Village,4.3,26.1,83.6,169.1,69.0,63.5,2.2,51.0,0.22,14,0,2.18,3.04,2.5,21.9,82.1,14.1,1,0
Bihar,Patna,Bakhtiyarpur Riverbank Village,0.9,3.9,9.4,15.0,4.0,29.9,2.2,51.0,0.22,14,0,0.64,3.04,2.5,27.4,61.4,9.0,0,0
Bihar,Patna,Bakhtiyarpur Riverbank Village,2.1,5.5,16.8,36.0,8.6,48.9,2.2,51.0,0.22,14,0,1.38,3.04,2.5,24.2,70.2,7.6,0,0
Bihar,Patna,Bakhtiyarpur Riverbank Village,4.5,24.6,101.5,191.6,51.5,74.0,2.2,51.0,0.22,14,0,2.58,3.04,2.5,22.5,81.3,19.7,1,0
Bihar,Patna,Bakhtiyarpur Riverbank Village,4.2,8.1,22.4,47.5,14.9,40.1,2.2,51.0,0.22,14,0,1.1,3.04,2.5,24.7,56.0,13.7,0,0
Bihar,Patna,Bakhtiyarpur Riverbank Village,31.8,167.4,397.1,686.1,343.9,88.9,2.2,51.0,0.22,14,0,3.58,3.04,2.5,23.0,93.8,32.6,3,0
Bihar,Patna,Bakhtiyarpur Riverbank Village,1.5,5.2,13.3,27.8,7.2,40.0,2.2,51.0,0.22,14,0,1.19,3.04,2.5,24.4,58.4,12.5,0,0
Bihar,Patna,Bakhtiyarpur Riverbank Village,0.6,3.1,8.0,17.9,3.7,29.4,2.2,51.0,0.22,14,0,1.05,3.04,2.5,30.3,72.7,9.8,0,0
Bihar,Patna,Bakhtiyarpur Riverbank Village,2.0,4.8,10.4,24.9,5.1,34.5,2.2,51.0,0.22,14,0,1.87,3.04,2.5,23.7,49.2,12.6,0,0
Bihar,Patna,Bakhtiyarpur Riverbank Village,82.4,320.7,643.8,1003.7,898.4,91.9,2.2,51.0,0.22,14,0,3.95,3.04,2.5,18.4,96.8,37.9,3,0
Bihar,Patna,Bakhtiyarpur Riverbank Village,14.2,66.9,176.2,318.7,112.1,71.6,2.2,51.0,0.22,14,0,2.88,3.04,2.5,25.9,77.7,26.8,2,0
Bihar,Patna,Bakhtiyarpur Riverbank Village,2.4,5.1,15.1,29.8,10.0,55.6,2.2,51.0,0.22,14,0,0.8,3.04,2.5,27.5,68.4,7.5,0,0
Bihar,Patna,Bakhtiyarpur Riverbank Village,0.2,1.9,9.7,16.8,6.2,50.3,2.2,51.0,0.22,14,0,1.29,3.04,2.5,23.8,73.6,13.6,0,0
Bihar,Darbhanga,Kalyanpur Bagmati Basin Ward,1.0,4.0,10.1,14.9,6.7,26.6,1.5,52.0,0.12,22,0,1.81,3.7,3.02,28.9,62.4,5.9,0,0
Bihar,Darbhanga,Kalyanpur Bagmati Basin Ward,7.7,30.3,103.4,184.4,79.4,71.3,1.5,52.0,0.12,22,0,3.5,3.7,3.02,23.2,75.7,25.2,2,0
Bihar,Darbhanga,Kalyanpur Bagmati Basin Ward,2.3,7.2,24.5,48.2,12.0,34.4,1.5,52.0,0.12,22,0,1.58,3.7,3.02,28.2,46.7,6.8,0,0
Bihar,Darbhanga,Kalyanpur Bagmati Basin Ward,17.7,85.3,306.9,631.9,381.4,85.7,1.5,52.0,0.12,22,0,4.11,3.7,3.02,18.8,95.3,49.2,3,0
Bihar,Darbhanga,Kalyanpur Bagmati Basin Ward,5.9,33.4,128.4,269.4,82.9,77.9,1.5,52.0,0.12,22,0,2.76,3.7,3.02,20.8,82.8,27.7,2,0
Bihar,Darbhanga,Kalyanpur Bagmati Basin Ward,1.0,4.7,18.0,30.3,9.8,32.2,1.5,52.0,0.12,22,0,2.11,3.7,3.02,27.1,47.7,14.2,0,0
Bihar,Darbhanga,Kalyanpur Bagmati Basin Ward,5.3,17.1,49.0,70.3,33.3,48.0,1.5,52.0,0.12,22,0,0.7,3.7,3.02,24.1,69.7,10.5,1,0
Bihar,Darbhanga,Kalyanpur Bagmati Basin Ward,9.8,41.6,135.7,266.7,124.1,68.7,1.5,52.0,0.12,22,0,2.68,3.7,3.02,26.7,76.0,21.8,1,0
Bihar,Darbhanga,Kalyanpur Bagmati Basin Ward,8.5,33.0,120.8,239.2,94.9,64.6,1.5,52.0,0.12,22,0,2.91,3.7,3.02,22.4,81.7,17.3,1,0
Bihar,Darbhanga,Kalyanpur Bagmati Basin Ward,0.8,4.8,14.5,29.0,8.7,29.1,1.5,52.0,0.12,22,0,1.35,3.7,3.02,24.8,67.0,11.6,0,0
Bihar,Darbhanga,Kalyanpur Bagmati Basin Ward,0.4,3.5,10.3,18.3,5.6,49.4,1.5,52.0,0.12,22,0,1.07,3.7,3.02,30.8,47.0,13.1,0,0
Bihar,Darbhanga,Kalyanpur Bagmati Basin Ward,92.3,350.6,796.4,1419.1,1428.1,96.7,1.5,52.0,0.12,22,0,5.12,3.7,3.02,16.3,96.9,50.8,3,0
Bihar,Darbhanga,Kalyanpur Bagmati Basin Ward,8.6,35.5,135.6,267.9,75.4,68.2,1.5,52.0,0.12,22,0,3.3,3.7,3.02,24.8,75.1,24.3,2,0
Bihar,Darbhanga,Kalyanpur Bagmati Basin Ward,10.4,46.9,147.0,249.5,134.9,66.9,1.5,52.0,0.12,22,0,3.4,3.7,3.02,24.6,81.0,22.1,2,0
Bihar,Darbhanga,Kalyanpur Bagmati Basin Ward,43.7,264.4,768.4,1214.6,1316.8,93.1,1.5,52.0,0.12,22,0,6.01,3.7,3.02,23.4,94.9,55.3,3,0
Bihar,Darbhanga,Kalyanpur Bagmati Basin Ward,1.4,5.8,20.6,36.2,7.3,40.8,1.5,52.0,0.12,22,0,0.9,3.7,3.02,24.9,45.3,15.1,0,0
Bihar,Darbhanga,Kalyanpur Bagmati Basin Ward,2.5,8.4,28.9,45.1,18.8,52.7,1.5,52.0,0.12,22,0,0.91,3.7,3.02,30.1,57.4,15.0,0,0
Bihar,Darbhanga,Kalyanpur Bagmati Basin Ward,2.5,6.1,17.2,33.5,7.3,33.9,1.5,52.0,0.12,22,0,1.02,3.7,3.02,31.7,71.2,8.0,0,0
Bihar,Darbhanga,Kalyanpur Bagmati Basin Ward,10.8,47.4,141.9,288.0,122.1,69.0,1.5,52.0,0.12,22,0,2.9,3.7,3.02,27.2,76.2,22.7,1,0
Bihar,Darbhanga,Kalyanpur Bagmati Basin Ward,2.2,25.5,84.2,188.2,47.3,69.9,1.5,52.0,0.12,22,0,2.75,3.7,3.02,24.3,84.2,26.4,1,0
Bihar,Darbhanga,Kalyanpur Bagmati Basin Ward,5.3,32.1,101.1,243.7,88.4,70.1,1.5,52.0,0.12,22,0,3.35,3.7,3.02,23.1,76.0,26.4,2,0
Bihar,Darbhanga,Kalyanpur Bagmati Basin Ward,15.7,83.9,255.9,526.0,210.1,91.4,1.5,52.0,0.12,22,0,3.78,3.7,3.02,21.1,89.2,39.6,3,0
Bihar,Darbhanga,Kalyanpur Bagmati Basin Ward,64.4,246.1,576.8,926.2,619.7,90.6,1.5,52.0,0.12,22,0,5.81,3.7,3.02,22.3,93.3,62.1,3,0
Bihar,Darbhanga,Kalyanpur Bagmati Basin Ward,34.8,176.4,440.4,665.4,464.5,80.5,1.5,52.0,0.12,22,0,4.34,3.7,3.02,20.2,87.1,45.1,3,0
Bihar,Darbhanga,Kalyanpur Bagmati Basin Ward,8.9,39.7,109.9,226.8,103.6,68.1,1.5,52.0,0.12,22,0,3.42,3.7,3.02,22.0,75.5,19.0,2,0
Bihar,Darbhanga,Kusheshwar Asthan Wetland Village,1.5,4.8,15.4,24.3,4.7,33.9,0.8,46.0,0.09,25,0,1.15,3.87,3.23,30.3,62.3,8.8,0,0
Bihar,Darbhanga,Kusheshwar Asthan Wetland Village,87.2,407.7,1107.6,1769.2,1923.8,98.0,0.8,46.0,0.09,25,0,6.15,3.87,3.23,18.0,95.0,71.2,3,0
Bihar,Darbhanga,Kusheshwar Asthan Wetland Village,25.5,118.6,308.7,526.5,331.8,89.2,0.8,46.0,0.09,25,0,4.28,3.87,3.23,18.0,93.4,45.0,3,0
Bihar,Darbhanga,Kusheshwar Asthan Wetland Village,2.5,6.4,21.9,46.7,11.9,38.3,0.8,46.0,0.09,25,0,1.23,3.87,3.23,31.6,57.9,11.5,0,0
Bihar,Darbhanga,Kusheshwar Asthan Wetland Village,8.5,32.7,117.1,265.0,119.8,75.9,0.8,46.0,0.09,25,0,3.15,3.87,3.23,20.4,86.0,21.9,2,0
Bihar,Darbhanga,Kusheshwar Asthan Wetland Village,46.3,253.4,670.6,1234.4,911.0,93.2,0.8,46.0,0.09,25,0,5.48,3.87,3.23,18.9,95.0,48.0,3,0
Bihar,Darbhanga,Kusheshwar Asthan Wetland Village,1.2,18.4,61.5,126.9,41.5,71.0,0.8,46.0,0.09,25,0,3.42,3.87,3.23,21.4,78.7,15.3,1,0
Bihar,Darbhanga,Kusheshwar Asthan Wetland Village,74.4,339.1,791.7,1433.4,997.0,98.6,0.8,46.0,0.09,25,0,5.77,3.87,3.23,22.3,94.9,63.3,3,0
Bihar,Darbhanga,Kusheshwar Asthan Wetland Village,20.7,96.2,331.2,545.0,376.4,79.0,0.8,46.0,0.09,25,0,4.64,3.87,3.23,22.3,86.8,33.3,3,0
Bihar,Darbhanga,Kusheshwar Asthan Wetland Village,12.2,44.3,111.6,260.5,91.9,75.9,0.8,46.0,0.09,25,0,3.68,3.87,3.23,23.4,77.2,18.0,2,0
Bihar,Darbhanga,Kusheshwar Asthan Wetland Village,27.9,156.3,456.4,835.3,572.9,83.7,0.8,46.0,0.09,25,0,4.33,3.87,3.23,18.4,89.2,33.1,3,0
Bihar,Darbhanga,Kusheshwar Asthan Wetland Village,0.9,4.2,8.3,18.4,4.4,44.8,0.8,46.0,0.09,25,0,0.66,3.87,3.23,30.1,64.5,5.0,0,0
Bihar,Darbhanga,Kusheshwar Asthan Wetland Village,0.6,4.3,15.3,29.9,7.8,50.0,0.8,46.0,0.09,25,0,0.59,3.87,3.23,24.2,54.8,6.6,0,0
Bihar,Darbhanga,Kusheshwar Asthan Wetland Village,81.6,305.6,700.3,1053.4,1035.2,97.1,0.8,46.0,0.09,25,0,5.9,3.87,3.23,17.9,95.8,62.0,3,0
Bihar,Darbhanga,Kusheshwar Asthan Wetland Village,3.3,8.1,21.8,46.5,10.5,32.3,0.8,46.0,0.09,25,0,0.74,3.87,3.23,26.5,53.4,8.9,0,0
Bihar,Darbhanga,Kusheshwar Asthan Wetland Village,9.5,44.6,159.6,349.9,109.8,62.7,0.8,46.0,0.09,25,0,3.32,3.87,3.23,27.3,86.9,21.7,2,0
Bihar,Darbhanga,Kusheshwar Asthan Wetland Village,21.6,123.0,324.7,543.0,315.3,85.0,0.8,46.0,0.09,25,0,4.06,3.87,3.23,22.7,94.3,36.2,3,0
Bihar,Darbhanga,Kusheshwar Asthan Wetland Village,12.9,53.4,138.6,248.7,104.2,69.6,0.8,46.0,0.09,25,0,2.77,3.87,3.23,27.0,75.3,25.9,1,0
Bihar,Darbhanga,Kusheshwar Asthan Wetland Village,7.8,34.7,106.9,188.2,83.7,65.3,0.8,46.0,0.09,25,0,3.47,3.87,3.23,20.5,82.6,24.6,2,0
Bihar,Darbhanga,Kusheshwar Asthan Wetland Village,5.3,30.1,117.8,225.2,94.7,65.9,0.8,46.0,0.09,25,0,3.02,3.87,3.23,22.1,78.2,27.7,1,0
Bihar,Darbhanga,Kusheshwar Asthan Wetland Village,31.4,141.6,476.1,892.6,498.5,91.8,0.8,46.0,0.09,25,0,4.41,3.87,3.23,25.3,92.4,25.3,3,0
Bihar,Darbhanga,Kusheshwar Asthan Wetland Village,55.8,251.9,665.0,1158.9,976.2,97.2,0.8,46.0,0.09,25,0,5.27,3.87,3.23,19.4,92.6,62.6,3,0
Bihar,Darbhanga,Kusheshwar Asthan Wetland Village,7.3,39.8,154.3,251.6,159.2,70.0,0.8,46.0,0.09,25,0,3.44,3.87,3.23,23.6,87.1,18.4,2,0
Bihar,Darbhanga,Kusheshwar Asthan Wetland Village,0.4,2.5,6.3,16.7,3.2,47.1,0.8,46.0,0.09,25,0,1.04,3.87,3.23,26.6,62.5,9.4,0,0
Bihar,Darbhanga,Kusheshwar Asthan Wetland Village,2.5,21.0,93.5,166.1,54.2,68.5,0.8,46.0,0.09,25,0,3.66,3.87,3.23,24.7,75.2,22.3,2,0
Bihar,Darbhanga,Benipur Kamla Balan Channel Ward,32.3,120.2,368.4,757.5,364.5,89.7,1.8,50.0,0.15,20,0,3.02,2.62,2.0,23.0,89.6,47.9,3,0
Bihar,Darbhanga,Benipur Kamla Balan Channel Ward,0.7,1.5,8.3,15.4,3.5,53.6,1.8,50.0,0.15,20,0,0.71,2.62,2.0,27.9,47.7,10.0,0,0
Bihar,Darbhanga,Benipur Kamla Balan Channel Ward,23.5,108.7,279.3,485.7,270.7,78.2,1.8,50.0,0.15,20,0,3.19,2.62,2.0,25.0,86.8,43.1,3,0
Bihar,Darbhanga,Benipur Kamla Balan Channel Ward,27.0,119.9,311.9,617.1,325.6,82.3,1.8,50.0,0.15,20,0,3.17,2.62,2.0,22.0,88.3,30.1,3,0
Bihar,Darbhanga,Benipur Kamla Balan Channel Ward,90.7,330.9,646.9,994.4,1135.8,94.0,1.8,50.0,0.15,20,0,3.52,2.62,2.0,22.5,94.4,73.0,3,0
Bihar,Darbhanga,Benipur Kamla Balan Channel Ward,83.1,321.6,677.5,1072.0,1114.7,90.5,1.8,50.0,0.15,20,0,3.82,2.62,2.0,18.4,98.2,66.7,3,0
Bihar,Darbhanga,Benipur Kamla Balan Channel Ward,4.5,12.0,36.0,69.7,24.8,28.6,1.8,50.0,0.15,20,0,0.96,2.62,2.0,29.6,50.3,10.9,0,0
Bihar,Darbhanga,Benipur Kamla Balan Channel Ward,47.1,219.9,637.2,1153.1,1010.5,99.4,1.8,50.0,0.15,20,0,4.28,2.62,2.0,16.5,93.8,50.4,3,0
Bihar,Darbhanga,Benipur Kamla Balan Channel Ward,0.8,5.1,17.4,29.6,7.8,40.3,1.8,50.0,0.15,20,0,1.34,2.62,2.0,31.8,70.4,14.2,0,0
Bihar,Darbhanga,Benipur Kamla Balan Channel Ward,17.5,83.7,243.9,393.4,301.0,79.2,1.8,50.0,0.15,20,0,2.69,2.62,2.0,20.7,92.1,34.1,3,0
Bihar,Darbhanga,Benipur Kamla Balan Channel Ward,38.8,155.8,348.4,541.2,297.1,88.0,1.8,50.0,0.15,20,0,3.19,2.62,2.0,22.9,94.8,35.2,3,0
Bihar,Darbhanga,Benipur Kamla Balan Channel Ward,1.8,21.0,73.2,175.2,69.5,66.9,1.8,50.0,0.15,20,0,2.48,2.62,2.0,22.4,85.2,23.9,1,0
Bihar,Darbhanga,Benipur Kamla Balan Channel Ward,1.2,3.4,16.2,29.3,5.2,35.1,1.8,50.0,0.15,20,0,0.58,2.62,2.0,28.2,67.0,6.1,0,0
Bihar,Darbhanga,Benipur Kamla Balan Channel Ward,4.7,27.4,95.2,200.0,51.0,74.1,1.8,50.0,0.15,20,0,2.36,2.62,2.0,25.6,81.8,14.1,2,0
Bihar,Darbhanga,Benipur Kamla Balan Channel Ward,12.3,48.6,138.6,310.7,81.9,63.3,1.8,50.0,0.15,20,0,2.34,2.62,2.0,22.8,83.3,14.7,2,0
Bihar,Darbhanga,Benipur Kamla Balan Channel Ward,35.9,169.8,399.2,734.8,510.9,87.9,1.8,50.0,0.15,20,0,3.08,2.62,2.0,18.1,91.3,28.5,3,0
Bihar,Darbhanga,Benipur Kamla Balan Channel Ward,30.8,176.1,482.9,848.2,590.1,80.2,1.8,50.0,0.15,20,0,2.51,2.62,2.0,25.7,92.3,47.8,3,0
Bihar,Darbhanga,Benipur Kamla Balan Channel Ward,4.2,10.8,27.3,52.5,9.8,36.5,1.8,50.0,0.15,20,0,0.8,2.62,2.0,23.9,66.5,5.5,0,0
Bihar,Darbhanga,Benipur Kamla Balan Channel Ward,5.1,33.9,123.1,224.0,99.7,62.3,1.8,50.0,0.15,20,0,2.0,2.62,2.0,22.3,75.4,24.7,2,0
Bihar,Darbhanga,Benipur Kamla Balan Channel Ward,21.6,109.8,297.1,561.5,361.1,86.5,1.8,50.0,0.15,20,0,2.76,2.62,2.0,23.7,85.3,46.8,3,0
Bihar,Darbhanga,Benipur Kamla Balan Channel Ward,7.8,44.7,130.0,265.8,72.3,68.2,1.8,50.0,0.15,20,0,2.19,2.62,2.0,22.8,85.5,15.5,2,0
Bihar,Darbhanga,Benipur Kamla Balan Channel Ward,8.2,44.3,144.7,275.2,151.5,71.8,1.8,50.0,0.15,20,0,2.35,2.62,2.0,20.6,80.1,27.3,2,0
Bihar,Darbhanga,Benipur Kamla Balan Channel Ward,6.5,34.8,120.3,202.2,112.6,65.1,1.8,50.0,0.15,20,0,2.0,2.62,2.0,27.4,81.3,21.4,2,0
Bihar,Darbhanga,Benipur Kamla Balan Channel Ward,5.8,35.2,129.5,223.4,90.3,74.2,1.8,50.0,0.15,20,0,2.28,2.62,2.0,26.9,81.8,24.8,2,0
Bihar,Darbhanga,Benipur Kamla Balan Channel Ward,33.2,173.3,469.5,853.9,448.7,89.3,1.8,50.0,0.15,20,0,3.06,2.62,2.0,25.7,87.6,36.0,3,0
Bihar,Muzaffarpur,Ahiyapur Budhi Gandak Ward 8,38.9,166.3,379.1,698.5,469.4,84.9,2.0,58.0,0.16,20,0,4.11,3.45,2.87,20.0,90.6,37.9,3,0
Bihar,Muzaffarpur,Ahiyapur Budhi Gandak Ward 8,28.2,161.8,420.9,692.0,429.5,87.3,2.0,58.0,0.16,20,0,3.96,3.45,2.87,23.3,94.6,29.0,3,0
Bihar,Muzaffarpur,Ahiyapur Budhi Gandak Ward 8,80.0,406.1,795.5,1149.5,1073.5,94.8,2.0,58.0,0.16,20,0,4.67,3.45,2.87,20.3,94.1,72.7,3,0
Bihar,Muzaffarpur,Ahiyapur Budhi Gandak Ward 8,3.6,28.3,100.9,198.5,83.8,69.7,2.0,58.0,0.16,20,0,2.66,3.45,2.87,22.2,79.2,21.2,1,0
Bihar,Muzaffarpur,Ahiyapur Budhi Gandak Ward 8,0.1,1.3,10.1,18.2,6.2,35.9,2.0,58.0,0.16,20,0,1.54,3.45,2.87,31.2,66.0,10.4,0,0
Bihar,Muzaffarpur,Ahiyapur Budhi Gandak Ward 8,3.5,21.9,85.5,201.6,62.5,76.2,2.0,58.0,0.16,20,0,3.22,3.45,2.87,23.4,79.2,13.9,2,0
Bihar,Muzaffarpur,Ahiyapur Budhi Gandak Ward 8,17.9,106.2,273.6,520.9,271.1,88.7,2.0,58.0,0.16,20,0,4.08,3.45,2.87,21.5,94.8,40.3,3,0
Bihar,Muzaffarpur,Ahiyapur Budhi Gandak Ward 8,6.3,31.8,124.4,226.8,88.4,70.1,2.0,58.0,0.16,20,0,2.59,3.45,2.87,26.7,80.1,15.1,1,0
Bihar,Muzaffarpur,Ahiyapur Budhi Gandak Ward 8,0.2,1.5,8.5,14.6,3.0,34.3,2.0,58.0,0.16,20,0,1.39,3.45,2.87,29.5,54.2,12.3,0,0
Bihar,Muzaffarpur,Ahiyapur Budhi Gandak Ward 8,1.7,5.5,17.2,31.1,5.5,27.7,2.0,58.0,0.16,20,0,1.55,3.45,2.87,27.1,46.0,5.1,0,0
Bihar,Muzaffarpur,Ahiyapur Budhi Gandak Ward 8,1.5,6.0,18.1,35.8,7.2,51.2,2.0,58.0,0.16,20,0,1.37,3.45,2.87,26.0,67.4,6.1,0,0
Bihar,Muzaffarpur,Ahiyapur Budhi Gandak Ward 8,0.8,2.9,7.2,13.8,3.9,39.4,2.0,58.0,0.16,20,0,1.91,3.45,2.87,31.3,69.7,9.4,0,0
Bihar,Muzaffarpur,Ahiyapur Budhi Gandak Ward 8,27.4,112.3,311.9,616.4,356.8,79.5,2.0,58.0,0.16,20,0,3.99,3.45,2.87,23.7,94.0,33.7,3,0
Bihar,Muzaffarpur,Ahiyapur Budhi Gandak Ward 8,5.6,34.1,123.3,225.3,126.7,77.2,2.0,58.0,0.16,20,0,3.25,3.45,2.87,25.8,86.0,22.4,2,0
Bihar,Muzaffarpur,Ahiyapur Budhi Gandak Ward 8,2.6,25.3,95.1,221.8,52.6,64.5,2.0,58.0,0.16,20,0,2.59,3.45,2.87,22.1,87.3,17.9,1,0
Bihar,Muzaffarpur,Ahiyapur Budhi Gandak Ward 8,10.7,45.9,137.5,288.6,137.3,75.3,2.0,58.0,0.16,20,0,2.51,3.45,2.87,26.3,82.3,21.1,2,0
Bihar,Muzaffarpur,Ahiyapur Budhi Gandak Ward 8,2.7,7.9,17.7,35.0,7.4,51.2,2.0,58.0,0.16,20,0,1.5,3.45,2.87,23.7,51.2,6.1,0,0
Bihar,Muzaffarpur,Ahiyapur Budhi Gandak Ward 8,74.9,305.2,823.3,1353.1,1136.7,94.2,2.0,58.0,0.16,20,0,4.81,3.45,2.87,19.0,94.2,70.9,3,0
Bihar,Muzaffarpur,Ahiyapur Budhi Gandak Ward 8,3.0,20.2,83.2,192.8,56.9,77.7,2.0,58.0,0.16,20,0,2.8,3.45,2.87,23.8,81.4,17.4,2,0
Bihar,Muzaffarpur,Ahiyapur Budhi Gandak Ward 8,3.1,27.9,111.7,214.5,116.0,69.8,2.0,58.0,0.16,20,0,3.23,3.45,2.87,25.6,78.9,13.8,2,0
Bihar,Muzaffarpur,Ahiyapur Budhi Gandak Ward 8,0.5,2.7,12.9,27.0,7.2,40.3,2.0,58.0,0.16,20,0,1.92,3.45,2.87,29.7,63.4,7.9,0,0
Bihar,Muzaffarpur,Ahiyapur Budhi Gandak Ward 8,9.2,48.9,163.2,294.0,127.5,70.0,2.0,58.0,0.16,20,0,2.78,3.45,2.87,20.8,79.5,22.4,1,0
Bihar,Muzaffarpur,Ahiyapur Budhi Gandak Ward 8,27.2,118.9,380.0,634.6,338.6,90.0,2.0,58.0,0.16,20,0,3.83,3.45,2.87,25.7,88.8,25.4,3,0
Bihar,Muzaffarpur,Ahiyapur Budhi Gandak Ward 8,33.7,185.3,495.5,932.2,545.5,87.2,2.0,58.0,0.16,20,0,3.69,3.45,2.87,19.2,94.9,38.3,3,0
Bihar,Muzaffarpur,Ahiyapur Budhi Gandak Ward 8,75.3,271.2,579.8,1029.4,875.8,94.2,2.0,58.0,0.16,20,0,4.61,3.45,2.87,19.7,93.8,67.3,3,0
Bihar,Muzaffarpur,Katra Bagmati Floodplain Village,21.4,137.3,395.7,751.5,385.6,85.8,1.4,54.0,0.11,23,0,4.89,4.2,3.67,22.6,95.9,38.0,3,0
Bihar,Muzaffarpur,Katra Bagmati Floodplain Village,1.9,6.7,17.5,28.7,11.0,28.3,1.4,54.0,0.11,23,0,0.68,4.2,3.67,25.5,65.3,12.2,0,0
Bihar,Muzaffarpur,Katra Bagmati Floodplain Village,3.2,8.4,26.7,48.0,8.4,42.9,1.4,54.0,0.11,23,0,2.08,4.2,3.67,23.8,60.9,8.5,0,0
Bihar,Muzaffarpur,Katra Bagmati Floodplain Village,3.5,10.6,29.9,53.3,15.5,51.1,1.4,54.0,0.11,23,0,1.82,4.2,3.67,26.5,65.3,8.9,0,0
Bihar,Muzaffarpur,Katra Bagmati Floodplain Village,0.2,3.5,13.0,24.5,6.0,41.1,1.4,54.0,0.11,23,0,1.52,4.2,3.67,23.3,61.1,8.0,0,0
Bihar,Muzaffarpur,Katra Bagmati Floodplain Village,2.2,6.9,24.1,39.4,9.1,44.9,1.4,54.0,0.11,23,0,2.55,4.2,3.67,25.1,59.8,8.4,0,0
Bihar,Muzaffarpur,Katra Bagmati Floodplain Village,12.4,55.5,193.7,397.1,145.0,74.3,1.4,54.0,0.11,23,0,3.89,4.2,3.67,27.6,78.5,27.4,2,0
Bihar,Muzaffarpur,Katra Bagmati Floodplain Village,1.0,5.6,19.1,40.3,7.5,37.0,1.4,54.0,0.11,23,0,1.92,4.2,3.67,30.4,61.8,6.7,0,0
Bihar,Muzaffarpur,Katra Bagmati Floodplain Village,27.8,157.5,508.0,824.4,653.2,91.2,1.4,54.0,0.11,23,0,4.88,4.2,3.67,24.4,86.6,37.7,3,0
Bihar,Muzaffarpur,Katra Bagmati Floodplain Village,24.8,136.6,431.8,875.7,388.5,81.7,1.4,54.0,0.11,23,0,4.82,4.2,3.67,20.6,86.7,34.4,3,0
Bihar,Muzaffarpur,Katra Bagmati Floodplain Village,73.0,356.3,928.8,1387.8,1156.3,99.3,1.4,54.0,0.11,23,0,6.47,4.2,3.67,19.6,93.8,60.2,3,0
Bihar,Muzaffarpur,Katra Bagmati Floodplain Village,1.4,3.8,14.8,30.6,5.1,28.2,1.4,54.0,0.11,23,0,2.24,4.2,3.67,27.3,70.5,15.0,0,0
Bihar,Muzaffarpur,Katra Bagmati Floodplain Village,1.2,5.2,18.1,31.2,6.9,52.2,1.4,54.0,0.11,23,0,1.95,4.2,3.67,23.0,62.8,9.9,0,0
Bihar,Muzaffarpur,Katra Bagmati Floodplain Village,64.7,255.9,698.3,1083.1,911.7,91.3,1.4,54.0,0.11,23,0,5.09,4.2,3.67,16.6,96.6,44.8,3,0
Bihar,Muzaffarpur,Katra Bagmati Floodplain Village,1.2,2.7,6.6,11.2,3.0,31.5,1.4,54.0,0.11,23,0,1.64,4.2,3.67,30.8,56.8,8.2,0,0
Bihar,Muzaffarpur,Katra Bagmati Floodplain Village,44.4,258.7,691.7,1003.5,1120.8,93.6,1.4,54.0,0.11,23,0,6.44,4.2,3.67,19.0,95.4,61.2,3,0
Bihar,Muzaffarpur,Katra Bagmati Floodplain Village,10.6,39.7,150.0,252.4,151.1,68.3,1.4,54.0,0.11,23,0,3.16,4.2,3.67,22.4,81.5,25.0,1,0
Bihar,Muzaffarpur,Katra Bagmati Floodplain Village,5.1,13.0,32.3,60.5,13.0,39.2,1.4,54.0,0.11,23,0,1.17,4.2,3.67,27.9,47.5,5.4,0,0
Bihar,Muzaffarpur,Katra Bagmati Floodplain Village,32.1,144.5,402.0,776.8,554.4,88.1,1.4,54.0,0.11,23,0,4.94,4.2,3.67,23.2,87.5,28.3,3,0
Bihar,Muzaffarpur,Katra Bagmati Floodplain Village,40.0,199.9,546.8,841.5,620.7,79.4,1.4,54.0,0.11,23,0,4.49,4.2,3.67,22.4,91.4,36.6,3,0
Bihar,Muzaffarpur,Katra Bagmati Floodplain Village,4.1,9.1,21.4,40.6,9.8,29.6,1.4,54.0,0.11,23,0,2.47,4.2,3.67,31.5,57.0,5.0,0,0
Bihar,Muzaffarpur,Katra Bagmati Floodplain Village,0.8,4.1,14.9,26.8,6.1,25.3,1.4,54.0,0.11,23,0,2.45,4.2,3.67,31.3,52.0,13.5,0,0
Bihar,Muzaffarpur,Katra Bagmati Floodplain Village,1.8,5.2,16.4,27.2,7.6,39.8,1.4,54.0,0.11,23,0,2.49,4.2,3.67,25.3,47.5,8.4,0,0
Bihar,Muzaffarpur,Katra Bagmati Floodplain Village,62.0,269.8,607.3,874.9,630.2,97.7,1.4,54.0,0.11,23,0,5.21,4.2,3.67,23.3,93.7,38.5,3,0
Bihar,Muzaffarpur,Katra Bagmati Floodplain Village,0.6,3.4,13.1,19.3,8.2,53.5,1.4,54.0,0.11,23,0,1.52,4.2,3.67,26.9,59.8,14.4,0,0
Bihar,Muzaffarpur,Gaighat Inundation Ward,0.7,4.4,14.3,28.6,8.3,25.2,1.7,55.0,0.18,18,0,0.68,3.69,3.23,25.9,61.2,7.6,0,0
Bihar,Muzaffarpur,Gaighat Inundation Ward,6.4,32.5,97.0,194.8,74.9,75.3,1.7,55.0,0.18,18,0,3.09,3.69,3.23,26.9,80.7,13.0,2,0
Bihar,Muzaffarpur,Gaighat Inundation Ward,0.7,2.4,13.4,31.6,6.5,46.0,1.7,55.0,0.18,18,0,2.12,3.69,3.23,30.4,64.2,10.2,0,0
Bihar,Muzaffarpur,Gaighat Inundation Ward,0.8,2.2,8.6,22.0,3.7,49.9,1.7,55.0,0.18,18,0,1.46,3.69,3.23,31.8,74.8,8.7,0,0
Bihar,Muzaffarpur,Gaighat Inundation Ward,22.6,112.4,265.8,547.9,340.5,89.8,1.7,55.0,0.18,18,0,4.1,3.69,3.23,25.9,89.3,46.4,3,0
Bihar,Muzaffarpur,Gaighat Inundation Ward,19.1,95.0,336.7,593.1,449.1,89.2,1.7,55.0,0.18,18,0,3.96,3.69,3.23,18.9,86.2,37.1,3,0
Bihar,Muzaffarpur,Gaighat Inundation Ward,67.1,281.1,665.1,1046.3,937.4,97.5,1.7,55.0,0.18,18,0,4.68,3.69,3.23,19.1,96.0,46.8,3,0
Bihar,Muzaffarpur,Gaighat Inundation Ward,1.7,7.0,22.5,38.7,12.9,42.4,1.7,55.0,0.18,18,0,1.17,3.69,3.23,26.2,70.3,9.2,0,0
Bihar,Muzaffarpur,Gaighat Inundation Ward,8.9,47.4,178.4,323.9,103.4,68.6,1.7,55.0,0.18,18,0,3.16,3.69,3.23,20.3,85.0,19.1,1,0
Bihar,Muzaffarpur,Gaighat Inundation Ward,8.8,42.0,137.7,248.9,137.0,64.3,1.7,55.0,0.18,18,0,2.91,3.69,3.23,23.7,77.4,23.9,1,0
Bihar,Muzaffarpur,Gaighat Inundation Ward,26.1,129.9,435.9,849.5,493.6,83.9,1.7,55.0,0.18,18,0,3.71,3.69,3.23,24.3,89.5,49.2,3,0
Bihar,Muzaffarpur,Gaighat Inundation Ward,8.8,34.2,106.6,225.2,62.5,71.9,1.7,55.0,0.18,18,0,3.45,3.69,3.23,22.0,79.9,24.6,2,0
Bihar,Muzaffarpur,Gaighat Inundation Ward,37.2,205.7,537.3,841.6,725.5,83.6,1.7,55.0,0.18,18,0,3.89,3.69,3.23,19.0,88.8,38.4,3,0
Bihar,Muzaffarpur,Gaighat Inundation Ward,0.3,2.6,9.0,19.9,2.9,50.9,1.7,55.0,0.18,18,0,2.16,3.69,3.23,24.6,60.9,14.1,0,0
Bihar,Muzaffarpur,Gaighat Inundation Ward,0.6,3.8,9.0,22.3,5.5,42.2,1.7,55.0,0.18,18,0,0.52,3.69,3.23,23.7,55.5,8.4,0,0
Bihar,Muzaffarpur,Gaighat Inundation Ward,1.4,4.8,16.6,39.5,7.4,51.4,1.7,55.0,0.18,18,0,1.42,3.69,3.23,30.6,73.5,11.1,0,0
Bihar,Muzaffarpur,Gaighat Inundation Ward,12.1,50.3,157.4,337.3,94.6,66.0,1.7,55.0,0.18,18,0,2.8,3.69,3.23,23.8,86.7,13.5,1,0
Bihar,Muzaffarpur,Gaighat Inundation Ward,89.9,408.5,1149.4,1888.9,1645.9,94.5,1.7,55.0,0.18,18,0,5.3,3.69,3.23,19.9,98.4,55.8,3,0
Bihar,Muzaffarpur,Gaighat Inundation Ward,7.2,20.1,58.7,100.9,21.7,52.0,1.7,55.0,0.18,18,0,1.41,3.69,3.23,28.7,56.8,8.3,1,0
Bihar,Muzaffarpur,Gaighat Inundation Ward,8.0,38.4,126.9,239.0,69.4,62.7,1.7,55.0,0.18,18,0,3.15,3.69,3.23,22.5,83.9,14.4,1,0
Bihar,Muzaffarpur,Gaighat Inundation Ward,2.6,9.0,22.1,41.6,9.3,56.3,1.7,55.0,0.18,18,0,0.63,3.69,3.23,24.8,59.9,6.5,0,0
Bihar,Muzaffarpur,Gaighat Inundation Ward,16.7,103.1,312.7,560.9,396.5,83.0,1.7,55.0,0.18,18,0,3.95,3.69,3.23,23.4,89.9,31.9,3,0
Bihar,Muzaffarpur,Gaighat Inundation Ward,20.7,109.7,335.6,577.9,457.5,80.6,1.7,55.0,0.18,18,0,3.52,3.69,3.23,25.7,90.6,37.3,3,0
Bihar,Muzaffarpur,Gaighat Inundation Ward,78.5,308.4,792.1,1371.8,1004.7,99.3,1.7,55.0,0.18,18,0,4.68,3.69,3.23,17.1,95.4,45.7,3,0
Bihar,Muzaffarpur,Gaighat Inundation Ward,2.6,22.9,87.1,153.0,49.1,68.9,1.7,55.0,0.18,18,0,3.21,3.69,3.23,26.8,81.3,14.1,1,0
Bihar,Bhagalpur,Naugachia Flood Island Ward,9.9,41.9,121.1,226.1,111.8,77.5,1.9,43.0,0.13,22,0,2.94,3.55,3.04,20.0,78.5,22.4,2,0
Bihar,Bhagalpur,Naugachia Flood Island Ward,0.6,2.4,12.0,27.3,6.6,37.3,1.9,43.0,0.13,22,0,1.07,3.55,3.04,23.2,57.9,7.3,0,0
Bihar,Bhagalpur,Naugachia Flood Island Ward,4.7,25.7,71.9,168.0,76.3,66.8,1.9,43.0,0.13,22,0,3.26,3.55,3.04,28.0,87.5,26.6,1,0
Bihar,Bhagalpur,Naugachia Flood Island Ward,2.8,10.2,25.6,41.0,13.0,43.0,1.9,43.0,0.13,22,0,1.73,3.55,3.04,23.8,64.6,15.5,0,0
Bihar,Bhagalpur,Naugachia Flood Island Ward,90.5,396.8,1085.3,1783.5,1851.0,92.4,1.9,43.0,0.13,22,0,4.57,3.55,3.04,18.4,96.4,48.7,3,0
Bihar,Bhagalpur,Naugachia Flood Island Ward,1.4,5.6,18.8,32.7,8.2,38.4,1.9,43.0,0.13,22,0,1.77,3.55,3.04,25.1,71.8,14.5,0,0
Bihar,Bhagalpur,Naugachia Flood Island Ward,1.5,19.8,83.4,176.3,74.1,72.3,1.9,43.0,0.13,22,0,2.68,3.55,3.04,23.8,86.2,27.4,1,0
Bihar,Bhagalpur,Naugachia Flood Island Ward,4.8,30.9,78.5,179.9,61.8,64.0,1.9,43.0,0.13,22,0,3.28,3.55,3.04,23.2,84.0,27.5,1,0
Bihar,Bhagalpur,Naugachia Flood Island Ward,18.1,87.6,224.1,421.7,281.5,88.0,1.9,43.0,0.13,22,0,3.66,3.55,3.04,24.6,95.7,47.8,3,0
Bihar,Bhagalpur,Naugachia Flood Island Ward,14.5,49.9,173.6,336.5,128.0,76.6,1.9,43.0,0.13,22,0,2.79,3.55,3.04,27.7,79.3,21.1,2,0
Bihar,Bhagalpur,Naugachia Flood Island Ward,37.0,181.5,422.0,714.3,492.3,91.8,1.9,43.0,0.13,22,0,3.66,3.55,3.04,24.4,86.8,39.4,3,0
Bihar,Bhagalpur,Naugachia Flood Island Ward,5.6,38.6,128.6,247.6,117.8,74.6,1.9,43.0,0.13,22,0,3.21,3.55,3.04,20.7,79.6,25.8,2,0
Bihar,Bhagalpur,Naugachia Flood Island Ward,1.1,3.5,15.4,31.4,7.1,25.3,1.9,43.0,0.13,22,0,1.78,3.55,3.04,23.4,61.9,11.3,0,0
Bihar,Bhagalpur,Naugachia Flood Island Ward,30.9,155.3,426.6,770.2,456.9,84.8,1.9,43.0,0.13,22,0,4.27,3.55,3.04,23.6,88.5,41.5,3,0
Bihar,Bhagalpur,Naugachia Flood Island Ward,2.7,8.4,20.4,33.0,11.9,27.0,1.9,43.0,0.13,22,0,1.27,3.55,3.04,31.5,69.3,7.9,0,0
Bihar,Bhagalpur,Naugachia Flood Island Ward,8.2,39.2,115.8,234.9,117.2,73.8,1.9,43.0,0.13,22,0,3.11,3.55,3.04,26.9,85.3,23.0,2,0
Bihar,Bhagalpur,Naugachia Flood Island Ward,1.0,4.4,11.0,27.1,3.7,32.3,1.9,43.0,0.13,22,0,0.54,3.55,3.04,26.8,53.3,7.7,0,0
Bihar,Bhagalpur,Naugachia Flood Island Ward,32.0,142.0,365.2,585.0,396.4,81.5,1.9,43.0,0.13,22,0,4.05,3.55,3.04,22.3,87.1,45.5,3,0
Bihar,Bhagalpur,Naugachia Flood Island Ward,0.7,2.5,5.9,10.3,2.1,28.2,1.9,43.0,0.13,22,0,0.55,3.55,3.04,29.1,56.0,8.9,0,0
Bihar,Bhagalpur,Naugachia Flood Island Ward,27.4,105.0,350.8,727.4,207.4,76.3,1.9,43.0,0.13,22,0,3.23,3.55,3.04,25.4,87.3,18.3,3,0
Bihar,Bhagalpur,Naugachia Flood Island Ward,3.7,9.8,32.5,46.7,20.2,26.2,1.9,43.0,0.13,22,0,1.37,3.55,3.04,27.2,62.6,14.3,0,0
Bihar,Bhagalpur,Naugachia Flood Island Ward,33.3,191.0,488.9,892.4,673.0,91.0,1.9,43.0,0.13,22,0,4.41,3.55,3.04,22.9,94.6,27.8,3,0
Bihar,Bhagalpur,Naugachia Flood Island Ward,8.8,44.5,132.9,296.2,84.8,77.3,1.9,43.0,0.13,22,0,3.08,3.55,3.04,21.1,78.6,15.9,2,0
Bihar,Bhagalpur,Naugachia Flood Island Ward,25.8,133.3,428.7,843.8,572.3,88.0,1.9,43.0,0.13,22,0,3.63,3.55,3.04,19.1,94.6,25.0,3,0
Bihar,Bhagalpur,Naugachia Flood Island Ward,9.2,32.4,92.1,194.7,90.7,72.7,1.9,43.0,0.13,22,0,2.92,3.55,3.04,23.6,86.4,16.9,1,0
Bihar,Bhagalpur,Kahalgaon Ganga Escarpment Ward,6.2,37.0,133.9,223.2,89.8,74.1,9.0,62.0,0.46,12,3,3.25,3.67,3.06,26.8,84.5,21.6,1,0
Bihar,Bhagalpur,Kahalgaon Ganga Escarpment Ward,8.1,39.5,110.5,202.2,114.6,72.5,9.0,62.0,0.46,12,3,2.94,3.67,3.06,21.9,81.8,18.5,1,0
Bihar,Bhagalpur,Kahalgaon Ganga Escarpment Ward,5.8,36.0,107.2,208.3,91.9,77.9,9.0,62.0,0.46,12,3,3.16,3.67,3.06,25.3,80.0,27.9,2,0
Bihar,Bhagalpur,Kahalgaon Ganga Escarpment Ward,28.4,124.2,334.2,696.0,298.8,78.0,9.0,62.0,0.46,12,3,4.19,3.67,3.06,22.4,92.4,48.6,3,0
Bihar,Bhagalpur,Kahalgaon Ganga Escarpment Ward,0.6,1.8,7.0,14.3,4.1,48.5,9.0,62.0,0.46,12,3,0.55,3.67,3.06,27.3,46.5,9.4,0,0
Bihar,Bhagalpur,Kahalgaon Ganga Escarpment Ward,8.3,47.4,162.8,305.2,115.3,66.5,9.0,62.0,0.46,12,3,3.09,3.67,3.06,23.3,86.6,16.2,2,0
Bihar,Bhagalpur,Kahalgaon Ganga Escarpment Ward,5.5,35.8,113.2,221.2,115.6,67.4,9.0,62.0,0.46,12,3,3.04,3.67,3.06,20.8,80.5,17.7,1,0
Bihar,Bhagalpur,Kahalgaon Ganga Escarpment Ward,2.0,7.6,21.6,40.6,7.3,26.6,9.0,62.0,0.46,12,3,1.62,3.67,3.06,26.4,62.7,6.6,0,0
Bihar,Bhagalpur,Kahalgaon Ganga Escarpment Ward,18.4,117.1,340.1,584.7,415.6,84.7,9.0,62.0,0.46,12,3,3.75,3.67,3.06,23.4,86.1,37.4,3,0
Bihar,Bhagalpur,Kahalgaon Ganga Escarpment Ward,9.5,41.1,140.8,258.1,83.4,75.6,9.0,62.0,0.46,12,3,2.73,3.67,3.06,25.3,76.8,18.0,2,0
Bihar,Bhagalpur,Kahalgaon Ganga Escarpment Ward,23.4,92.9,270.5,475.5,333.2,87.3,9.0,62.0,0.46,12,3,4.13,3.67,3.06,22.4,87.3,46.2,3,0
Bihar,Bhagalpur,Kahalgaon Ganga Escarpment Ward,8.8,41.3,127.5,216.3,79.2,74.7,9.0,62.0,0.46,12,3,2.85,3.67,3.06,24.2,85.0,13.0,1,0
Bihar,Bhagalpur,Kahalgaon Ganga Escarpment Ward,0.5,1.6,5.6,19.8,2.8,57.1,9.0,62.0,0.46,12,3,1.0,3.67,3.06,26.4,62.0,15.6,0,0
Bihar,Bhagalpur,Kahalgaon Ganga Escarpment Ward,5.1,32.5,105.4,208.8,59.0,71.7,9.0,62.0,0.46,12,3,2.94,3.67,3.06,21.2,77.0,24.4,1,0
Bihar,Bhagalpur,Kahalgaon Ganga Escarpment Ward,5.5,23.9,72.6,172.9,52.5,73.9,9.0,62.0,0.46,12,3,3.0,3.67,3.06,26.8,87.4,15.0,0,0
Bihar,Bhagalpur,Kahalgaon Ganga Escarpment Ward,3.1,8.6,18.0,40.2,6.6,53.4,9.0,62.0,0.46,12,3,2.08,3.67,3.06,22.1,47.1,9.4,0,0
Bihar,Bhagalpur,Kahalgaon Ganga Escarpment Ward,3.0,7.7,19.9,36.3,12.1,41.0,9.0,62.0,0.46,12,3,1.6,3.67,3.06,27.8,56.4,7.1,0,0
Bihar,Bhagalpur,Kahalgaon Ganga Escarpment Ward,0.7,2.6,9.9,25.5,4.2,30.1,9.0,62.0,0.46,12,3,0.76,3.67,3.06,30.0,52.8,11.1,0,0
Bihar,Bhagalpur,Kahalgaon Ganga Escarpment Ward,0.3,1.9,6.8,15.0,2.9,26.4,9.0,62.0,0.46,12,3,2.19,3.67,3.06,30.4,71.1,15.0,0,0
Bihar,Bhagalpur,Kahalgaon Ganga Escarpment Ward,7.5,16.9,47.6,91.7,25.8,33.2,9.0,62.0,0.46,12,3,1.53,3.67,3.06,22.1,47.6,7.9,0,0
Bihar,Bhagalpur,Kahalgaon Ganga Escarpment Ward,83.8,407.7,1073.6,1802.5,1602.4,97.0,9.0,62.0,0.46,12,3,5.8,3.67,3.06,19.0,96.6,59.0,3,0
Bihar,Bhagalpur,Kahalgaon Ganga Escarpment Ward,33.2,154.9,457.2,889.1,387.3,79.3,9.0,62.0,0.46,12,3,4.32,3.67,3.06,22.1,86.2,46.4,3,0
Bihar,Bhagalpur,Kahalgaon Ganga Escarpment Ward,30.8,151.3,372.9,685.4,440.7,84.2,9.0,62.0,0.46,12,3,4.13,3.67,3.06,18.0,88.4,26.0,3,0
Bihar,Bhagalpur,Kahalgaon Ganga Escarpment Ward,2.0,5.8,21.5,42.2,9.0,52.0,9.0,62.0,0.46,12,3,1.32,3.67,3.06,24.1,45.7,6.2,0,0
Bihar,Bhagalpur,Kahalgaon Ganga Escarpment Ward,23.8,135.3,395.2,623.6,547.8,86.4,9.0,62.0,0.46,12,3,4.36,3.67,3.06,21.6,87.9,30.6,3,0
Bihar,Bhagalpur,Sultanganj Ghat Settlement,0.3,2.5,11.0,23.7,4.4,28.5,2.8,50.0,0.22,16,0,0.95,3.96,3.28,29.5,75.0,8.2,0,0
Bihar,Bhagalpur,Sultanganj Ghat Settlement,0.8,4.9,15.8,22.4,9.5,39.9,2.8,50.0,0.22,16,0,0.96,3.96,3.28,22.7,64.4,5.5,0,0
Bihar,Bhagalpur,Sultanganj Ghat Settlement,11.8,56.7,175.8,287.3,130.7,67.3,2.8,50.0,0.22,16,0,3.18,3.96,3.28,20.8,79.2,18.3,1,0
Bihar,Bhagalpur,Sultanganj Ghat Settlement,6.2,13.5,37.9,62.8,24.7,37.5,2.8,50.0,0.22,16,0,1.75,3.96,3.28,27.8,60.6,8.0,0,0
Bihar,Bhagalpur,Sultanganj Ghat Settlement,5.5,10.4,28.7,48.7,19.2,40.0,2.8,50.0,0.22,16,0,1.42,3.96,3.28,29.5,58.3,15.4,0,0
Bihar,Bhagalpur,Sultanganj Ghat Settlement,20.5,113.5,293.4,530.5,241.2,85.4,2.8,50.0,0.22,16,0,3.89,3.96,3.28,25.1,89.9,39.3,3,0
Bihar,Bhagalpur,Sultanganj Ghat Settlement,35.8,192.6,437.7,705.3,598.3,89.3,2.8,50.0,0.22,16,0,4.16,3.96,3.28,22.7,89.9,30.7,3,0
Bihar,Bhagalpur,Sultanganj Ghat Settlement,2.0,6.1,17.7,32.6,12.0,32.6,2.8,50.0,0.22,16,0,2.43,3.96,3.28,26.8,65.4,14.0,0,0
Bihar,Bhagalpur,Sultanganj Ghat Settlement,24.0,151.1,445.4,828.9,404.5,86.8,2.8,50.0,0.22,16,0,4.93,3.96,3.28,19.7,89.2,27.8,3,0
Bihar,Bhagalpur,Sultanganj Ghat Settlement,26.9,144.2,457.7,803.2,483.6,90.8,2.8,50.0,0.22,16,0,4.09,3.96,3.28,22.0,93.0,48.2,3,0
Bihar,Bhagalpur,Sultanganj Ghat Settlement,1.4,5.5,16.0,37.4,6.4,45.5,2.8,50.0,0.22,16,0,2.2,3.96,3.28,28.6,56.6,10.0,0,0
Bihar,Bhagalpur,Sultanganj Ghat Settlement,0.5,4.3,14.1,21.0,8.5,55.3,2.8,50.0,0.22,16,0,1.27,3.96,3.28,31.4,57.9,9.0,0,0
Bihar,Bhagalpur,Sultanganj Ghat Settlement,7.0,35.3,129.8,238.5,74.4,64.2,2.8,50.0,0.22,16,0,2.81,3.96,3.28,25.6,82.6,21.8,1,0
Bihar,Bhagalpur,Sultanganj Ghat Settlement,61.7,253.7,585.0,1000.2,632.6,92.8,2.8,50.0,0.22,16,0,6.49,3.96,3.28,21.2,94.5,35.2,3,0
Bihar,Bhagalpur,Sultanganj Ghat Settlement,30.0,137.6,395.9,626.7,410.6,91.4,2.8,50.0,0.22,16,0,4.45,3.96,3.28,19.2,88.5,40.1,3,0
Bihar,Bhagalpur,Sultanganj Ghat Settlement,16.4,94.7,254.8,402.2,350.4,89.5,2.8,50.0,0.22,16,0,4.55,3.96,3.28,24.0,85.9,33.2,3,0
Bihar,Bhagalpur,Sultanganj Ghat Settlement,0.5,2.7,7.4,18.3,4.1,42.0,2.8,50.0,0.22,16,0,0.77,3.96,3.28,22.9,51.9,5.5,0,0
Bihar,Bhagalpur,Sultanganj Ghat Settlement,27.8,138.6,442.8,753.1,367.9,87.5,2.8,50.0,0.22,16,0,4.89,3.96,3.28,25.3,94.0,46.3,3,0
Bihar,Bhagalpur,Sultanganj Ghat Settlement,5.1,31.6,86.3,162.5,78.2,77.1,2.8,50.0,0.22,16,0,3.24,3.96,3.28,25.0,83.2,18.6,1,0
Bihar,Bhagalpur,Sultanganj Ghat Settlement,61.2,263.1,663.3,994.3,953.5,98.3,2.8,50.0,0.22,16,0,4.79,3.96,3.28,17.7,92.6,64.1,3,0
Bihar,Bhagalpur,Sultanganj Ghat Settlement,2.8,7.4,18.8,35.8,5.9,31.3,2.8,50.0,0.22,16,0,1.01,3.96,3.28,23.2,63.8,11.7,0,0
Bihar,Bhagalpur,Sultanganj Ghat Settlement,5.8,33.3,107.3,240.7,54.6,65.9,2.8,50.0,0.22,16,0,3.01,3.96,3.28,24.6,75.9,21.1,1,0
Bihar,Bhagalpur,Sultanganj Ghat Settlement,1.0,3.0,12.0,27.3,5.5,40.0,2.8,50.0,0.22,16,0,0.7,3.96,3.28,25.8,63.1,10.1,0,0
Bihar,Bhagalpur,Sultanganj Ghat Settlement,1.3,5.4,15.6,23.6,8.5,50.1,2.8,50.0,0.22,16,0,1.01,3.96,3.28,28.8,53.4,15.6,0,0
Bihar,Bhagalpur,Sultanganj Ghat Settlement,33.7,161.5,446.1,887.5,376.8,89.0,2.8,50.0,0.22,16,0,4.03,3.96,3.28,18.4,87.8,40.1,3,0
Bihar,Saharsa,Nauhatta Kosi Embankment Ward 4,24.1,74.7,239.2,471.9,230.2,76.6,1.2,47.0,0.09,25,0,2.98,3.38,2.88,21.3,81.3,19.7,3,0
Bihar,Saharsa,Nauhatta Kosi Embankment Ward 4,3.1,20.1,60.6,142.4,44.5,65.8,1.2,47.0,0.09,25,0,2.58,3.38,2.88,23.3,86.5,27.5,1,0
Bihar,Saharsa,Nauhatta Kosi Embankment Ward 4,1.8,3.7,10.2,16.1,5.6,36.4,1.2,47.0,0.09,25,0,1.53,3.38,2.88,27.7,59.7,13.5,0,0
Bihar,Saharsa,Nauhatta Kosi Embankment Ward 4,39.3,193.2,597.2,1109.9,601.8,85.9,1.2,47.0,0.09,25,0,3.86,3.38,2.88,19.2,92.9,31.7,3,0
Bihar,Saharsa,Nauhatta Kosi Embankment Ward 4,5.1,11.6,40.0,63.3,20.4,29.9,1.2,47.0,0.09,25,0,1.09,3.38,2.88,31.6,58.9,9.7,1,0
Bihar,Saharsa,Nauhatta Kosi Embankment Ward 4,1.3,4.6,12.9,26.1,6.7,36.9,1.2,47.0,0.09,25,0,2.09,3.38,2.88,22.3,73.4,12.7,0,0
Bihar,Saharsa,Nauhatta Kosi Embankment Ward 4,13.0,46.3,145.8,294.0,146.3,64.7,1.2,47.0,0.09,25,0,2.53,3.38,2.88,27.1,83.9,20.3,1,0
Bihar,Saharsa,Nauhatta Kosi Embankment Ward 4,0.3,1.9,12.6,24.1,5.5,31.1,1.2,47.0,0.09,25,0,1.28,3.38,2.88,22.1,63.5,14.3,0,0
Bihar,Saharsa,Nauhatta Kosi Embankment Ward 4,5.9,28.7,102.4,214.3,88.9,68.9,1.2,47.0,0.09,25,0,3.13,3.38,2.88,25.0,79.2,14.5,2,0
Bihar,Saharsa,Nauhatta Kosi Embankment Ward 4,23.2,120.2,306.8,596.5,266.6,82.3,1.2,47.0,0.09,25,0,3.76,3.38,2.88,20.0,86.4,35.7,3,0
Bihar,Saharsa,Nauhatta Kosi Embankment Ward 4,0.6,1.6,11.5,18.1,3.6,49.6,1.2,47.0,0.09,25,0,1.38,3.38,2.88,22.0,72.1,12.4,0,0
Bihar,Saharsa,Nauhatta Kosi Embankment Ward 4,6.4,38.8,110.9,248.3,120.7,74.3,1.2,47.0,0.09,25,0,2.56,3.38,2.88,27.7,75.4,21.7,1,0
Bihar,Saharsa,Nauhatta Kosi Embankment Ward 4,32.7,139.4,440.5,751.0,544.5,82.3,1.2,47.0,0.09,25,0,3.46,3.38,2.88,24.9,87.8,32.0,3,0
Bihar,Saharsa,Nauhatta Kosi Embankment Ward 4,1.3,5.0,13.3,20.7,6.9,34.6,1.2,47.0,0.09,25,0,1.72,3.38,2.88,27.5,48.0,13.0,0,0
Bihar,Saharsa,Nauhatta Kosi Embankment Ward 4,1.5,3.9,17.3,24.0,6.1,28.2,1.2,47.0,0.09,25,0,1.1,3.38,2.88,25.2,45.5,11.7,0,0
Bihar,Saharsa,Nauhatta Kosi Embankment Ward 4,30.4,171.1,512.8,808.2,628.2,83.2,1.2,47.0,0.09,25,0,3.92,3.38,2.88,23.6,86.5,44.8,3,0
Bihar,Saharsa,Nauhatta Kosi Embankment Ward 4,10.8,40.8,143.1,296.9,91.7,76.7,1.2,47.0,0.09,25,0,3.01,3.38,2.88,27.6,86.1,16.9,3,0
Bihar,Saharsa,Nauhatta Kosi Embankment Ward 4,51.2,257.6,573.7,972.5,993.5,97.4,1.2,47.0,0.09,25,0,5.3,3.38,2.88,18.6,96.8,68.4,3,0
Bihar,Saharsa,Nauhatta Kosi Embankment Ward 4,1.1,17.4,54.3,114.8,44.5,62.3,1.2,47.0,0.09,25,0,2.63,3.38,2.88,22.0,87.5,24.8,1,0
Bihar,Saharsa,Nauhatta Kosi Embankment Ward 4,4.5,24.7,96.3,219.0,94.3,75.6,1.2,47.0,0.09,25,0,2.68,3.38,2.88,27.2,77.3,27.9,2,0
Bihar,Saharsa,Nauhatta Kosi Embankment Ward 4,1.7,6.0,17.3,34.8,6.4,35.8,1.2,47.0,0.09,25,0,1.82,3.38,2.88,27.6,58.3,9.9,0,0
Bihar,Saharsa,Nauhatta Kosi Embankment Ward 4,1.6,15.2,73.5,191.5,46.6,73.3,1.2,47.0,0.09,25,0,3.03,3.38,2.88,23.7,87.6,19.1,1,0
Bihar,Saharsa,Nauhatta Kosi Embankment Ward 4,2.4,8.6,19.3,40.2,12.3,56.9,1.2,47.0,0.09,25,0,1.45,3.38,2.88,31.1,46.2,13.3,0,0
Bihar,Saharsa,Nauhatta Kosi Embankment Ward 4,31.5,169.4,490.5,907.3,503.0,78.1,1.2,47.0,0.09,25,0,3.73,3.38,2.88,20.2,89.8,43.7,3,0
Bihar,Saharsa,Nauhatta Kosi Embankment Ward 4,0.7,3.4,12.8,25.0,8.6,34.3,1.2,47.0,0.09,25,0,2.0,3.38,2.88,29.4,67.4,13.0,0,0
Bihar,Saharsa,Mahishi Lowland Chaur Village,5.9,39.0,101.0,229.5,74.4,62.8,0.9,44.0,0.08,24,0,3.11,3.47,2.84,26.8,77.7,22.8,2,0
Bihar,Saharsa,Mahishi Lowland Chaur Village,37.0,193.2,437.3,825.6,575.7,85.2,0.9,44.0,0.08,24,0,3.83,3.47,2.84,18.8,93.5,31.5,3,0
Bihar,Saharsa,Mahishi Lowland Chaur Village,2.9,8.4,22.9,40.1,6.9,32.8,0.9,44.0,0.08,24,0,1.46,3.47,2.84,28.2,74.4,14.3,0,0
Bihar,Saharsa,Mahishi Lowland Chaur Village,76.6,299.5,756.9,1277.5,944.4,91.0,0.9,44.0,0.08,24,0,5.67,3.47,2.84,19.6,96.1,68.1,3,0
Bihar,Saharsa,Mahishi Lowland Chaur Village,18.4,119.7,305.0,623.5,425.8,79.5,0.9,44.0,0.08,24,0,3.7,3.47,2.84,25.5,93.1,31.2,3,0
Bihar,Saharsa,Mahishi Lowland Chaur Village,13.3,61.7,190.2,380.6,159.9,62.9,0.9,44.0,0.08,24,0,3.13,3.47,2.84,25.6,82.4,18.9,2,0
Bihar,Saharsa,Mahishi Lowland Chaur Village,9.7,41.9,123.4,238.8,120.7,63.2,0.9,44.0,0.08,24,0,2.83,3.47,2.84,22.5,85.7,27.9,1,0
Bihar,Saharsa,Mahishi Lowland Chaur Village,3.0,27.3,96.4,200.1,87.9,69.5,0.9,44.0,0.08,24,0,3.26,3.47,2.84,20.8,87.0,22.2,2,0
Bihar,Saharsa,Mahishi Lowland Chaur Village,2.3,7.9,18.3,31.6,6.6,31.5,0.9,44.0,0.08,24,0,1.66,3.47,2.84,25.2,45.4,14.9,0,0
Bihar,Saharsa,Mahishi Lowland Chaur Village,9.8,44.5,161.6,343.7,102.5,74.2,0.9,44.0,0.08,24,0,3.26,3.47,2.84,27.4,83.9,18.3,2,0
Bihar,Saharsa,Mahishi Lowland Chaur Village,2.1,5.9,17.2,29.6,6.2,44.6,0.9,44.0,0.08,24,0,0.59,3.47,2.84,23.4,48.8,7.9,0,0
Bihar,Saharsa,Mahishi Lowland Chaur Village,14.6,58.8,156.5,275.8,112.8,73.1,0.9,44.0,0.08,24,0,3.28,3.47,2.84,20.3,87.8,12.6,2,0
Bihar,Saharsa,Mahishi Lowland Chaur Village,7.0,31.2,99.2,239.5,83.1,74.8,0.9,44.0,0.08,24,0,3.12,3.47,2.84,20.9,77.1,20.8,2,0
Bihar,Saharsa,Mahishi Lowland Chaur Village,4.1,10.9,30.4,58.5,19.4,35.7,0.9,44.0,0.08,24,0,1.21,3.47,2.84,26.1,72.2,6.9,0,0
Bihar,Saharsa,Mahishi Lowland Chaur Village,4.1,14.1,39.7,61.8,18.6,47.9,0.9,44.0,0.08,24,0,0.9,3.47,2.84,22.0,52.7,9.1,0,0
Bihar,Saharsa,Mahishi Lowland Chaur Village,23.5,107.3,313.7,565.0,342.7,85.5,0.9,44.0,0.08,24,0,4.13,3.47,2.84,20.5,93.7,30.8,3,0
Bihar,Saharsa,Mahishi Lowland Chaur Village,2.5,8.7,25.5,44.7,8.0,42.1,0.9,44.0,0.08,24,0,1.63,3.47,2.84,30.2,57.0,9.1,0,0
Bihar,Saharsa,Mahishi Lowland Chaur Village,8.0,39.3,156.7,301.9,142.8,64.4,0.9,44.0,0.08,24,0,2.91,3.47,2.84,23.0,79.4,12.4,2,0
Bihar,Saharsa,Mahishi Lowland Chaur Village,2.1,5.8,21.5,35.4,14.7,47.4,0.9,44.0,0.08,24,0,0.78,3.47,2.84,22.6,62.5,7.3,0,0
Bihar,Saharsa,Mahishi Lowland Chaur Village,5.0,10.5,25.2,36.0,8.3,46.4,0.9,44.0,0.08,24,0,1.62,3.47,2.84,29.5,69.5,11.5,0,0
Bihar,Saharsa,Mahishi Lowland Chaur Village,12.1,60.9,166.7,352.0,94.6,75.6,0.9,44.0,0.08,24,0,2.61,3.47,2.84,23.8,77.1,26.7,2,0
Bihar,Saharsa,Mahishi Lowland Chaur Village,0.4,2.4,10.5,21.5,4.3,40.0,0.9,44.0,0.08,24,0,0.59,3.47,2.84,24.9,61.8,10.4,0,0
Bihar,Saharsa,Mahishi Lowland Chaur Village,8.4,48.1,181.3,290.4,107.9,72.6,0.9,44.0,0.08,24,0,3.15,3.47,2.84,26.0,75.3,13.3,2,0
Bihar,Saharsa,Mahishi Lowland Chaur Village,64.3,279.0,638.6,1013.6,804.1,97.0,0.9,44.0,0.08,24,0,4.59,3.47,2.84,19.3,97.9,51.7,3,0
Bihar,Saharsa,Mahishi Lowland Chaur Village,3.8,21.9,85.9,169.0,90.2,78.0,0.9,44.0,0.08,24,0,2.57,3.47,2.84,23.7,80.9,19.5,2,0
Bihar,Saharsa,Simri Bakhtiarpur Floodplain,55.8,277.0,726.6,1101.8,1177.3,90.5,1.5,46.0,0.14,21,0,4.09,2.93,2.38,17.1,96.3,55.0,3,0
Bihar,Saharsa,Simri Bakhtiarpur Floodplain,4.3,30.1,91.2,199.6,89.2,64.3,1.5,46.0,0.14,21,0,2.33,2.93,2.38,25.8,84.2,24.1,1,0
Bihar,Saharsa,Simri Bakhtiarpur Floodplain,1.0,2.3,8.5,23.2,2.7,37.8,1.5,46.0,0.14,21,0,1.42,2.93,2.38,27.4,45.3,7.2,0,0
Bihar,Saharsa,Simri Bakhtiarpur Floodplain,2.4,21.5,75.3,190.7,66.4,64.3,1.5,46.0,0.14,21,0,2.47,2.93,2.38,21.5,76.6,14.8,1,0
Bihar,Saharsa,Simri Bakhtiarpur Floodplain,21.6,114.9,395.0,677.1,503.7,79.2,1.5,46.0,0.14,21,0,3.31,2.93,2.38,25.8,91.1,31.5,3,0
Bihar,Saharsa,Simri Bakhtiarpur Floodplain,0.5,4.0,7.7,19.2,3.5,53.8,1.5,46.0,0.14,21,0,0.63,2.93,2.38,23.7,59.4,12.1,0,0
Bihar,Saharsa,Simri Bakhtiarpur Floodplain,16.4,95.4,257.4,487.5,274.3,83.3,1.5,46.0,0.14,21,0,3.4,2.93,2.38,23.2,88.2,27.1,3,0
Bihar,Saharsa,Simri Bakhtiarpur Floodplain,4.4,13.3,40.8,59.8,13.1,28.5,1.5,46.0,0.14,21,0,1.21,2.93,2.38,25.6,66.8,5.1,1,0
Bihar,Saharsa,Simri Bakhtiarpur Floodplain,0.7,2.4,10.9,21.5,6.2,30.8,1.5,46.0,0.14,21,0,0.61,2.93,2.38,31.9,50.2,14.9,0,0
Bihar,Saharsa,Simri Bakhtiarpur Floodplain,10.8,57.6,175.9,358.8,178.7,67.3,1.5,46.0,0.14,21,0,2.2,2.93,2.38,24.8,79.2,25.9,1,0
Bihar,Saharsa,Simri Bakhtiarpur Floodplain,81.7,333.4,754.3,1259.0,1202.0,96.4,1.5,46.0,0.14,21,0,3.73,2.93,2.38,18.3,94.8,39.5,3,0
Bihar,Saharsa,Simri Bakhtiarpur Floodplain,20.3,115.4,381.8,628.0,348.4,84.4,1.5,46.0,0.14,21,0,3.47,2.93,2.38,22.9,87.5,36.1,3,0
Bihar,Saharsa,Simri Bakhtiarpur Floodplain,7.4,42.3,152.5,292.8,144.3,76.4,1.5,46.0,0.14,21,0,2.61,2.93,2.38,20.0,81.9,17.5,3,0
Bihar,Saharsa,Simri Bakhtiarpur Floodplain,35.2,165.9,367.7,636.3,408.0,79.1,1.5,46.0,0.14,21,0,3.02,2.93,2.38,22.9,90.7,30.3,3,0
Bihar,Saharsa,Simri Bakhtiarpur Floodplain,23.4,113.5,270.4,465.9,308.0,86.1,1.5,46.0,0.14,21,0,3.17,2.93,2.38,19.5,89.1,31.1,3,0
Bihar,Saharsa,Simri Bakhtiarpur Floodplain,2.2,6.9,14.0,23.6,8.1,37.3,1.5,46.0,0.14,21,0,1.39,2.93,2.38,22.7,61.0,9.5,0,0
Bihar,Saharsa,Simri Bakhtiarpur Floodplain,9.4,44.3,162.9,278.9,105.2,75.2,1.5,46.0,0.14,21,0,2.34,2.93,2.38,24.0,77.7,25.1,2,0
Bihar,Saharsa,Simri Bakhtiarpur Floodplain,3.5,26.9,108.2,196.0,111.5,64.4,1.5,46.0,0.14,21,0,2.68,2.93,2.38,22.1,79.5,27.5,2,0
Bihar,Saharsa,Simri Bakhtiarpur Floodplain,10.8,50.2,172.6,372.8,139.8,76.1,1.5,46.0,0.14,21,0,2.39,2.93,2.38,26.3,86.2,23.5,3,0
Bihar,Saharsa,Simri Bakhtiarpur Floodplain,0.3,2.8,13.6,26.7,5.6,35.1,1.5,46.0,0.14,21,0,0.51,2.93,2.38,23.7,52.4,10.0,0,0
Bihar,Saharsa,Simri Bakhtiarpur Floodplain,0.7,4.6,19.3,34.4,9.1,40.1,1.5,46.0,0.14,21,0,1.14,2.93,2.38,27.4,69.3,8.8,0,0
Bihar,Saharsa,Simri Bakhtiarpur Floodplain,2.3,7.0,23.3,44.5,11.8,45.4,1.5,46.0,0.14,21,0,1.26,2.93,2.38,27.4,58.8,10.2,0,0
Bihar,Saharsa,Simri Bakhtiarpur Floodplain,0.5,1.9,6.6,11.6,2.3,45.1,1.5,46.0,0.14,21,0,1.78,2.93,2.38,29.2,62.4,12.6,0,0
Bihar,Saharsa,Simri Bakhtiarpur Floodplain,0.1,3.1,15.4,30.3,6.7,57.7,1.5,46.0,0.14,21,0,1.77,2.93,2.38,27.8,52.5,14.9,0,0
Bihar,Saharsa,Simri Bakhtiarpur Floodplain,8.2,30.4,105.5,198.2,91.0,68.8,1.5,46.0,0.14,21,0,2.62,2.93,2.38,22.8,76.5,26.2,2,0
Bihar,Supaul,Basantpur Kosi Breach Sector Ward,18.4,103.7,324.4,662.4,387.4,82.7,1.8,58.0,0.08,26,0,4.28,4.17,3.65,18.2,88.5,30.8,3,0
Bihar,Supaul,Basantpur Kosi Breach Sector Ward,0.2,0.8,4.3,8.3,2.0,47.3,1.8,58.0,0.08,26,0,2.31,4.17,3.65,31.1,66.5,15.0,0,0
Bihar,Supaul,Basantpur Kosi Breach Sector Ward,2.5,7.7,19.7,38.4,12.7,51.4,1.8,58.0,0.08,26,0,0.74,4.17,3.65,28.3,51.3,12.7,0,0
Bihar,Supaul,Basantpur Kosi Breach Sector Ward,5.5,34.3,118.9,204.7,65.0,73.2,1.8,58.0,0.08,26,0,3.36,4.17,3.65,25.0,81.6,20.2,1,0
Bihar,Supaul,Basantpur Kosi Breach Sector Ward,1.9,5.2,14.3,26.9,9.2,47.5,1.8,58.0,0.08,26,0,0.89,4.17,3.65,23.4,73.1,15.1,0,0
Bihar,Supaul,Basantpur Kosi Breach Sector Ward,8.0,38.8,113.0,255.1,82.9,76.8,1.8,58.0,0.08,26,0,3.62,4.17,3.65,26.1,77.3,20.0,2,0
Bihar,Supaul,Basantpur Kosi Breach Sector Ward,2.6,8.4,24.6,36.5,8.2,32.3,1.8,58.0,0.08,26,0,2.01,4.17,3.65,30.1,61.2,14.5,0,0
Bihar,Supaul,Basantpur Kosi Breach Sector Ward,9.5,50.6,141.3,305.8,107.3,68.1,1.8,58.0,0.08,26,0,3.48,4.17,3.65,22.3,85.2,26.9,1,0
Bihar,Supaul,Basantpur Kosi Breach Sector Ward,28.6,135.3,418.6,651.8,451.1,83.3,1.8,58.0,0.08,26,0,4.0,4.17,3.65,19.9,85.1,49.8,3,0
Bihar,Supaul,Basantpur Kosi Breach Sector Ward,3.3,27.3,85.5,193.0,76.9,65.6,1.8,58.0,0.08,26,0,3.29,4.17,3.65,25.1,79.5,25.9,1,0
Bihar,Supaul,Basantpur Kosi Breach Sector Ward,38.9,192.5,476.5,764.4,626.7,89.9,1.8,58.0,0.08,26,0,4.53,4.17,3.65,23.2,93.4,26.4,3,0
Bihar,Supaul,Basantpur Kosi Breach Sector Ward,1.1,3.5,10.1,25.6,3.9,46.0,1.8,58.0,0.08,26,0,2.35,4.17,3.65,23.7,55.3,15.2,0,0
Bihar,Supaul,Basantpur Kosi Breach Sector Ward,8.1,42.4,113.2,259.6,79.1,67.4,1.8,58.0,0.08,26,0,3.88,4.17,3.65,24.2,84.4,23.2,2,0
Bihar,Supaul,Basantpur Kosi Breach Sector Ward,4.2,11.8,35.7,48.1,16.6,57.0,1.8,58.0,0.08,26,0,1.7,4.17,3.65,31.5,55.8,11.4,0,0
Bihar,Supaul,Basantpur Kosi Breach Sector Ward,9.5,48.1,153.1,294.9,156.8,68.1,1.8,58.0,0.08,26,0,3.11,4.17,3.65,27.7,78.6,22.7,1,0
Bihar,Supaul,Basantpur Kosi Breach Sector Ward,33.7,162.7,403.6,714.8,489.9,82.0,1.8,58.0,0.08,26,0,4.71,4.17,3.65,20.8,90.1,42.2,3,0
Bihar,Supaul,Basantpur Kosi Breach Sector Ward,3.9,11.4,27.8,42.9,17.7,47.4,1.8,58.0,0.08,26,0,1.12,4.17,3.65,23.6,53.2,10.4,0,0
Bihar,Supaul,Basantpur Kosi Breach Sector Ward,2.0,5.9,12.0,22.2,8.2,44.0,1.8,58.0,0.08,26,0,0.56,4.17,3.65,23.2,66.6,10.6,0,0
Bihar,Supaul,Basantpur Kosi Breach Sector Ward,3.3,9.4,21.9,35.0,14.4,43.1,1.8,58.0,0.08,26,0,2.73,4.17,3.65,22.4,65.2,15.4,0,0
Bihar,Supaul,Basantpur Kosi Breach Sector Ward,1.7,4.9,14.5,22.0,8.0,39.8,1.8,58.0,0.08,26,0,0.87,4.17,3.65,29.7,47.1,8.5,0,0
Bihar,Supaul,Basantpur Kosi Breach Sector Ward,3.2,10.1,27.5,52.7,12.1,41.3,1.8,58.0,0.08,26,0,1.77,4.17,3.65,28.1,56.1,9.0,0,0
Bihar,Supaul,Basantpur Kosi Breach Sector Ward,23.1,132.4,359.9,668.1,352.8,83.1,1.8,58.0,0.08,26,0,5.08,4.17,3.65,24.7,94.9,39.0,3,0
Bihar,Supaul,Basantpur Kosi Breach Sector Ward,5.3,35.6,108.9,239.6,115.4,77.1,1.8,58.0,0.08,26,0,3.87,4.17,3.65,26.2,83.4,20.0,2,0
Bihar,Supaul,Basantpur Kosi Breach Sector Ward,16.9,93.4,247.7,422.9,333.1,84.9,1.8,58.0,0.08,26,0,4.85,4.17,3.65,20.6,85.7,30.1,3,0
Bihar,Supaul,Basantpur Kosi Breach Sector Ward,31.6,148.6,416.8,674.8,527.2,80.0,1.8,58.0,0.08,26,0,5.15,4.17,3.65,19.5,93.0,42.1,3,0
Bihar,Supaul,Nirmali River Basin Village,4.6,12.2,35.0,60.1,13.3,50.5,2.0,61.0,0.1,24,0,0.78,2.91,2.29,28.4,68.8,5.2,0,0
Bihar,Supaul,Nirmali River Basin Village,2.2,6.6,24.5,44.6,9.0,40.8,2.0,61.0,0.1,24,0,0.89,2.91,2.29,27.7,66.2,8.1,0,0
Bihar,Supaul,Nirmali River Basin Village,30.2,126.0,397.2,625.1,319.7,85.8,2.0,61.0,0.1,24,0,3.28,2.91,2.29,25.6,93.6,30.1,3,0
Bihar,Supaul,Nirmali River Basin Village,0.3,3.8,11.9,18.3,4.6,50.3,2.0,61.0,0.1,24,0,1.26,2.91,2.29,28.9,71.8,9.7,0,0
Bihar,Supaul,Nirmali River Basin Village,8.3,33.5,117.3,198.1,70.3,63.4,2.0,61.0,0.1,24,0,2.52,2.91,2.29,21.6,76.1,15.6,2,0
Bihar,Supaul,Nirmali River Basin Village,2.4,6.9,17.6,31.8,9.1,42.4,2.0,61.0,0.1,24,0,0.59,2.91,2.29,25.8,57.4,13.9,0,0
Bihar,Supaul,Nirmali River Basin Village,2.9,7.3,25.0,34.5,14.2,31.3,2.0,61.0,0.1,24,0,0.98,2.91,2.29,27.6,69.5,7.3,0,0
Bihar,Supaul,Nirmali River Basin Village,18.2,65.2,226.9,434.0,246.0,73.4,2.0,61.0,0.1,24,0,2.52,2.91,2.29,20.6,81.3,12.2,2,0
Bihar,Supaul,Nirmali River Basin Village,4.8,34.0,89.1,195.9,60.1,67.1,2.0,61.0,0.1,24,0,2.66,2.91,2.29,20.9,84.4,24.5,2,0
Bihar,Supaul,Nirmali River Basin Village,5.8,17.4,50.0,74.5,24.9,33.5,2.0,61.0,0.1,24,0,1.13,2.91,2.29,29.7,55.3,14.1,1,0
Bihar,Supaul,Nirmali River Basin Village,6.7,35.3,118.0,228.4,117.4,74.1,2.0,61.0,0.1,24,0,2.12,2.91,2.29,23.2,85.9,22.6,1,0
Bihar,Supaul,Nirmali River Basin Village,68.7,272.3,786.8,1311.5,1346.3,97.2,2.0,61.0,0.1,24,0,4.77,2.91,2.29,23.8,98.7,65.4,3,0
Bihar,Supaul,Nirmali River Basin Village,4.1,28.3,81.6,162.2,69.9,66.5,2.0,61.0,0.1,24,0,2.69,2.91,2.29,26.9,87.6,18.4,2,0
Bihar,Supaul,Nirmali River Basin Village,4.9,27.9,100.8,194.7,56.9,72.9,2.0,61.0,0.1,24,0,2.37,2.91,2.29,20.1,75.3,19.9,2,0
Bihar,Supaul,Nirmali River Basin Village,56.5,226.4,518.2,769.0,830.2,93.2,2.0,61.0,0.1,24,0,4.19,2.91,2.29,19.9,94.0,62.8,3,0
Bihar,Supaul,Nirmali River Basin Village,9.2,44.8,144.5,274.7,145.1,69.9,2.0,61.0,0.1,24,0,2.06,2.91,2.29,26.8,79.2,20.7,1,0
Bihar,Supaul,Nirmali River Basin Village,3.7,26.6,84.5,181.1,53.0,74.3,2.0,61.0,0.1,24,0,2.68,2.91,2.29,27.6,85.2,27.4,2,0
Bihar,Supaul,Nirmali River Basin Village,69.5,288.5,700.8,1239.6,975.0,93.8,2.0,61.0,0.1,24,0,4.23,2.91,2.29,21.1,93.0,44.6,3,0
Bihar,Supaul,Nirmali River Basin Village,1.0,2.8,8.7,16.9,5.4,42.1,2.0,61.0,0.1,24,0,1.4,2.91,2.29,31.4,53.0,9.3,0,0
Bihar,Supaul,Nirmali River Basin Village,8.2,30.0,92.4,177.7,70.7,68.4,2.0,61.0,0.1,24,0,2.05,2.91,2.29,22.9,78.9,20.2,1,0
Bihar,Supaul,Nirmali River Basin Village,4.5,13.1,28.1,51.2,16.4,48.2,2.0,61.0,0.1,24,0,1.59,2.91,2.29,22.7,61.2,6.3,0,0
Bihar,Supaul,Nirmali River Basin Village,2.8,10.7,29.3,47.3,17.6,25.7,2.0,61.0,0.1,24,0,0.91,2.91,2.29,25.4,63.9,9.2,0,0
Bihar,Supaul,Nirmali River Basin Village,1.5,5.4,14.4,24.9,9.2,50.7,2.0,61.0,0.1,24,0,1.53,2.91,2.29,24.3,58.6,15.9,0,0
Bihar,Supaul,Nirmali River Basin Village,20.0,127.7,369.7,774.8,374.3,83.7,2.0,61.0,0.1,24,0,3.13,2.91,2.29,18.1,95.9,46.3,3,0
Bihar,Supaul,Nirmali River Basin Village,2.3,8.7,20.8,30.8,10.6,51.4,2.0,61.0,0.1,24,0,1.07,2.91,2.29,24.7,48.8,6.1,0,0
Bihar,Supaul,Tribeniganj Lowland Settlement,7.7,39.4,136.2,265.4,72.6,71.3,1.5,54.0,0.12,21,0,3.6,3.96,3.27,25.0,75.3,24.6,2,0
Bihar,Supaul,Tribeniganj Lowland Settlement,0.4,2.9,10.1,21.4,5.2,27.3,1.5,54.0,0.12,21,0,1.3,3.96,3.27,28.9,52.8,14.8,0,0
Bihar,Supaul,Tribeniganj Lowland Settlement,15.5,88.8,239.4,533.2,308.3,78.5,1.5,54.0,0.12,21,0,4.58,3.96,3.27,19.4,90.4,39.3,3,0
Bihar,Supaul,Tribeniganj Lowland Settlement,29.4,154.2,474.4,778.1,592.7,84.0,1.5,54.0,0.12,21,0,4.15,3.96,3.27,19.1,85.9,43.5,3,0
Bihar,Supaul,Tribeniganj Lowland Settlement,16.7,77.8,212.3,386.9,107.1,62.2,1.5,54.0,0.12,21,0,3.19,3.96,3.27,27.4,86.6,26.2,1,0
Bihar,Supaul,Tribeniganj Lowland Settlement,16.7,105.1,292.4,596.4,289.9,80.6,1.5,54.0,0.12,21,0,4.13,3.96,3.27,18.9,89.5,30.3,3,0
Bihar,Supaul,Tribeniganj Lowland Settlement,4.6,10.0,30.2,57.0,17.3,26.5,1.5,54.0,0.12,21,0,0.68,3.96,3.27,22.1,61.7,15.4,0,0
Bihar,Supaul,Tribeniganj Lowland Settlement,1.3,4.3,14.1,32.4,5.6,53.3,1.5,54.0,0.12,21,0,2.21,3.96,3.27,29.8,73.2,8.3,0,0
Bihar,Supaul,Tribeniganj Lowland Settlement,0.9,4.9,15.3,33.7,6.1,48.5,1.5,54.0,0.12,21,0,2.01,3.96,3.27,29.9,71.6,14.8,0,0
Bihar,Supaul,Tribeniganj Lowland Settlement,0.4,1.3,6.8,14.1,3.4,57.8,1.5,54.0,0.12,21,0,0.74,3.96,3.27,24.1,72.5,9.6,0,0
Bihar,Supaul,Tribeniganj Lowland Settlement,2.4,6.5,17.1,28.1,6.0,49.0,1.5,54.0,0.12,21,0,2.42,3.96,3.27,30.4,71.0,15.6,0,0
Bihar,Supaul,Tribeniganj Lowland Settlement,77.8,345.1,715.3,1017.2,784.4,99.4,1.5,54.0,0.12,21,0,4.96,3.96,3.27,18.4,94.8,45.2,3,0
Bihar,Supaul,Tribeniganj Lowland Settlement,17.0,90.1,255.4,487.4,250.8,88.2,1.5,54.0,0.12,21,0,4.12,3.96,3.27,25.3,87.3,43.3,3,0
Bihar,Supaul,Tribeniganj Lowland Settlement,27.9,145.3,387.4,670.3,465.4,91.6,1.5,54.0,0.12,21,0,4.43,3.96,3.27,24.7,93.0,36.5,3,0
Bihar,Supaul,Tribeniganj Lowland Settlement,2.4,8.6,23.6,42.0,8.6,49.8,1.5,54.0,0.12,21,0,1.92,3.96,3.27,27.5,45.9,15.7,0,0
Bihar,Supaul,Tribeniganj Lowland Settlement,25.2,134.7,400.2,663.9,450.1,83.0,1.5,54.0,0.12,21,0,4.62,3.96,3.27,19.6,95.9,45.7,3,0
Bihar,Supaul,Tribeniganj Lowland Settlement,3.9,20.5,78.7,170.1,44.5,73.5,1.5,54.0,0.12,21,0,3.59,3.96,3.27,21.5,87.9,19.6,1,0
Bihar,Supaul,Tribeniganj Lowland Settlement,33.7,168.2,366.7,635.7,432.3,88.5,1.5,54.0,0.12,21,0,4.26,3.96,3.27,23.7,93.4,43.8,3,0
Bihar,Supaul,Tribeniganj Lowland Settlement,53.9,237.7,689.7,1156.2,973.8,92.6,1.5,54.0,0.12,21,0,5.24,3.96,3.27,17.2,96.9,52.4,3,0
Bihar,Supaul,Tribeniganj Lowland Settlement,28.5,170.1,399.6,619.8,388.3,90.1,1.5,54.0,0.12,21,0,4.73,3.96,3.27,21.2,89.9,35.7,3,0
Bihar,Supaul,Tribeniganj Lowland Settlement,1.8,5.0,13.3,28.0,5.4,40.7,1.5,54.0,0.12,21,0,1.18,3.96,3.27,30.6,69.2,7.1,0,0
Bihar,Supaul,Tribeniganj Lowland Settlement,2.8,5.9,19.5,39.1,7.6,32.2,1.5,54.0,0.12,21,0,2.15,3.96,3.27,25.9,73.6,7.8,0,0
Bihar,Supaul,Tribeniganj Lowland Settlement,0.8,5.2,10.6,26.2,7.4,40.2,1.5,54.0,0.12,21,0,2.01,3.96,3.27,24.6,67.8,13.1,0,0
Bihar,Supaul,Tribeniganj Lowland Settlement,1.2,3.8,8.6,20.6,3.8,29.1,1.5,54.0,0.12,21,0,1.88,3.96,3.27,24.0,67.8,11.3,0,0
Bihar,Supaul,Tribeniganj Lowland Settlement,45.3,269.5,762.5,1329.5,1330.2,91.8,1.5,54.0,0.12,21,0,5.63,3.96,3.27,17.8,99.0,40.2,3,0
Maharashtra,Kolhapur,Shirol Panchganga Basin Ward 7,5.9,37.3,102.7,238.6,64.9,72.8,5.8,540.0,0.35,20,2,2.61,3.41,2.9,26.0,77.7,12.6,1,0
Maharashtra,Kolhapur,Shirol Panchganga Basin Ward 7,32.9,181.6,504.0,887.1,446.3,80.9,5.8,540.0,0.35,20,2,4.2,3.41,2.9,18.3,93.2,25.3,3,0
Maharashtra,Kolhapur,Shirol Panchganga Basin Ward 7,0.6,3.5,13.7,29.6,5.3,34.3,5.8,540.0,0.35,20,2,1.17,3.41,2.9,29.7,47.5,9.0,0,0
Maharashtra,Kolhapur,Shirol Panchganga Basin Ward 7,6.0,37.1,105.6,192.3,97.8,72.0,5.8,540.0,0.35,20,2,3.05,3.41,2.9,25.5,76.5,27.2,2,0
Maharashtra,Kolhapur,Shirol Panchganga Basin Ward 7,2.1,14.6,73.9,162.7,52.8,66.8,5.8,540.0,0.35,20,2,3.11,3.41,2.9,21.2,79.8,22.7,1,0
Maharashtra,Kolhapur,Shirol Panchganga Basin Ward 7,5.7,30.4,87.3,182.0,76.6,69.2,5.8,540.0,0.35,20,2,2.97,3.41,2.9,27.9,82.8,20.4,2,0
Maharashtra,Kolhapur,Shirol Panchganga Basin Ward 7,1.1,4.4,16.4,31.1,5.2,44.9,5.8,540.0,0.35,20,2,1.53,3.41,2.9,28.1,72.4,12.4,0,0
Maharashtra,Kolhapur,Shirol Panchganga Basin Ward 7,6.4,28.2,95.3,182.7,69.0,71.3,5.8,540.0,0.35,20,2,2.99,3.41,2.9,27.7,85.4,24.5,2,0
Maharashtra,Kolhapur,Shirol Panchganga Basin Ward 7,8.8,40.9,106.1,247.8,86.4,72.2,5.8,540.0,0.35,20,2,3.06,3.41,2.9,23.2,81.0,27.8,2,0
Maharashtra,Kolhapur,Shirol Panchganga Basin Ward 7,2.9,26.0,104.4,210.6,87.2,67.7,5.8,540.0,0.35,20,2,2.94,3.41,2.9,27.1,75.0,20.4,2,0
Maharashtra,Kolhapur,Shirol Panchganga Basin Ward 7,0.4,2.2,5.2,15.3,2.1,47.3,5.8,540.0,0.35,20,2,0.99,3.41,2.9,27.7,74.6,7.5,0,0
Maharashtra,Kolhapur,Shirol Panchganga Basin Ward 7,4.0,30.9,91.5,192.0,86.6,68.6,5.8,540.0,0.35,20,2,2.8,3.41,2.9,25.3,79.8,13.2,1,0
Maharashtra,Kolhapur,Shirol Panchganga Basin Ward 7,0.3,0.8,8.4,12.5,5.2,40.4,5.8,540.0,0.35,20,2,0.84,3.41,2.9,28.7,51.6,13.2,0,0
Maharashtra,Kolhapur,Shirol Panchganga Basin Ward 7,2.3,8.1,24.1,43.0,14.3,34.4,5.8,540.0,0.35,20,2,1.35,3.41,2.9,24.7,51.4,15.8,0,0
Maharashtra,Kolhapur,Shirol Panchganga Basin Ward 7,4.6,30.2,97.1,175.3,73.6,73.5,5.8,540.0,0.35,20,2,3.03,3.41,2.9,26.0,77.7,25.7,2,0
Maharashtra,Kolhapur,Shirol Panchganga Basin Ward 7,1.4,5.8,19.2,39.8,7.3,40.5,5.8,540.0,0.35,20,2,1.1,3.41,2.9,25.6,73.2,6.0,0,0
Maharashtra,Kolhapur,Shirol Panchganga Basin Ward 7,84.1,400.3,752.7,1065.5,1303.9,97.3,5.8,540.0,0.35,20,2,5.1,3.41,2.9,18.9,98.6,39.3,3,0
Maharashtra,Kolhapur,Shirol Panchganga Basin Ward 7,0.6,4.1,13.7,32.7,5.5,41.3,5.8,540.0,0.35,20,2,0.86,3.41,2.9,31.6,52.0,9.8,0,0
Maharashtra,Kolhapur,Shirol Panchganga Basin Ward 7,5.3,29.4,119.5,225.3,61.9,67.3,5.8,540.0,0.35,20,2,2.8,3.41,2.9,27.3,76.1,15.1,1,0
Maharashtra,Kolhapur,Shirol Panchganga Basin Ward 7,8.0,46.1,143.5,318.8,92.1,69.1,5.8,540.0,0.35,20,2,2.66,3.41,2.9,22.1,75.6,25.1,1,0
Maharashtra,Kolhapur,Shirol Panchganga Basin Ward 7,8.2,41.1,131.6,219.8,106.2,71.1,5.8,540.0,0.35,20,2,2.92,3.41,2.9,25.4,78.6,24.8,2,0
Maharashtra,Kolhapur,Shirol Panchganga Basin Ward 7,50.8,272.8,766.4,1229.3,874.8,91.1,5.8,540.0,0.35,20,2,5.35,3.41,2.9,21.5,94.7,67.9,3,0
Maharashtra,Kolhapur,Shirol Panchganga Basin Ward 7,3.4,22.0,66.8,146.5,48.7,62.0,5.8,540.0,0.35,20,2,2.7,3.41,2.9,26.4,77.8,18.4,1,0
Maharashtra,Kolhapur,Shirol Panchganga Basin Ward 7,6.3,35.4,123.7,274.2,75.7,63.9,5.8,540.0,0.35,20,2,2.73,3.41,2.9,27.9,78.1,21.2,1,0
Maharashtra,Kolhapur,Shirol Panchganga Basin Ward 7,3.8,31.3,106.5,229.4,57.7,71.0,5.8,540.0,0.35,20,2,2.96,3.41,2.9,20.3,85.8,14.0,2,0
Maharashtra,Kolhapur,Karveer Kasba Bawada Ward,1.3,4.2,15.9,28.8,8.0,35.4,7.0,550.0,0.38,19,1,0.5,3.39,2.92,30.6,50.0,8.7,0,0
Maharashtra,Kolhapur,Karveer Kasba Bawada Ward,19.8,100.5,315.3,516.6,319.2,84.5,7.0,550.0,0.38,19,1,4.2,3.39,2.92,18.7,89.1,26.4,3,0
Maharashtra,Kolhapur,Karveer Kasba Bawada Ward,31.4,125.1,367.3,596.4,466.7,83.2,7.0,550.0,0.38,19,1,4.11,3.39,2.92,20.7,91.3,41.8,3,0
Maharashtra,Kolhapur,Karveer Kasba Bawada Ward,29.8,165.1,433.7,757.3,366.9,78.1,7.0,550.0,0.38,19,1,3.23,3.39,2.92,20.5,95.4,39.9,3,0
Maharashtra,Kolhapur,Karveer Kasba Bawada Ward,0.7,3.9,15.2,33.0,10.2,37.1,7.0,550.0,0.38,19,1,1.33,3.39,2.92,31.1,48.0,9.6,0,0
Maharashtra,Kolhapur,Karveer Kasba Bawada Ward,5.4,14.2,33.7,52.0,23.1,26.4,7.0,550.0,0.38,19,1,1.97,3.39,2.92,30.6,69.3,5.5,0,0
Maharashtra,Kolhapur,Karveer Kasba Bawada Ward,2.7,8.7,23.8,47.0,12.1,36.5,7.0,550.0,0.38,19,1,0.76,3.39,2.92,26.5,61.2,9.3,0,0
Maharashtra,Kolhapur,Karveer Kasba Bawada Ward,2.0,7.9,29.2,56.9,17.2,46.4,7.0,550.0,0.38,19,1,2.05,3.39,2.92,31.9,62.8,14.1,0,0
Maharashtra,Kolhapur,Karveer Kasba Bawada Ward,64.8,274.3,594.9,876.8,852.9,98.5,7.0,550.0,0.38,19,1,5.09,3.39,2.92,17.1,96.7,60.8,3,0
Maharashtra,Kolhapur,Karveer Kasba Bawada Ward,1.1,5.4,16.3,26.2,10.6,41.8,7.0,550.0,0.38,19,1,1.34,3.39,2.92,29.2,49.1,9.7,0,0
Maharashtra,Kolhapur,Karveer Kasba Bawada Ward,2.8,6.3,20.3,38.9,11.8,57.9,7.0,550.0,0.38,19,1,1.88,3.39,2.92,30.5,71.4,12.7,0,0
Maharashtra,Kolhapur,Karveer Kasba Bawada Ward,6.5,33.9,124.4,234.6,68.8,64.3,7.0,550.0,0.38,19,1,2.52,3.39,2.92,21.7,80.5,20.3,1,0
Maharashtra,Kolhapur,Karveer Kasba Bawada Ward,16.3,56.5,185.9,293.1,181.8,68.5,7.0,550.0,0.38,19,1,2.51,3.39,2.92,24.3,76.0,21.8,1,0
Maharashtra,Kolhapur,Karveer Kasba Bawada Ward,55.6,293.7,652.1,989.9,1108.7,90.3,7.0,550.0,0.38,19,1,4.68,3.39,2.92,20.7,97.7,64.6,3,0
Maharashtra,Kolhapur,Karveer Kasba Bawada Ward,37.8,153.8,448.9,745.9,509.3,87.6,7.0,550.0,0.38,19,1,3.87,3.39,2.92,25.3,88.8,41.3,3,0
Maharashtra,Kolhapur,Karveer Kasba Bawada Ward,11.4,48.8,120.0,237.9,104.7,69.3,7.0,550.0,0.38,19,1,3.12,3.39,2.92,25.2,86.8,14.9,2,0
Maharashtra,Kolhapur,Karveer Kasba Bawada Ward,31.9,155.5,405.6,640.7,408.5,78.6,7.0,550.0,0.38,19,1,3.62,3.39,2.92,24.9,88.1,28.5,3,0
Maharashtra,Kolhapur,Karveer Kasba Bawada Ward,63.2,277.2,773.5,1199.8,856.9,97.4,7.0,550.0,0.38,19,1,5.12,3.39,2.92,17.0,97.6,73.3,3,0
Maharashtra,Kolhapur,Karveer Kasba Bawada Ward,1.0,3.9,14.3,29.4,6.1,42.2,7.0,550.0,0.38,19,1,0.96,3.39,2.92,31.4,71.3,11.5,0,0
Maharashtra,Kolhapur,Karveer Kasba Bawada Ward,15.3,68.4,207.7,365.8,165.9,69.9,7.0,550.0,0.38,19,1,2.99,3.39,2.92,20.4,75.8,17.8,2,0
Maharashtra,Kolhapur,Karveer Kasba Bawada Ward,92.4,355.4,716.2,1027.1,802.9,97.9,7.0,550.0,0.38,19,1,4.66,3.39,2.92,16.3,95.6,64.8,3,0
Maharashtra,Kolhapur,Karveer Kasba Bawada Ward,5.6,33.2,125.5,232.7,67.0,74.4,7.0,550.0,0.38,19,1,2.49,3.39,2.92,22.9,84.5,15.6,1,0
Maharashtra,Kolhapur,Karveer Kasba Bawada Ward,5.6,12.8,32.6,52.4,22.3,45.6,7.0,550.0,0.38,19,1,0.99,3.39,2.92,23.5,49.5,13.0,0,0
Maharashtra,Kolhapur,Karveer Kasba Bawada Ward,15.2,73.4,253.8,467.3,313.5,89.1,7.0,550.0,0.38,19,1,3.5,3.39,2.92,23.6,93.8,32.0,3,0
Maharashtra,Kolhapur,Karveer Kasba Bawada Ward,4.7,16.3,39.0,72.2,14.8,52.8,7.0,550.0,0.38,19,1,1.29,3.39,2.92,30.3,62.8,11.0,0,0
Maharashtra,Kolhapur,Radhanagari Dam Downstream Village,17.4,100.4,244.7,494.7,322.8,90.6,21.0,580.0,0.76,15,14,4.06,3.67,3.18,22.0,92.2,49.0,3,2
Maharashtra,Kolhapur,Radhanagari Dam Downstream Village,29.2,122.0,398.8,717.1,499.7,84.1,21.0,580.0,0.76,15,14,3.73,3.67,3.18,20.7,90.5,36.3,3,2
Maharashtra,Kolhapur,Radhanagari Dam Downstream Village,1.8,6.3,13.8,27.8,9.4,29.7,21.0,580.0,0.76,15,14,1.91,3.67,3.18,31.9,69.7,6.6,0,1
Maharashtra,Kolhapur,Radhanagari Dam Downstream Village,0.2,0.9,4.5,10.7,2.3,43.4,21.0,580.0,0.76,15,14,0.85,3.67,3.18,22.3,46.4,7.7,0,1
Maharashtra,Kolhapur,Radhanagari Dam Downstream Village,1.7,5.7,19.0,36.1,9.1,40.6,21.0,580.0,0.76,15,14,1.22,3.67,3.18,25.8,46.3,6.4,0,1
Maharashtra,Kolhapur,Radhanagari Dam Downstream Village,3.1,21.3,85.4,165.2,45.5,69.6,21.0,580.0,0.76,15,14,2.87,3.67,3.18,25.5,85.7,23.5,1,1
Maharashtra,Kolhapur,Radhanagari Dam Downstream Village,0.8,2.4,11.2,16.6,6.3,26.1,21.0,580.0,0.76,15,14,2.09,3.67,3.18,29.1,73.2,7.8,0,1
Maharashtra,Kolhapur,Radhanagari Dam Downstream Village,53.7,251.5,680.4,1195.8,1002.0,98.2,21.0,580.0,0.76,15,14,5.03,3.67,3.18,18.4,97.0,47.5,3,3
Maharashtra,Kolhapur,Radhanagari Dam Downstream Village,53.3,271.4,698.0,1157.4,824.8,92.3,21.0,580.0,0.76,15,14,4.86,3.67,3.18,20.6,95.2,59.9,3,3
Maharashtra,Kolhapur,Radhanagari Dam Downstream Village,26.7,122.7,393.1,648.2,455.9,84.9,21.0,580.0,0.76,15,14,4.3,3.67,3.18,22.3,88.9,38.8,3,2
Maharashtra,Kolhapur,Radhanagari Dam Downstream Village,4.7,25.5,98.3,200.8,105.1,77.9,21.0,580.0,0.76,15,14,3.34,3.67,3.18,21.0,79.8,21.5,2,2
Maharashtra,Kolhapur,Radhanagari Dam Downstream Village,3.1,21.5,87.6,176.9,74.5,62.7,21.0,580.0,0.76,15,14,3.42,3.67,3.18,21.7,77.1,15.0,1,1
Maharashtra,Kolhapur,Radhanagari Dam Downstream Village,23.0,134.4,359.0,570.9,354.4,91.2,21.0,580.0,0.76,15,14,4.3,3.67,3.18,25.2,87.4,34.9,3,2
Maharashtra,Kolhapur,Radhanagari Dam Downstream Village,7.6,39.5,117.7,201.1,87.9,78.0,21.0,580.0,0.76,15,14,3.3,3.67,3.18,23.2,75.0,27.5,2,2
Maharashtra,Kolhapur,Radhanagari Dam Downstream Village,0.7,2.3,13.2,27.6,8.1,46.3,21.0,580.0,0.76,15,14,0.74,3.67,3.18,27.8,72.8,14.4,0,1
Maharashtra,Kolhapur,Radhanagari Dam Downstream Village,5.8,35.4,122.0,255.0,80.1,74.6,21.0,580.0,0.76,15,14,3.17,3.67,3.18,21.6,75.1,16.8,1,2
Maharashtra,Kolhapur,Radhanagari Dam Downstream Village,31.1,175.6,424.5,827.0,585.8,78.5,21.0,580.0,0.76,15,14,3.79,3.67,3.18,20.8,87.5,29.5,3,2
Maharashtra,Kolhapur,Radhanagari Dam Downstream Village,0.8,2.9,12.7,27.1,6.7,28.7,21.0,580.0,0.76,15,14,1.48,3.67,3.18,25.1,70.8,9.8,0,1
Maharashtra,Kolhapur,Radhanagari Dam Downstream Village,2.1,6.8,15.5,27.5,5.2,50.0,21.0,580.0,0.76,15,14,0.54,3.67,3.18,27.6,66.8,7.5,0,1
Maharashtra,Kolhapur,Radhanagari Dam Downstream Village,2.0,6.7,15.9,26.9,7.1,57.5,21.0,580.0,0.76,15,14,1.54,3.67,3.18,28.3,56.2,15.3,0,1
Maharashtra,Kolhapur,Radhanagari Dam Downstream Village,1.0,4.0,17.6,33.2,6.6,47.7,21.0,580.0,0.76,15,14,1.13,3.67,3.18,27.0,59.7,10.1,0,1
Maharashtra,Kolhapur,Radhanagari Dam Downstream Village,9.1,40.9,122.9,233.6,118.6,63.4,21.0,580.0,0.76,15,14,2.9,3.67,3.18,24.8,82.6,15.5,1,1
Maharashtra,Kolhapur,Radhanagari Dam Downstream Village,28.9,169.4,493.4,946.8,451.6,86.5,21.0,580.0,0.76,15,14,3.5,3.67,3.18,24.5,94.3,27.9,3,3
Maharashtra,Kolhapur,Radhanagari Dam Downstream Village,15.8,76.9,205.4,444.8,186.9,80.8,21.0,580.0,0.76,15,14,4.56,3.67,3.18,22.0,86.7,26.9,3,2
Maharashtra,Kolhapur,Radhanagari Dam Downstream Village,74.0,297.9,734.8,1247.7,1216.4,97.8,21.0,580.0,0.76,15,14,5.77,3.67,3.18,21.6,92.1,68.6,3,3
Maharashtra,Sangli,Sangli-Miraj Krishna Ghat Ward,13.0,52.1,159.9,346.9,138.8,71.2,4.5,548.0,0.3,19,0,3.46,4.17,3.57,21.8,80.9,27.6,1,0
Maharashtra,Sangli,Sangli-Miraj Krishna Ghat Ward,1.3,12.5,46.6,102.9,42.2,62.9,4.5,548.0,0.3,19,0,3.51,4.17,3.57,23.1,82.4,27.7,1,0
Maharashtra,Sangli,Sangli-Miraj Krishna Ghat Ward,37.8,182.4,528.4,898.0,563.5,80.7,4.5,548.0,0.3,19,0,4.92,4.17,3.57,21.9,85.1,27.9,3,0
Maharashtra,Sangli,Sangli-Miraj Krishna Ghat Ward,0.8,2.4,12.0,24.9,7.1,53.1,4.5,548.0,0.3,19,0,0.51,4.17,3.57,31.7,57.7,8.7,0,0
Maharashtra,Sangli,Sangli-Miraj Krishna Ghat Ward,3.5,29.0,105.3,199.6,85.7,72.8,4.5,548.0,0.3,19,0,3.47,4.17,3.57,27.5,81.5,27.8,1,0
Maharashtra,Sangli,Sangli-Miraj Krishna Ghat Ward,4.3,33.3,121.8,287.8,133.5,68.6,4.5,548.0,0.3,19,0,3.29,4.17,3.57,24.0,77.2,15.2,1,0
Maharashtra,Sangli,Sangli-Miraj Krishna Ghat Ward,1.1,18.7,87.6,175.9,89.6,66.2,4.5,548.0,0.3,19,0,3.34,4.17,3.57,23.6,84.6,18.2,1,0
Maharashtra,Sangli,Sangli-Miraj Krishna Ghat Ward,0.1,1.0,2.9,10.6,1.7,34.1,4.5,548.0,0.3,19,0,1.47,4.17,3.57,24.5,54.6,5.4,0,0
Maharashtra,Sangli,Sangli-Miraj Krishna Ghat Ward,0.6,17.5,65.0,139.6,60.8,72.9,4.5,548.0,0.3,19,0,3.73,4.17,3.57,24.9,79.1,15.6,1,0
Maharashtra,Sangli,Sangli-Miraj Krishna Ghat Ward,4.8,22.7,88.7,185.7,46.1,77.5,4.5,548.0,0.3,19,0,3.52,4.17,3.57,23.0,81.9,15.2,2,0
Maharashtra,Sangli,Sangli-Miraj Krishna Ghat Ward,4.7,32.1,98.5,192.6,67.2,73.8,4.5,548.0,0.3,19,0,3.07,4.17,3.57,27.4,85.5,12.5,1,0
Maharashtra,Sangli,Sangli-Miraj Krishna Ghat Ward,4.1,11.3,30.9,49.0,12.0,51.8,4.5,548.0,0.3,19,0,2.04,4.17,3.57,30.4,54.4,5.5,0,0
Maharashtra,Sangli,Sangli-Miraj Krishna Ghat Ward,18.5,93.9,292.5,515.5,285.1,83.5,4.5,548.0,0.3,19,0,4.31,4.17,3.57,21.4,92.6,49.9,3,0
Maharashtra,Sangli,Sangli-Miraj Krishna Ghat Ward,62.9,259.9,616.9,912.8,1022.7,95.4,4.5,548.0,0.3,19,0,5.89,4.17,3.57,16.9,96.2,66.3,3,0
Maharashtra,Sangli,Sangli-Miraj Krishna Ghat Ward,33.9,156.7,339.4,561.0,280.7,89.3,4.5,548.0,0.3,19,0,4.1,4.17,3.57,25.0,88.6,34.8,3,0
Maharashtra,Sangli,Sangli-Miraj Krishna Ghat Ward,55.9,297.4,749.6,1077.3,1250.0,94.1,4.5,548.0,0.3,19,0,5.5,4.17,3.57,17.7,94.3,69.5,3,0
Maharashtra,Sangli,Sangli-Miraj Krishna Ghat Ward,1.6,5.7,20.5,35.0,9.0,50.0,4.5,548.0,0.3,19,0,1.9,4.17,3.57,23.8,46.0,13.4,0,0
Maharashtra,Sangli,Sangli-Miraj Krishna Ghat Ward,2.2,6.6,20.1,27.6,12.8,48.1,4.5,548.0,0.3,19,0,1.98,4.17,3.57,23.2,49.8,7.0,0,0
Maharashtra,Sangli,Sangli-Miraj Krishna Ghat Ward,25.0,104.5,253.0,469.1,300.3,85.3,4.5,548.0,0.3,19,0,4.33,4.17,3.57,23.4,92.7,49.2,3,0
Maharashtra,Sangli,Sangli-Miraj Krishna Ghat Ward,55.2,257.1,567.6,974.1,789.8,90.6,4.5,548.0,0.3,19,0,5.09,4.17,3.57,22.4,94.8,60.6,3,0
Maharashtra,Sangli,Sangli-Miraj Krishna Ghat Ward,15.1,29.0,53.7,84.1,27.7,46.3,4.5,548.0,0.3,19,0,1.46,4.17,3.57,29.3,60.4,7.2,1,0
Maharashtra,Sangli,Sangli-Miraj Krishna Ghat Ward,5.0,13.1,29.9,56.1,12.4,47.4,4.5,548.0,0.3,19,0,2.39,4.17,3.57,30.8,63.6,10.3,0,0
Maharashtra,Sangli,Sangli-Miraj Krishna Ghat Ward,6.5,32.1,123.7,265.1,111.1,68.2,4.5,548.0,0.3,19,0,3.95,4.17,3.57,22.0,87.3,18.8,2,0
Maharashtra,Sangli,Sangli-Miraj Krishna Ghat Ward,23.1,134.9,460.5,896.3,550.5,90.6,4.5,548.0,0.3,19,0,5.21,4.17,3.57,22.7,85.3,49.9,3,0
Maharashtra,Sangli,Sangli-Miraj Krishna Ghat Ward,43.8,229.2,507.7,812.6,761.5,90.5,4.5,548.0,0.3,19,0,6.4,4.17,3.57,17.3,97.8,61.0,3,0
Maharashtra,Sangli,Walwa Islampur Lowland Village,5.1,29.3,100.5,219.4,65.1,75.6,5.2,560.0,0.34,16,1,3.29,4.03,3.45,22.1,75.0,15.9,1,0
Maharashtra,Sangli,Walwa Islampur Lowland Village,4.6,25.1,91.9,220.2,83.6,65.3,5.2,560.0,0.34,16,1,3.08,4.03,3.45,20.9,86.3,22.0,1,0
Maharashtra,Sangli,Walwa Islampur Lowland Village,1.9,6.6,14.2,20.2,9.6,29.6,5.2,560.0,0.34,16,1,0.58,4.03,3.45,32.0,70.6,15.3,0,0
Maharashtra,Sangli,Walwa Islampur Lowland Village,0.9,3.5,15.6,22.9,10.7,55.0,5.2,560.0,0.34,16,1,1.22,4.03,3.45,27.3,66.3,7.4,0,0
Maharashtra,Sangli,Walwa Islampur Lowland Village,3.0,25.7,102.6,217.9,97.4,66.3,5.2,560.0,0.34,16,1,3.57,4.03,3.45,25.1,79.3,20.4,1,0
Maharashtra,Sangli,Walwa Islampur Lowland Village,0.8,3.9,15.8,27.2,5.6,55.7,5.2,560.0,0.34,16,1,2.28,4.03,3.45,27.9,71.0,6.1,0,0
Maharashtra,Sangli,Walwa Islampur Lowland Village,1.9,6.5,18.1,33.6,10.7,36.1,5.2,560.0,0.34,16,1,1.21,4.03,3.45,22.4,46.6,10.6,0,0
Maharashtra,Sangli,Walwa Islampur Lowland Village,9.9,52.1,174.9,309.9,128.1,72.8,5.2,560.0,0.34,16,1,3.24,4.03,3.45,26.6,84.9,20.2,1,0
Maharashtra,Sangli,Walwa Islampur Lowland Village,5.4,17.2,51.4,81.3,20.7,38.4,5.2,560.0,0.34,16,1,1.11,4.03,3.45,24.4,55.0,9.9,0,0
Maharashtra,Sangli,Walwa Islampur Lowland Village,29.9,146.7,433.3,847.8,433.1,85.2,5.2,560.0,0.34,16,1,4.87,4.03,3.45,22.1,92.8,41.6,3,0
Maharashtra,Sangli,Walwa Islampur Lowland Village,7.1,37.0,132.1,261.6,95.5,76.0,5.2,560.0,0.34,16,1,3.26,4.03,3.45,27.0,76.5,15.5,1,0
Maharashtra,Sangli,Walwa Islampur Lowland Village,13.5,66.4,217.5,422.7,111.0,63.0,5.2,560.0,0.34,16,1,3.19,4.03,3.45,22.6,79.7,27.7,1,0
Maharashtra,Sangli,Walwa Islampur Lowland Village,5.9,32.4,113.9,268.6,64.2,68.8,5.2,560.0,0.34,16,1,3.11,4.03,3.45,24.5,85.2,22.5,1,0
Maharashtra,Sangli,Walwa Islampur Lowland Village,6.4,29.1,98.9,238.1,75.0,66.2,5.2,560.0,0.34,16,1,3.59,4.03,3.45,20.2,78.9,24.5,1,0
Maharashtra,Sangli,Walwa Islampur Lowland Village,94.2,398.8,884.5,1206.2,1144.8,91.1,5.2,560.0,0.34,16,1,5.97,4.03,3.45,18.2,95.5,72.2,3,0
Maharashtra,Sangli,Walwa Islampur Lowland Village,16.4,87.9,287.6,522.0,288.1,89.6,5.2,560.0,0.34,16,1,4.95,4.03,3.45,24.4,95.5,35.6,3,0
Maharashtra,Sangli,Walwa Islampur Lowland Village,6.2,34.7,119.3,256.6,121.3,68.6,5.2,560.0,0.34,16,1,3.39,4.03,3.45,24.5,85.2,17.7,1,0
Maharashtra,Sangli,Walwa Islampur Lowland Village,1.7,7.3,17.8,30.4,6.8,40.6,5.2,560.0,0.34,16,1,1.27,4.03,3.45,25.3,59.1,8.5,0,0
Maharashtra,Sangli,Walwa Islampur Lowland Village,2.9,9.1,23.5,46.0,14.4,45.3,5.2,560.0,0.34,16,1,2.52,4.03,3.45,30.7,65.0,9.6,0,0
Maharashtra,Sangli,Walwa Islampur Lowland Village,5.0,36.5,142.0,279.5,78.5,67.9,5.2,560.0,0.34,16,1,3.64,4.03,3.45,24.4,82.8,13.5,2,0
Maharashtra,Sangli,Walwa Islampur Lowland Village,0.5,1.2,3.0,6.7,1.7,32.8,5.2,560.0,0.34,16,1,0.95,4.03,3.45,27.7,52.3,11.5,0,0
Maharashtra,Sangli,Walwa Islampur Lowland Village,3.0,7.4,19.6,31.6,11.0,56.4,5.2,560.0,0.34,16,1,1.67,4.03,3.45,28.1,60.8,8.1,0,0
Maharashtra,Sangli,Walwa Islampur Lowland Village,69.5,332.8,786.4,1300.7,1317.0,91.3,5.2,560.0,0.34,16,1,4.85,4.03,3.45,17.9,95.6,38.7,3,0
Maharashtra,Sangli,Walwa Islampur Lowland Village,2.9,9.0,21.1,39.2,8.6,26.0,5.2,560.0,0.34,16,1,1.47,4.03,3.45,27.6,68.0,13.4,0,0
Maharashtra,Sangli,Walwa Islampur Lowland Village,30.0,137.1,402.5,728.5,454.7,84.2,5.2,560.0,0.34,16,1,4.86,4.03,3.45,20.2,91.2,32.8,3,0
Maharashtra,Sangli,Shirala Western Ghat Foothill,4.3,13.8,41.1,72.2,16.4,51.7,26.0,640.0,0.82,11,16,0.82,2.54,1.94,26.4,54.3,6.6,0,1
Maharashtra,Sangli,Shirala Western Ghat Foothill,4.5,20.8,81.9,198.1,87.1,74.9,26.0,640.0,0.82,11,16,1.85,2.54,1.94,27.6,80.1,18.7,1,2
Maharashtra,Sangli,Shirala Western Ghat Foothill,69.5,339.8,948.1,1353.0,1058.8,96.3,26.0,640.0,0.82,11,16,3.79,2.54,1.94,23.8,96.5,45.7,3,3
Maharashtra,Sangli,Shirala Western Ghat Foothill,5.8,32.7,93.4,196.9,61.8,77.7,26.0,640.0,0.82,11,16,2.17,2.54,1.94,20.5,81.7,19.9,2,2
Maharashtra,Sangli,Shirala Western Ghat Foothill,3.1,10.4,26.1,37.3,11.3,44.3,26.0,640.0,0.82,11,16,1.16,2.54,1.94,31.1,54.8,13.5,0,1
Maharashtra,Sangli,Shirala Western Ghat Foothill,4.9,31.7,115.9,255.5,97.0,62.0,26.0,640.0,0.82,11,16,2.33,2.54,1.94,22.7,86.0,14.1,1,2
Maharashtra,Sangli,Shirala Western Ghat Foothill,2.4,8.4,19.4,33.2,9.0,32.4,26.0,640.0,0.82,11,16,0.95,2.54,1.94,25.7,48.2,15.6,0,1
Maharashtra,Sangli,Shirala Western Ghat Foothill,1.2,5.8,12.0,26.3,6.0,39.6,26.0,640.0,0.82,11,16,0.94,2.54,1.94,23.0,56.1,5.6,0,1
Maharashtra,Sangli,Shirala Western Ghat Foothill,1.9,5.1,16.9,30.2,7.4,37.3,26.0,640.0,0.82,11,16,0.6,2.54,1.94,24.2,71.4,11.0,0,1
Maharashtra,Sangli,Shirala Western Ghat Foothill,0.4,1.6,4.7,12.2,3.0,40.7,26.0,640.0,0.82,11,16,0.9,2.54,1.94,29.1,51.1,14.4,0,1
Maharashtra,Sangli,Shirala Western Ghat Foothill,7.0,33.2,96.7,192.2,50.7,77.7,26.0,640.0,0.82,11,16,2.26,2.54,1.94,24.9,76.0,25.2,2,2
Maharashtra,Sangli,Shirala Western Ghat Foothill,3.6,8.4,17.9,35.8,10.9,55.3,26.0,640.0,0.82,11,16,1.05,2.54,1.94,29.7,55.9,11.6,0,1
Maharashtra,Sangli,Shirala Western Ghat Foothill,2.7,5.3,15.4,32.9,9.6,32.1,26.0,640.0,0.82,11,16,1.36,2.54,1.94,27.0,50.8,8.4,0,1
Maharashtra,Sangli,Shirala Western Ghat Foothill,30.7,158.4,449.7,658.2,520.4,80.1,26.0,640.0,0.82,11,16,3.09,2.54,1.94,19.1,89.4,39.7,3,3
Maharashtra,Sangli,Shirala Western Ghat Foothill,0.5,2.0,6.8,20.0,2.5,34.4,26.0,640.0,0.82,11,16,0.58,2.54,1.94,23.3,53.5,13.8,0,1
Maharashtra,Sangli,Shirala Western Ghat Foothill,5.1,12.8,35.4,50.4,16.5,36.7,26.0,640.0,0.82,11,16,0.99,2.54,1.94,26.2,49.4,10.0,0,1
Maharashtra,Sangli,Shirala Western Ghat Foothill,3.4,8.1,16.1,29.2,7.9,26.9,26.0,640.0,0.82,11,16,0.93,2.54,1.94,25.1,45.2,14.8,0,1
Maharashtra,Sangli,Shirala Western Ghat Foothill,0.4,3.6,12.4,23.4,3.7,40.3,26.0,640.0,0.82,11,16,0.57,2.54,1.94,22.7,50.3,12.7,0,1
Maharashtra,Sangli,Shirala Western Ghat Foothill,0.8,4.4,17.0,34.0,10.5,44.0,26.0,640.0,0.82,11,16,0.72,2.54,1.94,29.0,51.9,11.9,0,1
Maharashtra,Sangli,Shirala Western Ghat Foothill,0.4,3.2,15.7,31.4,7.7,26.9,26.0,640.0,0.82,11,16,0.92,2.54,1.94,25.0,49.4,6.2,0,1
Maharashtra,Sangli,Shirala Western Ghat Foothill,8.2,31.6,98.5,226.8,86.4,72.9,26.0,640.0,0.82,11,16,2.21,2.54,1.94,24.6,76.9,12.6,1,3
Maharashtra,Sangli,Shirala Western Ghat Foothill,0.8,4.9,12.8,27.7,4.3,45.0,26.0,640.0,0.82,11,16,0.68,2.54,1.94,25.9,56.0,7.7,0,1
Maharashtra,Sangli,Shirala Western Ghat Foothill,52.8,226.6,622.9,960.1,1056.7,90.0,26.0,640.0,0.82,11,16,3.98,2.54,1.94,23.2,92.8,65.8,3,3
Maharashtra,Sangli,Shirala Western Ghat Foothill,0.1,1.6,5.1,8.7,3.5,33.9,26.0,640.0,0.82,11,16,0.56,2.54,1.94,30.2,55.2,12.7,0,1
Maharashtra,Sangli,Shirala Western Ghat Foothill,6.4,36.1,139.3,312.6,116.9,69.5,26.0,640.0,0.82,11,16,1.99,2.54,1.94,26.7,82.0,18.1,1,2
Maharashtra,Raigad,Mahad Savitri Riverbank Ward 3,11.1,42.4,139.7,321.1,89.9,74.2,12.0,24.0,0.78,21,14,1.89,2.68,2.17,20.5,79.5,17.8,1,0
Maharashtra,Raigad,Mahad Savitri Riverbank Ward 3,17.1,103.1,282.4,472.8,394.5,83.3,12.0,24.0,0.78,21,14,3.06,2.68,2.17,18.2,91.6,45.4,3,0
Maharashtra,Raigad,Mahad Savitri Riverbank Ward 3,16.1,97.6,323.9,671.7,449.4,82.7,12.0,24.0,0.78,21,14,2.71,2.68,2.17,24.7,90.1,41.6,3,0
Maharashtra,Raigad,Mahad Savitri Riverbank Ward 3,39.8,195.1,455.2,686.8,541.2,84.0,12.0,24.0,0.78,21,14,3.07,2.68,2.17,23.8,90.0,39.5,3,0
Maharashtra,Raigad,Mahad Savitri Riverbank Ward 3,25.3,153.0,477.0,917.1,400.2,85.9,12.0,24.0,0.78,21,14,2.96,2.68,2.17,24.9,93.1,25.7,3,0
Maharashtra,Raigad,Mahad Savitri Riverbank Ward 3,7.1,38.0,141.0,235.1,118.9,75.0,12.0,24.0,0.78,21,14,1.89,2.68,2.17,23.7,75.6,15.1,2,0
Maharashtra,Raigad,Mahad Savitri Riverbank Ward 3,2.2,7.8,20.9,42.7,12.0,40.2,12.0,24.0,0.78,21,14,1.43,2.68,2.17,30.5,68.5,5.9,0,0
Maharashtra,Raigad,Mahad Savitri Riverbank Ward 3,7.5,38.9,134.1,234.9,101.4,72.5,12.0,24.0,0.78,21,14,2.36,2.68,2.17,27.3,79.0,12.5,2,0
Maharashtra,Raigad,Mahad Savitri Riverbank Ward 3,10.1,39.5,130.0,286.4,142.3,75.1,12.0,24.0,0.78,21,14,1.95,2.68,2.17,22.8,85.6,25.5,2,0
Maharashtra,Raigad,Mahad Savitri Riverbank Ward 3,61.5,282.3,818.9,1363.6,1297.5,97.4,12.0,24.0,0.78,21,14,3.95,2.68,2.17,18.8,92.3,49.3,3,0
Maharashtra,Raigad,Mahad Savitri Riverbank Ward 3,7.9,45.4,153.5,292.5,87.9,64.1,12.0,24.0,0.78,21,14,1.92,2.68,2.17,25.8,78.4,19.2,1,0
Maharashtra,Raigad,Mahad Savitri Riverbank Ward 3,68.5,312.3,931.5,1541.8,1419.3,92.9,12.0,24.0,0.78,21,14,3.86,2.68,2.17,19.0,96.2,58.6,3,0
Maharashtra,Raigad,Mahad Savitri Riverbank Ward 3,19.4,85.0,213.8,466.0,225.7,86.1,12.0,24.0,0.78,21,14,2.67,2.68,2.17,24.5,86.2,27.2,3,0
Maharashtra,Raigad,Mahad Savitri Riverbank Ward 3,6.2,30.8,103.8,185.5,99.5,69.7,12.0,24.0,0.78,21,14,2.0,2.68,2.17,22.6,80.1,14.1,1,0
Maharashtra,Raigad,Mahad Savitri Riverbank Ward 3,33.1,150.3,380.0,644.8,335.0,87.5,12.0,24.0,0.78,21,14,3.17,2.68,2.17,25.6,87.8,37.6,3,0
Maharashtra,Raigad,Mahad Savitri Riverbank Ward 3,1.5,4.9,17.7,29.3,8.5,43.8,12.0,24.0,0.78,21,14,0.69,2.68,2.17,23.3,62.4,5.9,0,0
Maharashtra,Raigad,Mahad Savitri Riverbank Ward 3,15.0,60.3,219.0,413.1,204.3,75.5,12.0,24.0,0.78,21,14,2.11,2.68,2.17,26.1,83.4,17.1,2,0
Maharashtra,Raigad,Mahad Savitri Riverbank Ward 3,78.7,339.3,896.4,1289.4,986.4,92.9,12.0,24.0,0.78,21,14,3.58,2.68,2.17,18.6,94.4,55.1,3,0
Maharashtra,Raigad,Mahad Savitri Riverbank Ward 3,9.4,35.8,118.9,225.7,70.7,71.9,12.0,24.0,0.78,21,14,2.21,2.68,2.17,25.9,77.4,21.5,2,0
Maharashtra,Raigad,Mahad Savitri Riverbank Ward 3,26.3,124.8,391.3,613.7,438.8,90.5,12.0,24.0,0.78,21,14,3.18,2.68,2.17,25.8,93.9,38.4,3,0
Maharashtra,Raigad,Mahad Savitri Riverbank Ward 3,0.5,3.4,14.3,25.9,8.9,27.0,12.0,24.0,0.78,21,14,1.31,2.68,2.17,22.2,49.4,10.4,0,0
Maharashtra,Raigad,Mahad Savitri Riverbank Ward 3,26.8,137.1,413.9,788.7,542.4,89.2,12.0,24.0,0.78,21,14,2.95,2.68,2.17,25.0,91.8,40.3,3,0
Maharashtra,Raigad,Mahad Savitri Riverbank Ward 3,76.0,282.2,800.7,1175.3,1411.3,92.0,12.0,24.0,0.78,21,14,3.59,2.68,2.17,20.0,96.4,39.0,3,0
Maharashtra,Raigad,Mahad Savitri Riverbank Ward 3,1.5,6.2,16.0,22.2,11.1,38.6,12.0,24.0,0.78,21,14,1.45,2.68,2.17,30.8,49.8,7.1,0,0
Maharashtra,Raigad,Mahad Savitri Riverbank Ward 3,23.4,113.8,309.4,660.8,310.9,81.5,12.0,24.0,0.78,21,14,2.86,2.68,2.17,23.7,86.9,41.6,3,0
Maharashtra,Raigad,Taliye Landslide Ground Zero,17.1,102.5,270.3,589.9,346.2,91.0,38.0,310.0,0.96,10,24,3.12,2.6,2.2,20.1,92.5,43.0,3,3
Maharashtra,Raigad,Taliye Landslide Ground Zero,1.9,5.9,20.3,36.9,10.8,50.5,38.0,310.0,0.96,10,24,0.62,2.6,2.2,23.9,49.0,7.9,0,2
Maharashtra,Raigad,Taliye Landslide Ground Zero,17.1,100.9,271.8,503.6,279.9,78.6,38.0,310.0,0.96,10,24,2.94,2.6,2.2,21.5,92.3,27.1,3,3
Maharashtra,Raigad,Taliye Landslide Ground Zero,37.7,152.6,442.1,762.4,390.9,82.8,38.0,310.0,0.96,10,24,3.2,2.6,2.2,24.4,85.7,47.6,3,3
Maharashtra,Raigad,Taliye Landslide Ground Zero,6.1,36.8,120.2,259.6,99.7,71.1,38.0,310.0,0.96,10,24,2.29,2.6,2.2,21.4,85.4,21.5,1,3
Maharashtra,Raigad,Taliye Landslide Ground Zero,0.1,2.9,7.9,17.1,5.2,33.9,38.0,310.0,0.96,10,24,0.63,2.6,2.2,23.1,45.2,5.9,0,2
Maharashtra,Raigad,Taliye Landslide Ground Zero,39.0,190.1,505.4,798.9,529.3,80.2,38.0,310.0,0.96,10,24,3.18,2.6,2.2,24.6,94.0,25.8,3,3
Maharashtra,Raigad,Taliye Landslide Ground Zero,3.7,23.7,90.1,175.2,78.5,70.1,38.0,310.0,0.96,10,24,2.45,2.6,2.2,23.1,79.7,16.8,1,3
Maharashtra,Raigad,Taliye Landslide Ground Zero,0.9,3.6,14.7,24.8,9.6,35.8,38.0,310.0,0.96,10,24,1.2,2.6,2.2,23.0,57.5,15.5,0,2
Maharashtra,Raigad,Taliye Landslide Ground Zero,17.7,77.5,263.7,420.7,235.4,76.3,38.0,310.0,0.96,10,24,1.93,2.6,2.2,20.5,79.1,14.2,2,3
Maharashtra,Raigad,Taliye Landslide Ground Zero,2.1,7.4,26.1,38.8,10.4,48.6,38.0,310.0,0.96,10,24,0.51,2.6,2.2,23.3,71.4,14.6,0,2
Maharashtra,Raigad,Taliye Landslide Ground Zero,62.9,330.0,659.2,1097.6,732.7,92.3,38.0,310.0,0.96,10,24,4.1,2.6,2.2,22.1,93.8,44.7,3,3
Maharashtra,Raigad,Taliye Landslide Ground Zero,2.1,23.9,77.0,184.0,72.3,72.4,38.0,310.0,0.96,10,24,2.25,2.6,2.2,25.3,82.7,20.6,1,3
Maharashtra,Raigad,Taliye Landslide Ground Zero,6.3,36.6,114.9,202.9,117.9,75.8,38.0,310.0,0.96,10,24,2.16,2.6,2.2,21.1,75.5,22.4,1,3
Maharashtra,Raigad,Taliye Landslide Ground Zero,3.9,10.5,25.8,51.4,11.6,27.4,38.0,310.0,0.96,10,24,1.29,2.6,2.2,30.1,67.6,12.9,0,2
Maharashtra,Raigad,Taliye Landslide Ground Zero,4.6,28.7,107.8,202.8,76.3,76.2,38.0,310.0,0.96,10,24,2.13,2.6,2.2,26.5,87.9,21.5,1,3
Maharashtra,Raigad,Taliye Landslide Ground Zero,3.2,9.4,26.8,52.1,14.3,35.5,38.0,310.0,0.96,10,24,0.71,2.6,2.2,27.6,48.1,11.1,0,2
Maharashtra,Raigad,Taliye Landslide Ground Zero,27.8,121.4,317.0,548.5,358.1,84.0,38.0,310.0,0.96,10,24,2.49,2.6,2.2,25.1,93.1,26.0,3,3
Maharashtra,Raigad,Taliye Landslide Ground Zero,0.2,1.6,10.5,20.1,5.7,44.1,38.0,310.0,0.96,10,24,0.58,2.6,2.2,22.8,57.8,11.4,0,2
Maharashtra,Raigad,Taliye Landslide Ground Zero,3.6,7.4,20.8,38.0,13.0,57.5,38.0,310.0,0.96,10,24,1.65,2.6,2.2,22.0,59.4,5.1,0,2
Maharashtra,Raigad,Taliye Landslide Ground Zero,4.9,36.0,124.6,264.8,92.2,74.5,38.0,310.0,0.96,10,24,2.14,2.6,2.2,24.0,84.2,18.6,1,3
Maharashtra,Raigad,Taliye Landslide Ground Zero,20.9,137.0,432.7,804.1,489.6,88.4,38.0,310.0,0.96,10,24,2.69,2.6,2.2,19.4,94.9,39.6,3,3
Maharashtra,Raigad,Taliye Landslide Ground Zero,1.0,4.6,9.4,14.4,3.9,44.2,38.0,310.0,0.96,10,24,0.74,2.6,2.2,28.9,48.3,13.2,0,2
Maharashtra,Raigad,Taliye Landslide Ground Zero,47.3,245.5,605.6,1128.0,813.4,93.8,38.0,310.0,0.96,10,24,3.54,2.6,2.2,20.8,98.6,48.4,3,3
Maharashtra,Raigad,Taliye Landslide Ground Zero,1.7,3.9,17.7,26.9,8.3,48.2,38.0,310.0,0.96,10,24,1.47,2.6,2.2,29.9,59.0,15.6,0,2
Maharashtra,Raigad,Poladpur Valley Settlement,35.7,151.3,406.1,608.0,518.0,85.4,25.5,48.0,0.85,17,18,2.11,1.86,1.25,23.8,93.3,33.8,3,3
Maharashtra,Raigad,Poladpur Valley Settlement,31.9,175.8,424.0,789.5,380.2,88.5,25.5,48.0,0.85,17,18,2.3,1.86,1.25,21.4,93.3,37.5,3,3
Maharashtra,Raigad,Poladpur Valley Settlement,16.8,101.8,293.8,458.4,329.4,83.6,25.5,48.0,0.85,17,18,2.31,1.86,1.25,18.4,89.8,44.2,3,3
Maharashtra,Raigad,Poladpur Valley Settlement,29.5,141.4,339.9,622.9,275.7,87.9,25.5,48.0,0.85,17,18,1.93,1.86,1.25,25.6,92.9,41.9,3,3
Maharashtra,Raigad,Poladpur Valley Settlement,48.8,233.9,614.6,862.6,869.2,99.2,25.5,48.0,0.85,17,18,2.28,1.86,1.25,21.1,95.3,52.8,3,3
Maharashtra,Raigad,Poladpur Valley Settlement,19.8,113.0,338.5,655.5,405.8,91.5,25.5,48.0,0.85,17,18,1.92,1.86,1.25,23.2,92.3,31.4,3,3
Maharashtra,Raigad,Poladpur Valley Settlement,22.7,94.7,288.9,569.5,299.6,78.9,25.5,48.0,0.85,17,18,2.12,1.86,1.25,18.9,86.3,33.4,3,3
Maharashtra,Raigad,Poladpur Valley Settlement,2.1,7.4,20.1,43.8,11.5,29.2,25.5,48.0,0.85,17,18,0.6,1.86,1.25,31.6,57.7,14.5,0,2
Maharashtra,Raigad,Poladpur Valley Settlement,0.8,11.0,57.6,150.2,49.5,74.1,25.5,48.0,0.85,17,18,1.73,1.86,1.25,24.4,84.3,26.5,1,3
Maharashtra,Raigad,Poladpur Valley Settlement,27.3,134.5,339.9,614.7,287.5,89.1,25.5,48.0,0.85,17,18,2.11,1.86,1.25,18.7,95.7,30.6,3,3
Maharashtra,Raigad,Poladpur Valley Settlement,4.3,24.5,81.7,150.3,69.6,67.1,25.5,48.0,0.85,17,18,1.58,1.86,1.25,23.3,81.6,25.3,1,2
Maharashtra,Raigad,Poladpur Valley Settlement,6.9,41.7,111.8,235.9,89.3,77.6,25.5,48.0,0.85,17,18,1.53,1.86,1.25,26.2,84.5,12.6,2,3
Maharashtra,Raigad,Poladpur Valley Settlement,8.7,43.6,133.9,243.9,112.6,74.3,25.5,48.0,0.85,17,18,1.44,1.86,1.25,22.6,83.6,23.5,1,3
Maharashtra,Raigad,Poladpur Valley Settlement,0.5,3.9,15.5,29.2,8.8,35.4,25.5,48.0,0.85,17,18,0.51,1.86,1.25,26.1,60.5,14.3,0,2
Maharashtra,Raigad,Poladpur Valley Settlement,15.2,111.3,355.9,613.4,425.0,80.6,25.5,48.0,0.85,17,18,2.15,1.86,1.25,20.8,92.5,33.7,3,3
Maharashtra,Raigad,Poladpur Valley Settlement,1.1,3.2,12.7,24.3,8.5,48.4,25.5,48.0,0.85,17,18,0.8,1.86,1.25,26.6,66.0,10.5,0,2
Maharashtra,Raigad,Poladpur Valley Settlement,4.5,31.7,124.6,269.9,135.1,63.7,25.5,48.0,0.85,17,18,1.71,1.86,1.25,25.9,80.9,14.2,1,2
Maharashtra,Raigad,Poladpur Valley Settlement,7.6,37.8,131.1,270.0,75.4,64.8,25.5,48.0,0.85,17,18,1.35,1.86,1.25,25.5,79.8,19.9,1,2
Maharashtra,Raigad,Poladpur Valley Settlement,12.6,59.2,200.8,397.5,151.9,69.7,25.5,48.0,0.85,17,18,1.43,1.86,1.25,22.1,78.6,27.4,2,2
Maharashtra,Raigad,Poladpur Valley Settlement,1.0,4.6,13.2,24.4,6.4,28.8,25.5,48.0,0.85,17,18,0.51,1.86,1.25,23.2,58.9,13.6,0,2
Maharashtra,Raigad,Poladpur Valley Settlement,0.3,2.0,6.0,16.5,1.9,33.1,25.5,48.0,0.85,17,18,0.63,1.86,1.25,25.8,57.7,10.8,0,2
Maharashtra,Raigad,Poladpur Valley Settlement,88.4,381.0,1025.3,1691.0,1072.1,97.6,25.5,48.0,0.85,17,18,2.42,1.86,1.25,23.9,97.6,52.7,3,3
Maharashtra,Raigad,Poladpur Valley Settlement,4.2,32.5,107.6,234.0,84.0,66.5,25.5,48.0,0.85,17,18,1.43,1.86,1.25,20.8,87.2,15.1,1,2
Maharashtra,Raigad,Poladpur Valley Settlement,5.1,14.7,32.0,63.8,18.4,51.9,25.5,48.0,0.85,17,18,0.54,1.86,1.25,29.9,50.0,9.0,0,2
Maharashtra,Raigad,Poladpur Valley Settlement,0.6,1.8,5.6,12.1,3.3,30.1,25.5,48.0,0.85,17,18,0.89,1.86,1.25,30.1,59.1,5.3,0,2
Maharashtra,Ratnagiri,Chiplun Vashishti Riverfront Ward 5,2.9,17.5,64.9,125.0,64.4,66.1,11.0,18.0,0.74,22,12,3.33,3.88,3.19,20.9,85.9,26.4,1,0
Maharashtra,Ratnagiri,Chiplun Vashishti Riverfront Ward 5,5.2,21.3,75.0,164.3,72.8,67.8,11.0,18.0,0.74,22,12,2.84,3.88,3.19,20.6,83.8,16.2,1,0
Maharashtra,Ratnagiri,Chiplun Vashishti Riverfront Ward 5,6.3,37.0,137.0,287.4,85.0,66.2,11.0,18.0,0.74,22,12,2.84,3.88,3.19,26.2,76.6,25.3,1,0
Maharashtra,Ratnagiri,Chiplun Vashishti Riverfront Ward 5,0.8,4.1,15.7,30.2,7.3,48.2,11.0,18.0,0.74,22,12,1.51,3.88,3.19,30.5,54.9,7.3,0,0
Maharashtra,Ratnagiri,Chiplun Vashishti Riverfront Ward 5,39.9,182.5,452.5,815.4,506.9,81.8,11.0,18.0,0.74,22,12,4.4,3.88,3.19,24.5,92.2,49.2,3,0
Maharashtra,Ratnagiri,Chiplun Vashishti Riverfront Ward 5,0.2,1.0,7.1,17.3,4.1,56.3,11.0,18.0,0.74,22,12,1.89,3.88,3.19,28.3,71.3,6.9,0,0
Maharashtra,Ratnagiri,Chiplun Vashishti Riverfront Ward 5,8.1,41.6,123.9,252.1,68.5,73.0,11.0,18.0,0.74,22,12,3.58,3.88,3.19,26.6,85.5,17.8,2,0
Maharashtra,Ratnagiri,Chiplun Vashishti Riverfront Ward 5,35.6,188.8,469.4,814.7,455.9,90.7,11.0,18.0,0.74,22,12,4.34,3.88,3.19,20.1,91.5,25.8,3,0
Maharashtra,Ratnagiri,Chiplun Vashishti Riverfront Ward 5,7.6,36.7,100.1,240.7,73.5,70.7,11.0,18.0,0.74,22,12,2.83,3.88,3.19,25.9,80.9,24.9,1,0
Maharashtra,Ratnagiri,Chiplun Vashishti Riverfront Ward 5,27.4,149.0,460.0,917.7,548.3,83.3,11.0,18.0,0.74,22,12,4.36,3.88,3.19,19.1,85.2,46.2,3,0
Maharashtra,Ratnagiri,Chiplun Vashishti Riverfront Ward 5,2.5,6.1,18.8,30.7,6.3,39.3,11.0,18.0,0.74,22,12,1.59,3.88,3.19,31.9,70.6,14.0,0,0
Maharashtra,Ratnagiri,Chiplun Vashishti Riverfront Ward 5,1.7,5.1,13.8,22.0,7.8,54.5,11.0,18.0,0.74,22,12,0.7,3.88,3.19,26.8,51.0,12.5,0,0
Maharashtra,Ratnagiri,Chiplun Vashishti Riverfront Ward 5,20.4,111.2,301.5,591.4,285.8,86.9,11.0,18.0,0.74,22,12,4.28,3.88,3.19,22.2,95.4,48.4,3,0
Maharashtra,Ratnagiri,Chiplun Vashishti Riverfront Ward 5,15.8,62.6,218.2,445.9,228.3,71.1,11.0,18.0,0.74,22,12,3.42,3.88,3.19,22.7,85.4,21.7,2,0
Maharashtra,Ratnagiri,Chiplun Vashishti Riverfront Ward 5,23.9,138.3,434.7,706.3,537.0,84.9,11.0,18.0,0.74,22,12,4.7,3.88,3.19,23.4,94.5,45.0,3,0
Maharashtra,Ratnagiri,Chiplun Vashishti Riverfront Ward 5,10.4,37.9,148.1,257.8,93.0,77.4,11.0,18.0,0.74,22,12,3.1,3.88,3.19,25.3,76.7,18.2,2,0
Maharashtra,Ratnagiri,Chiplun Vashishti Riverfront Ward 5,9.2,46.4,122.8,276.0,129.4,67.4,11.0,18.0,0.74,22,12,3.07,3.88,3.19,20.6,82.2,15.7,1,0
Maharashtra,Ratnagiri,Chiplun Vashishti Riverfront Ward 5,3.6,7.1,13.9,25.4,8.2,30.3,11.0,18.0,0.74,22,12,1.4,3.88,3.19,28.5,65.4,8.7,0,0
Maharashtra,Ratnagiri,Chiplun Vashishti Riverfront Ward 5,1.6,7.2,27.6,51.3,12.9,40.9,11.0,18.0,0.74,22,12,1.02,3.88,3.19,24.1,51.3,12.7,0,0
Maharashtra,Ratnagiri,Chiplun Vashishti Riverfront Ward 5,1.2,5.7,19.6,34.0,9.3,56.8,11.0,18.0,0.74,22,12,1.65,3.88,3.19,29.7,62.4,5.9,0,0
Maharashtra,Ratnagiri,Chiplun Vashishti Riverfront Ward 5,48.3,200.6,552.3,793.2,829.8,92.4,11.0,18.0,0.74,22,12,6.4,3.88,3.19,20.2,98.7,57.8,3,0
Maharashtra,Ratnagiri,Chiplun Vashishti Riverfront Ward 5,39.3,205.5,597.7,1135.3,518.1,78.4,11.0,18.0,0.74,22,12,3.9,3.88,3.19,22.5,91.2,26.6,3,0
Maharashtra,Ratnagiri,Chiplun Vashishti Riverfront Ward 5,8.0,36.5,132.3,280.7,103.2,75.6,11.0,18.0,0.74,22,12,3.59,3.88,3.19,20.8,76.7,19.6,2,0
Maharashtra,Ratnagiri,Chiplun Vashishti Riverfront Ward 5,0.1,3.1,12.0,25.7,4.4,47.8,11.0,18.0,0.74,22,12,1.77,3.88,3.19,32.0,63.2,14.1,0,0
Maharashtra,Ratnagiri,Chiplun Vashishti Riverfront Ward 5,7.3,36.1,118.2,198.4,61.1,72.5,11.0,18.0,0.74,22,12,3.18,3.88,3.19,27.0,87.3,13.9,1,0
Maharashtra,Ratnagiri,Khed Jagbudi River Lowland Village,1.3,4.4,13.3,20.4,5.2,27.5,14.5,22.0,0.76,18,15,1.04,3.49,2.86,28.2,68.4,11.9,0,0
Maharashtra,Ratnagiri,Khed Jagbudi River Lowland Village,38.7,149.9,434.5,662.0,591.6,85.4,14.5,22.0,0.76,18,15,3.37,3.49,2.86,21.5,85.0,40.1,3,0
Maharashtra,Ratnagiri,Khed Jagbudi River Lowland Village,66.6,275.4,721.2,1031.1,977.2,95.9,14.5,22.0,0.76,18,15,4.85,3.49,2.86,21.2,95.6,66.3,3,0
Maharashtra,Ratnagiri,Khed Jagbudi River Lowland Village,2.0,6.3,22.3,36.4,9.7,34.8,14.5,22.0,0.76,18,15,1.86,3.49,2.86,26.4,72.0,9.3,0,0
Maharashtra,Ratnagiri,Khed Jagbudi River Lowland Village,11.9,51.1,136.7,257.7,78.6,74.3,14.5,22.0,0.76,18,15,2.55,3.49,2.86,22.5,87.6,15.6,1,0
Maharashtra,Ratnagiri,Khed Jagbudi River Lowland Village,9.3,45.2,127.0,232.6,71.6,76.0,14.5,22.0,0.76,18,15,2.66,3.49,2.86,21.5,78.8,25.9,2,0
Maharashtra,Ratnagiri,Khed Jagbudi River Lowland Village,37.6,156.7,503.6,964.9,695.6,84.2,14.5,22.0,0.76,18,15,4.25,3.49,2.86,22.5,94.6,35.5,3,0
Maharashtra,Ratnagiri,Khed Jagbudi River Lowland Village,4.2,33.1,135.8,269.7,118.5,77.3,14.5,22.0,0.76,18,15,2.51,3.49,2.86,23.2,85.5,19.0,2,0
Maharashtra,Ratnagiri,Khed Jagbudi River Lowland Village,10.8,53.7,137.3,251.2,113.0,76.3,14.5,22.0,0.76,18,15,2.62,3.49,2.86,23.8,75.9,14.6,2,0
Maharashtra,Ratnagiri,Khed Jagbudi River Lowland Village,15.9,69.8,223.8,441.3,131.7,76.3,14.5,22.0,0.76,18,15,3.3,3.49,2.86,27.9,80.7,12.2,3,0
Maharashtra,Ratnagiri,Khed Jagbudi River Lowland Village,12.1,48.4,153.8,259.3,118.2,68.3,14.5,22.0,0.76,18,15,2.94,3.49,2.86,27.9,86.7,26.4,2,0
Maharashtra,Ratnagiri,Khed Jagbudi River Lowland Village,0.3,3.5,16.7,36.8,6.1,56.4,14.5,22.0,0.76,18,15,2.09,3.49,2.86,29.8,48.5,9.0,0,0
Maharashtra,Ratnagiri,Khed Jagbudi River Lowland Village,39.8,207.2,470.8,883.2,519.6,86.1,14.5,22.0,0.76,18,15,4.14,3.49,2.86,18.9,87.6,42.6,3,0
Maharashtra,Ratnagiri,Khed Jagbudi River Lowland Village,2.3,7.4,17.7,29.4,11.5,55.3,14.5,22.0,0.76,18,15,1.83,3.49,2.86,24.1,64.6,5.5,0,0
Maharashtra,Ratnagiri,Khed Jagbudi River Lowland Village,43.6,241.4,722.9,1237.6,1101.3,91.2,14.5,22.0,0.76,18,15,5.0,3.49,2.86,19.5,98.6,45.7,3,0
Maharashtra,Ratnagiri,Khed Jagbudi River Lowland Village,30.1,174.9,536.9,795.3,443.5,78.6,14.5,22.0,0.76,18,15,3.84,3.49,2.86,25.5,86.1,31.9,3,0
Maharashtra,Ratnagiri,Khed Jagbudi River Lowland Village,0.4,1.2,4.4,14.3,2.5,57.7,14.5,22.0,0.76,18,15,1.97,3.49,2.86,24.8,56.6,9.8,0,0
Maharashtra,Ratnagiri,Khed Jagbudi River Lowland Village,5.6,35.8,113.1,241.9,115.9,76.5,14.5,22.0,0.76,18,15,3.22,3.49,2.86,25.7,85.4,25.3,2,0
Maharashtra,Ratnagiri,Khed Jagbudi River Lowland Village,21.4,111.1,316.2,549.3,347.7,78.9,14.5,22.0,0.76,18,15,3.49,3.49,2.86,22.0,94.7,40.7,3,0
Maharashtra,Ratnagiri,Khed Jagbudi River Lowland Village,2.0,7.2,17.9,27.7,9.5,27.7,14.5,22.0,0.76,18,15,0.76,3.49,2.86,24.0,51.6,14.6,0,0
Maharashtra,Ratnagiri,Khed Jagbudi River Lowland Village,28.1,166.8,391.0,600.6,505.7,81.0,14.5,22.0,0.76,18,15,4.33,3.49,2.86,23.3,85.1,43.0,3,0
Maharashtra,Ratnagiri,Khed Jagbudi River Lowland Village,55.7,285.5,817.9,1266.6,991.9,97.0,14.5,22.0,0.76,18,15,4.92,3.49,2.86,21.6,94.7,46.9,3,0
Maharashtra,Ratnagiri,Khed Jagbudi River Lowland Village,7.7,36.4,93.5,212.8,67.5,72.4,14.5,22.0,0.76,18,15,2.87,3.49,2.86,26.3,83.7,19.2,2,0
Maharashtra,Ratnagiri,Khed Jagbudi River Lowland Village,38.3,203.4,528.2,897.2,600.7,79.8,14.5,22.0,0.76,18,15,3.84,3.49,2.86,23.9,88.8,41.0,3,0
Maharashtra,Ratnagiri,Khed Jagbudi River Lowland Village,11.9,52.1,178.5,321.0,156.0,70.3,14.5,22.0,0.76,18,15,2.9,3.49,2.86,24.7,81.5,27.9,2,0
Maharashtra,Ratnagiri,Sangameshwar Shastri Riverbank,4.8,10.9,31.5,56.0,17.1,44.6,22.0,42.0,0.81,16,17,1.36,3.3,2.81,29.8,52.0,10.8,0,1
Maharashtra,Ratnagiri,Sangameshwar Shastri Riverbank,21.9,108.6,274.3,560.4,225.6,80.3,22.0,42.0,0.81,16,17,3.99,3.3,2.81,20.1,85.6,27.2,3,2
Maharashtra,Ratnagiri,Sangameshwar Shastri Riverbank,8.9,51.8,149.9,318.2,85.0,75.9,22.0,42.0,0.81,16,17,2.58,3.3,2.81,20.2,79.6,20.0,2,2
Maharashtra,Ratnagiri,Sangameshwar Shastri Riverbank,1.0,3.4,8.9,16.2,3.9,34.1,22.0,42.0,0.81,16,17,1.16,3.3,2.81,26.6,52.6,10.0,0,1
Maharashtra,Ratnagiri,Sangameshwar Shastri Riverbank,53.2,221.5,596.6,1007.6,1038.3,96.2,22.0,42.0,0.81,16,17,4.45,3.3,2.81,23.8,98.7,71.6,3,3
Maharashtra,Ratnagiri,Sangameshwar Shastri Riverbank,1.5,20.3,77.4,180.8,71.7,73.9,22.0,42.0,0.81,16,17,2.71,3.3,2.81,22.0,81.0,20.5,0,2
Maharashtra,Ratnagiri,Sangameshwar Shastri Riverbank,3.9,12.6,24.2,44.7,8.3,52.1,22.0,42.0,0.81,16,17,1.68,3.3,2.81,23.3,70.8,15.3,0,1
Maharashtra,Ratnagiri,Sangameshwar Shastri Riverbank,1.3,5.2,11.8,26.9,6.1,29.5,22.0,42.0,0.81,16,17,1.34,3.3,2.81,25.6,48.5,15.6,0,1
Maharashtra,Ratnagiri,Sangameshwar Shastri Riverbank,6.5,34.1,135.2,238.5,67.9,72.5,22.0,42.0,0.81,16,17,3.08,3.3,2.81,26.8,85.6,21.7,1,2
Maharashtra,Ratnagiri,Sangameshwar Shastri Riverbank,1.5,6.0,21.9,46.3,8.2,56.5,22.0,42.0,0.81,16,17,1.23,3.3,2.81,23.0,48.9,13.5,0,1
Maharashtra,Ratnagiri,Sangameshwar Shastri Riverbank,30.9,157.4,502.7,859.3,648.1,88.1,22.0,42.0,0.81,16,17,3.55,3.3,2.81,19.5,85.4,34.8,3,3
Maharashtra,Ratnagiri,Sangameshwar Shastri Riverbank,8.6,40.2,144.1,270.3,96.9,73.7,22.0,42.0,0.81,16,17,2.67,3.3,2.81,22.6,83.8,13.5,1,2
Maharashtra,Ratnagiri,Sangameshwar Shastri Riverbank,2.1,6.3,20.9,38.7,8.6,47.2,22.0,42.0,0.81,16,17,1.94,3.3,2.81,22.6,71.5,10.8,0,1
Maharashtra,Ratnagiri,Sangameshwar Shastri Riverbank,1.1,3.4,7.2,18.8,4.3,33.1,22.0,42.0,0.81,16,17,0.8,3.3,2.81,22.5,62.5,15.3,0,1
Maharashtra,Ratnagiri,Sangameshwar Shastri Riverbank,6.3,31.5,88.1,202.4,45.3,71.9,22.0,42.0,0.81,16,17,2.74,3.3,2.81,20.8,82.2,15.8,1,2
Maharashtra,Ratnagiri,Sangameshwar Shastri Riverbank,0.8,4.9,16.4,31.6,8.1,36.7,22.0,42.0,0.81,16,17,0.91,3.3,2.81,26.0,58.1,9.9,0,1
Maharashtra,Ratnagiri,Sangameshwar Shastri Riverbank,4.2,23.1,78.8,159.9,82.4,68.5,22.0,42.0,0.81,16,17,2.47,3.3,2.81,27.1,78.2,15.5,0,2
Maharashtra,Ratnagiri,Sangameshwar Shastri Riverbank,33.6,133.0,348.2,541.0,290.9,87.0,22.0,42.0,0.81,16,17,3.34,3.3,2.81,20.0,94.4,40.9,3,3
Maharashtra,Ratnagiri,Sangameshwar Shastri Riverbank,4.2,26.0,104.5,231.9,83.9,76.3,22.0,42.0,0.81,16,17,2.99,3.3,2.81,23.8,77.8,26.2,2,2
Maharashtra,Ratnagiri,Sangameshwar Shastri Riverbank,6.2,37.3,117.5,224.0,101.1,64.4,22.0,42.0,0.81,16,17,2.72,3.3,2.81,24.8,82.4,24.6,1,2
Maharashtra,Ratnagiri,Sangameshwar Shastri Riverbank,0.5,1.6,4.8,9.0,3.2,31.2,22.0,42.0,0.81,16,17,0.78,3.3,2.81,30.3,66.2,14.4,0,1
Maharashtra,Ratnagiri,Sangameshwar Shastri Riverbank,23.1,93.3,250.0,486.8,258.8,82.1,22.0,42.0,0.81,16,17,3.34,3.3,2.81,19.3,93.6,45.2,3,2
Maharashtra,Ratnagiri,Sangameshwar Shastri Riverbank,0.4,10.5,64.3,158.1,50.0,64.4,22.0,42.0,0.81,16,17,3.08,3.3,2.81,27.7,80.2,20.0,1,2
Maharashtra,Ratnagiri,Sangameshwar Shastri Riverbank,1.0,2.5,13.3,32.6,5.7,40.9,22.0,42.0,0.81,16,17,0.59,3.3,2.81,31.2,50.7,13.3,0,1
Maharashtra,Ratnagiri,Sangameshwar Shastri Riverbank,0.3,2.3,11.5,25.9,5.0,49.1,22.0,42.0,0.81,16,17,1.18,3.3,2.81,31.6,73.0,14.7,0,1
Maharashtra,Pune,Sinhagad Road Mutha Basin Ward 14,7.1,36.4,110.6,188.9,108.6,72.2,6.5,560.0,0.32,15,2,2.26,2.98,2.47,25.7,85.7,17.7,1,0
Maharashtra,Pune,Sinhagad Road Mutha Basin Ward 14,34.0,165.7,427.5,647.5,447.4,80.8,6.5,560.0,0.32,15,2,2.94,2.98,2.47,20.5,87.2,49.3,3,0
Maharashtra,Pune,Sinhagad Road Mutha Basin Ward 14,35.4,157.8,488.7,832.5,496.2,89.4,6.5,560.0,0.32,15,2,3.15,2.98,2.47,22.6,88.6,35.3,3,0
Maharashtra,Pune,Sinhagad Road Mutha Basin Ward 14,0.8,5.1,15.7,29.6,5.7,43.8,6.5,560.0,0.32,15,2,1.03,2.98,2.47,24.7,52.7,6.5,0,0
Maharashtra,Pune,Sinhagad Road Mutha Basin Ward 14,2.1,7.1,14.4,24.2,9.6,45.9,6.5,560.0,0.32,15,2,1.63,2.98,2.47,24.0,64.2,7.5,0,0
Maharashtra,Pune,Sinhagad Road Mutha Basin Ward 14,0.4,1.0,5.4,9.4,3.4,26.5,6.5,560.0,0.32,15,2,0.6,2.98,2.47,29.9,49.7,11.5,0,0
Maharashtra,Pune,Sinhagad Road Mutha Basin Ward 14,0.1,2.5,11.5,26.5,4.3,30.0,6.5,560.0,0.32,15,2,1.32,2.98,2.47,25.7,47.6,15.9,0,0
Maharashtra,Pune,Sinhagad Road Mutha Basin Ward 14,6.3,38.3,144.0,248.9,130.5,72.7,6.5,560.0,0.32,15,2,2.69,2.98,2.47,21.6,75.7,20.7,2,0
Maharashtra,Pune,Sinhagad Road Mutha Basin Ward 14,5.1,32.4,101.2,210.1,53.7,77.6,6.5,560.0,0.32,15,2,2.47,2.98,2.47,22.5,80.2,27.7,2,0
Maharashtra,Pune,Sinhagad Road Mutha Basin Ward 14,0.3,2.3,10.6,23.5,5.9,31.9,6.5,560.0,0.32,15,2,1.05,2.98,2.47,23.6,65.5,8.9,0,0
Maharashtra,Pune,Sinhagad Road Mutha Basin Ward 14,28.2,124.6,386.6,720.5,396.7,85.9,6.5,560.0,0.32,15,2,3.59,2.98,2.47,19.7,95.0,28.6,3,0
Maharashtra,Pune,Sinhagad Road Mutha Basin Ward 14,10.4,51.6,163.4,345.2,134.7,73.5,6.5,560.0,0.32,15,2,2.62,2.98,2.47,23.8,75.7,22.9,2,0
Maharashtra,Pune,Sinhagad Road Mutha Basin Ward 14,3.4,24.2,83.2,209.6,62.4,63.7,6.5,560.0,0.32,15,2,2.36,2.98,2.47,27.5,78.9,23.7,1,0
Maharashtra,Pune,Sinhagad Road Mutha Basin Ward 14,0.6,4.4,14.9,28.6,9.0,49.6,6.5,560.0,0.32,15,2,1.44,2.98,2.47,31.6,73.3,11.8,0,0
Maharashtra,Pune,Sinhagad Road Mutha Basin Ward 14,3.1,11.0,37.8,70.2,23.4,46.5,6.5,560.0,0.32,15,2,1.73,2.98,2.47,25.6,60.6,9.7,0,0
Maharashtra,Pune,Sinhagad Road Mutha Basin Ward 14,25.4,116.5,324.8,654.3,387.6,90.2,6.5,560.0,0.32,15,2,3.32,2.98,2.47,22.4,86.3,39.5,3,0
Maharashtra,Pune,Sinhagad Road Mutha Basin Ward 14,2.2,7.0,23.4,41.7,16.1,44.9,6.5,560.0,0.32,15,2,1.56,2.98,2.47,28.3,63.3,13.9,0,0
Maharashtra,Pune,Sinhagad Road Mutha Basin Ward 14,0.4,1.5,4.3,7.4,2.6,31.0,6.5,560.0,0.32,15,2,0.51,2.98,2.47,23.5,62.4,9.0,0,0
Maharashtra,Pune,Sinhagad Road Mutha Basin Ward 14,1.0,3.6,14.6,30.8,6.1,25.2,6.5,560.0,0.32,15,2,1.25,2.98,2.47,22.8,59.6,7.0,0,0
Maharashtra,Pune,Sinhagad Road Mutha Basin Ward 14,0.4,2.3,11.2,19.1,3.4,53.0,6.5,560.0,0.32,15,2,0.83,2.98,2.47,28.6,58.7,12.0,0,0
Maharashtra,Pune,Sinhagad Road Mutha Basin Ward 14,2.9,9.3,16.9,28.7,11.8,49.7,6.5,560.0,0.32,15,2,1.79,2.98,2.47,25.8,55.3,15.6,0,0
Maharashtra,Pune,Sinhagad Road Mutha Basin Ward 14,2.9,10.7,32.6,48.8,21.0,55.0,6.5,560.0,0.32,15,2,1.15,2.98,2.47,25.7,47.2,8.1,0,0
Maharashtra,Pune,Sinhagad Road Mutha Basin Ward 14,17.3,63.7,190.5,411.6,146.9,64.1,6.5,560.0,0.32,15,2,2.2,2.98,2.47,27.7,86.8,25.5,1,0
Maharashtra,Pune,Sinhagad Road Mutha Basin Ward 14,6.9,19.6,53.8,98.6,31.8,34.3,6.5,560.0,0.32,15,2,1.46,2.98,2.47,28.4,50.4,7.3,0,0
Maharashtra,Pune,Sinhagad Road Mutha Basin Ward 14,0.7,1.9,8.9,16.5,5.2,43.0,6.5,560.0,0.32,15,2,0.69,2.98,2.47,29.4,55.5,12.8,0,0
Maharashtra,Pune,Malin Debris Avalanche Sector,10.0,35.3,96.9,196.5,65.3,70.5,36.0,780.0,0.94,7,23,2.16,2.34,1.83,21.7,86.6,19.9,1,3
Maharashtra,Pune,Malin Debris Avalanche Sector,0.1,0.5,2.0,13.3,1.0,52.4,36.0,780.0,0.94,7,23,0.97,2.34,1.83,29.4,73.6,5.1,0,2
Maharashtra,Pune,Malin Debris Avalanche Sector,1.7,5.3,20.2,33.0,6.2,30.6,36.0,780.0,0.94,7,23,1.04,2.34,1.83,25.0,59.5,13.9,0,2
Maharashtra,Pune,Malin Debris Avalanche Sector,53.1,275.2,722.5,1072.7,884.9,90.7,36.0,780.0,0.94,7,23,3.51,2.34,1.83,16.2,94.3,47.8,3,3
Maharashtra,Pune,Malin Debris Avalanche Sector,8.6,37.6,121.9,234.1,97.3,66.0,36.0,780.0,0.94,7,23,1.86,2.34,1.83,23.9,84.5,20.9,1,3
Maharashtra,Pune,Malin Debris Avalanche Sector,39.9,190.7,551.5,901.2,547.7,88.1,36.0,780.0,0.94,7,23,2.23,2.34,1.83,22.0,86.8,29.2,3,3
Maharashtra,Pune,Malin Debris Avalanche Sector,3.5,24.3,95.7,194.4,87.4,76.5,36.0,780.0,0.94,7,23,1.64,2.34,1.83,22.9,76.2,14.5,1,3
Maharashtra,Pune,Malin Debris Avalanche Sector,21.4,105.3,276.3,577.4,281.4,80.5,36.0,780.0,0.94,7,23,2.25,2.34,1.83,20.5,85.7,36.7,3,3
Maharashtra,Pune,Malin Debris Avalanche Sector,21.8,141.3,421.7,765.4,426.3,89.4,36.0,780.0,0.94,7,23,2.53,2.34,1.83,21.5,90.6,35.1,3,3
Maharashtra,Pune,Malin Debris Avalanche Sector,0.7,2.3,12.7,26.3,7.2,25.8,36.0,780.0,0.94,7,23,1.05,2.34,1.83,27.4,47.4,7.7,0,2
Maharashtra,Pune,Malin Debris Avalanche Sector,69.6,340.0,717.3,1268.7,909.7,93.9,36.0,780.0,0.94,7,23,3.65,2.34,1.83,19.2,95.1,71.1,3,3
Maharashtra,Pune,Malin Debris Avalanche Sector,11.1,44.1,124.9,250.3,121.7,69.2,36.0,780.0,0.94,7,23,1.76,2.34,1.83,20.6,86.7,25.9,0,3
Maharashtra,Pune,Malin Debris Avalanche Sector,8.7,41.5,109.7,196.5,77.9,65.7,36.0,780.0,0.94,7,23,1.86,2.34,1.83,27.0,80.7,22.5,1,3
Maharashtra,Pune,Malin Debris Avalanche Sector,4.9,10.4,28.0,51.5,14.4,42.3,36.0,780.0,0.94,7,23,0.98,2.34,1.83,29.8,55.8,10.5,0,2
Maharashtra,Pune,Malin Debris Avalanche Sector,4.4,10.9,33.8,54.8,19.6,54.4,36.0,780.0,0.94,7,23,1.05,2.34,1.83,23.6,72.0,5.3,0,2
Maharashtra,Pune,Malin Debris Avalanche Sector,21.1,118.8,309.3,589.8,300.5,82.0,36.0,780.0,0.94,7,23,2.32,2.34,1.83,21.6,91.4,30.8,3,3
Maharashtra,Pune,Malin Debris Avalanche Sector,24.8,126.3,306.1,595.1,328.3,80.3,36.0,780.0,0.94,7,23,2.9,2.34,1.83,21.8,88.7,49.5,3,3
Maharashtra,Pune,Malin Debris Avalanche Sector,0.2,1.4,5.6,16.2,2.6,31.4,36.0,780.0,0.94,7,23,0.74,2.34,1.83,22.6,52.9,14.7,0,2
Maharashtra,Pune,Malin Debris Avalanche Sector,0.8,2.4,14.3,28.6,5.5,30.7,36.0,780.0,0.94,7,23,1.26,2.34,1.83,27.6,50.5,7.4,0,2
Maharashtra,Pune,Malin Debris Avalanche Sector,0.4,1.6,9.9,22.5,5.6,35.1,36.0,780.0,0.94,7,23,0.74,2.34,1.83,24.9,49.4,5.9,0,2
Maharashtra,Pune,Malin Debris Avalanche Sector,10.3,43.6,128.9,249.7,123.6,63.3,36.0,780.0,0.94,7,23,1.93,2.34,1.83,25.7,77.3,22.0,1,3
Maharashtra,Pune,Malin Debris Avalanche Sector,1.8,4.1,10.2,23.6,4.7,49.8,36.0,780.0,0.94,7,23,1.06,2.34,1.83,23.7,52.6,9.3,0,2
Maharashtra,Pune,Malin Debris Avalanche Sector,0.5,2.8,8.3,17.0,4.7,45.5,36.0,780.0,0.94,7,23,0.96,2.34,1.83,27.0,67.9,11.3,0,2
Maharashtra,Pune,Malin Debris Avalanche Sector,0.6,1.3,9.4,23.3,5.3,51.3,36.0,780.0,0.94,7,23,0.69,2.34,1.83,24.8,71.5,7.0,0,2
Maharashtra,Pune,Malin Debris Avalanche Sector,13.2,49.0,158.1,270.7,97.7,63.2,36.0,780.0,0.94,7,23,2.04,2.34,1.83,20.7,78.3,27.7,1,3
Maharashtra,Pune,Mulshi Dam Catchment Village,5.1,33.9,101.8,181.3,100.9,63.1,27.5,620.0,0.79,11,15,2.4,3.07,2.6,23.3,80.5,23.8,1,1
Maharashtra,Pune,Mulshi Dam Catchment Village,1.3,11.7,61.7,145.4,64.7,71.7,27.5,620.0,0.79,11,15,2.83,3.07,2.6,21.2,86.2,13.0,1,1
Maharashtra,Pune,Mulshi Dam Catchment Village,73.7,323.5,735.8,1254.3,785.0,95.5,27.5,620.0,0.79,11,15,3.83,3.07,2.6,23.2,94.2,40.6,3,3
Maharashtra,Pune,Mulshi Dam Catchment Village,46.3,224.3,615.7,1094.1,1073.0,95.9,27.5,620.0,0.79,11,15,4.26,3.07,2.6,24.0,98.0,73.5,3,3
Maharashtra,Pune,Mulshi Dam Catchment Village,3.2,18.3,81.5,169.6,67.5,64.3,27.5,620.0,0.79,11,15,2.24,3.07,2.6,23.7,80.1,18.1,1,1
Maharashtra,Pune,Mulshi Dam Catchment Village,17.9,79.5,227.4,349.3,122.9,63.4,27.5,620.0,0.79,11,15,2.8,3.07,2.6,21.1,80.1,22.3,2,2
Maharashtra,Pune,Mulshi Dam Catchment Village,3.2,8.4,29.5,49.1,15.7,30.6,27.5,620.0,0.79,11,15,1.52,3.07,2.6,30.4,67.2,12.8,0,1
Maharashtra,Pune,Mulshi Dam Catchment Village,2.7,19.8,74.5,191.8,68.6,71.7,27.5,620.0,0.79,11,15,2.33,3.07,2.6,21.8,79.4,20.0,0,1
Maharashtra,Pune,Mulshi Dam Catchment Village,7.4,39.8,136.8,259.4,106.9,73.5,27.5,620.0,0.79,11,15,2.28,3.07,2.6,23.0,77.8,16.4,1,2
Maharashtra,Pune,Mulshi Dam Catchment Village,11.3,38.0,120.7,259.6,85.0,74.9,27.5,620.0,0.79,11,15,2.73,3.07,2.6,27.0,81.9,24.3,1,2
Maharashtra,Pune,Mulshi Dam Catchment Village,1.9,24.2,76.1,165.0,52.1,69.5,27.5,620.0,0.79,11,15,2.86,3.07,2.6,20.1,81.3,25.5,1,1
Maharashtra,Pune,Mulshi Dam Catchment Village,17.2,83.0,256.6,492.6,249.3,79.5,27.5,620.0,0.79,11,15,2.94,3.07,2.6,24.3,94.4,33.6,2,2
Maharashtra,Pune,Mulshi Dam Catchment Village,3.3,10.9,28.1,44.6,10.2,34.1,27.5,620.0,0.79,11,15,0.85,3.07,2.6,29.7,67.9,15.4,0,1
Maharashtra,Pune,Mulshi Dam Catchment Village,2.1,8.0,23.2,42.1,11.2,32.4,27.5,620.0,0.79,11,15,1.77,3.07,2.6,24.5,69.4,13.8,0,1
Maharashtra,Pune,Mulshi Dam Catchment Village,0.6,2.2,5.5,16.2,2.9,34.6,27.5,620.0,0.79,11,15,1.16,3.07,2.6,27.9,64.2,5.9,0,1
Maharashtra,Pune,Mulshi Dam Catchment Village,9.4,37.8,107.4,246.5,93.7,71.0,27.5,620.0,0.79,11,15,2.75,3.07,2.6,27.9,79.3,14.6,1,2
Maharashtra,Pune,Mulshi Dam Catchment Village,24.9,127.3,420.5,621.4,392.9,85.2,27.5,620.0,0.79,11,15,3.16,3.07,2.6,21.5,85.6,31.6,3,3
Maharashtra,Pune,Mulshi Dam Catchment Village,1.8,4.7,10.2,19.3,6.7,32.3,27.5,620.0,0.79,11,15,1.51,3.07,2.6,25.4,66.2,7.2,0,1
Maharashtra,Pune,Mulshi Dam Catchment Village,88.1,342.2,707.0,978.8,952.7,91.6,27.5,620.0,0.79,11,15,4.06,3.07,2.6,20.1,93.0,50.9,3,3
Maharashtra,Pune,Mulshi Dam Catchment Village,1.9,5.2,14.5,24.5,5.2,30.9,27.5,620.0,0.79,11,15,1.05,3.07,2.6,25.5,63.1,14.1,0,1
Maharashtra,Pune,Mulshi Dam Catchment Village,7.3,34.2,106.7,180.7,110.0,68.2,27.5,620.0,0.79,11,15,2.91,3.07,2.6,21.6,85.8,24.9,1,1
Maharashtra,Pune,Mulshi Dam Catchment Village,0.5,2.3,9.0,17.3,5.6,39.2,27.5,620.0,0.79,11,15,1.46,3.07,2.6,28.8,63.9,15.1,0,1
Maharashtra,Pune,Mulshi Dam Catchment Village,0.7,3.3,7.4,13.3,2.9,38.7,27.5,620.0,0.79,11,15,1.55,3.07,2.6,29.2,57.4,15.3,0,1
Maharashtra,Pune,Mulshi Dam Catchment Village,26.4,145.8,463.5,763.2,542.5,78.8,27.5,620.0,0.79,11,15,3.15,3.07,2.6,25.7,86.2,33.3,3,3
Maharashtra,Pune,Mulshi Dam Catchment Village,21.3,116.1,307.5,518.7,351.9,83.2,27.5,620.0,0.79,11,15,3.13,3.07,2.6,18.4,91.8,43.8,3,2
Odisha,Puri,Kakatpur Prachi Riverbank Ward,5.7,31.8,124.2,238.5,85.6,73.9,1.5,8.0,0.16,18,0,2.03,2.83,2.36,20.2,79.9,12.3,1,0
Odisha,Puri,Kakatpur Prachi Riverbank Ward,1.5,4.2,15.1,32.0,9.0,34.8,1.5,8.0,0.16,18,0,1.54,2.83,2.36,26.8,49.7,15.3,0,0
Odisha,Puri,Kakatpur Prachi Riverbank Ward,64.3,297.5,780.6,1134.9,1302.2,95.5,1.5,8.0,0.16,18,0,3.71,2.83,2.36,17.4,94.0,52.5,3,0
Odisha,Puri,Kakatpur Prachi Riverbank Ward,2.5,6.4,12.9,26.2,8.8,41.7,1.5,8.0,0.16,18,0,0.76,2.83,2.36,26.6,48.3,9.1,0,0
Odisha,Puri,Kakatpur Prachi Riverbank Ward,5.7,15.0,42.5,76.7,25.0,56.5,1.5,8.0,0.16,18,0,0.88,2.83,2.36,28.0,73.6,9.2,1,0
Odisha,Puri,Kakatpur Prachi Riverbank Ward,30.6,131.8,373.3,737.1,364.3,82.2,1.5,8.0,0.16,18,0,2.9,2.83,2.36,20.6,87.6,39.6,3,0
Odisha,Puri,Kakatpur Prachi Riverbank Ward,1.7,4.3,10.3,26.4,5.3,41.4,1.5,8.0,0.16,18,0,0.96,2.83,2.36,24.6,71.7,13.7,0,0
Odisha,Puri,Kakatpur Prachi Riverbank Ward,9.7,44.0,154.6,270.2,112.2,77.0,1.5,8.0,0.16,18,0,2.52,2.83,2.36,24.9,84.8,18.8,3,0
Odisha,Puri,Kakatpur Prachi Riverbank Ward,2.9,8.5,16.7,26.2,10.3,35.2,1.5,8.0,0.16,18,0,0.6,2.83,2.36,26.8,66.3,14.1,0,0
Odisha,Puri,Kakatpur Prachi Riverbank Ward,10.1,45.8,113.9,218.3,77.3,73.9,1.5,8.0,0.16,18,0,2.41,2.83,2.36,21.0,83.9,13.4,2,0
Odisha,Puri,Kakatpur Prachi Riverbank Ward,23.8,109.2,308.4,614.3,370.1,80.8,1.5,8.0,0.16,18,0,2.8,2.83,2.36,22.5,89.4,42.2,3,0
Odisha,Puri,Kakatpur Prachi Riverbank Ward,3.6,31.6,112.4,255.0,90.5,67.6,1.5,8.0,0.16,18,0,2.51,2.83,2.36,20.9,79.2,25.4,2,0
Odisha,Puri,Kakatpur Prachi Riverbank Ward,13.9,48.7,156.8,274.0,100.9,76.9,1.5,8.0,0.16,18,0,2.17,2.83,2.36,22.0,83.3,17.5,2,0
Odisha,Puri,Kakatpur Prachi Riverbank Ward,22.8,118.7,376.1,684.2,343.3,79.8,1.5,8.0,0.16,18,0,3.46,2.83,2.36,25.4,90.6,34.3,3,0
Odisha,Puri,Kakatpur Prachi Riverbank Ward,12.7,42.3,160.6,305.4,161.8,76.3,1.5,8.0,0.16,18,0,2.39,2.83,2.36,26.1,86.4,21.3,3,0
Odisha,Puri,Kakatpur Prachi Riverbank Ward,7.2,37.4,139.5,321.7,76.9,68.8,1.5,8.0,0.16,18,0,2.16,2.83,2.36,22.8,81.4,12.8,1,0
Odisha,Puri,Kakatpur Prachi Riverbank Ward,24.7,155.6,368.8,648.0,350.5,81.3,1.5,8.0,0.16,18,0,3.49,2.83,2.36,19.1,88.1,39.7,3,0
Odisha,Puri,Kakatpur Prachi Riverbank Ward,15.2,85.3,235.0,462.7,248.0,84.5,1.5,8.0,0.16,18,0,3.27,2.83,2.36,18.1,90.8,41.7,3,0
Odisha,Puri,Kakatpur Prachi Riverbank Ward,0.6,2.6,6.6,13.4,3.2,46.2,1.5,8.0,0.16,18,0,0.95,2.83,2.36,26.5,56.7,13.0,0,0
Odisha,Puri,Kakatpur Prachi Riverbank Ward,1.4,4.5,14.8,34.1,8.6,32.2,1.5,8.0,0.16,18,0,1.45,2.83,2.36,26.7,45.6,13.3,0,0
Odisha,Puri,Kakatpur Prachi Riverbank Ward,0.2,2.6,11.0,23.9,4.7,47.6,1.5,8.0,0.16,18,0,0.79,2.83,2.36,25.4,57.4,6.3,0,0
Odisha,Puri,Kakatpur Prachi Riverbank Ward,14.9,62.2,177.0,294.2,179.5,72.8,1.5,8.0,0.16,18,0,2.5,2.83,2.36,22.6,83.7,18.6,2,0
Odisha,Puri,Kakatpur Prachi Riverbank Ward,0.7,2.3,14.0,31.4,4.7,55.7,1.5,8.0,0.16,18,0,1.14,2.83,2.36,22.8,59.5,11.6,0,0
Odisha,Puri,Kakatpur Prachi Riverbank Ward,20.2,104.6,286.5,585.1,259.3,79.0,1.5,8.0,0.16,18,0,2.9,2.83,2.36,21.3,94.3,39.5,3,0
Odisha,Puri,Kakatpur Prachi Riverbank Ward,1.1,2.6,11.3,25.4,6.1,57.6,1.5,8.0,0.16,18,0,0.54,2.83,2.36,24.2,55.8,8.8,0,0
Odisha,Puri,Gop Kushabhadra Lowland Village,4.2,10.7,28.2,55.9,12.2,39.9,1.2,11.0,0.14,19,0,0.68,3.67,3.07,28.3,46.4,13.9,0,0
Odisha,Puri,Gop Kushabhadra Lowland Village,21.2,110.2,325.1,535.6,410.8,82.6,1.2,11.0,0.14,19,0,3.8,3.67,3.07,24.8,88.2,38.5,3,0
Odisha,Puri,Gop Kushabhadra Lowland Village,3.8,10.9,30.2,55.9,20.0,54.9,1.2,11.0,0.14,19,0,0.63,3.67,3.07,23.2,62.6,9.9,0,0
Odisha,Puri,Gop Kushabhadra Lowland Village,8.1,37.7,131.4,247.1,93.0,70.1,1.2,11.0,0.14,19,0,3.48,3.67,3.07,27.7,84.1,24.9,2,0
Odisha,Puri,Gop Kushabhadra Lowland Village,4.9,15.7,44.2,78.1,29.0,56.6,1.2,11.0,0.14,19,0,1.51,3.67,3.07,27.6,52.9,13.6,1,0
Odisha,Puri,Gop Kushabhadra Lowland Village,0.5,3.9,12.5,27.3,5.8,38.0,1.2,11.0,0.14,19,0,1.8,3.67,3.07,24.4,61.3,14.3,0,0
Odisha,Puri,Gop Kushabhadra Lowland Village,1.9,6.5,25.2,47.5,8.5,37.1,1.2,11.0,0.14,19,0,1.12,3.67,3.07,26.0,58.3,7.1,0,0
Odisha,Puri,Gop Kushabhadra Lowland Village,71.9,347.0,950.9,1589.5,1242.7,90.1,1.2,11.0,0.14,19,0,4.6,3.67,3.07,22.2,92.6,60.5,3,0
Odisha,Puri,Gop Kushabhadra Lowland Village,0.5,2.8,7.8,15.6,4.0,57.8,1.2,11.0,0.14,19,0,1.29,3.67,3.07,22.0,49.2,14.9,0,0
Odisha,Puri,Gop Kushabhadra Lowland Village,91.1,412.6,1020.1,1449.2,1491.7,94.1,1.2,11.0,0.14,19,0,5.81,3.67,3.07,19.4,93.5,41.6,3,0
Odisha,Puri,Gop Kushabhadra Lowland Village,3.4,9.4,28.2,54.3,13.2,25.0,1.2,11.0,0.14,19,0,1.65,3.67,3.07,27.8,65.9,8.8,0,0
Odisha,Puri,Gop Kushabhadra Lowland Village,12.0,51.9,188.0,366.9,97.8,66.2,1.2,11.0,0.14,19,0,3.33,3.67,3.07,21.6,78.2,18.3,2,0
Odisha,Puri,Gop Kushabhadra Lowland Village,15.1,116.4,305.2,572.6,380.8,81.4,1.2,11.0,0.14,19,0,4.21,3.67,3.07,24.0,90.7,37.6,3,0
Odisha,Puri,Gop Kushabhadra Lowland Village,16.8,53.1,136.6,315.6,102.9,76.1,1.2,11.0,0.14,19,0,2.72,3.67,3.07,22.2,81.4,20.1,2,0
Odisha,Puri,Gop Kushabhadra Lowland Village,1.4,3.6,6.8,12.1,2.4,35.4,1.2,11.0,0.14,19,0,1.92,3.67,3.07,29.7,45.4,5.3,0,0
Odisha,Puri,Gop Kushabhadra Lowland Village,77.6,412.7,954.1,1623.6,1290.7,97.2,1.2,11.0,0.14,19,0,4.79,3.67,3.07,18.5,95.5,44.8,3,0
Odisha,Puri,Gop Kushabhadra Lowland Village,19.3,81.0,239.5,449.8,135.2,70.5,1.2,11.0,0.14,19,0,3.44,3.67,3.07,23.0,75.9,15.5,2,0
Odisha,Puri,Gop Kushabhadra Lowland Village,0.5,2.5,10.1,22.9,5.9,36.8,1.2,11.0,0.14,19,0,0.62,3.67,3.07,22.9,72.1,12.2,0,0
Odisha,Puri,Gop Kushabhadra Lowland Village,1.3,3.8,14.3,25.6,4.7,31.0,1.2,11.0,0.14,19,0,1.52,3.67,3.07,28.2,67.1,11.5,0,0
Odisha,Puri,Gop Kushabhadra Lowland Village,20.7,116.3,337.5,597.5,442.6,78.5,1.2,11.0,0.14,19,0,4.18,3.67,3.07,24.7,94.3,38.1,3,0
Odisha,Puri,Gop Kushabhadra Lowland Village,89.5,440.9,1163.6,1521.1,1733.2,99.3,1.2,11.0,0.14,19,0,5.31,3.67,3.07,20.3,94.0,61.8,3,0
Odisha,Puri,Gop Kushabhadra Lowland Village,3.4,17.6,59.1,146.4,36.8,72.0,1.2,11.0,0.14,19,0,3.21,3.67,3.07,23.6,75.1,18.2,1,0
Odisha,Puri,Gop Kushabhadra Lowland Village,1.7,6.7,18.0,27.0,7.7,32.3,1.2,11.0,0.14,19,0,1.99,3.67,3.07,23.1,69.4,10.6,0,0
Odisha,Puri,Gop Kushabhadra Lowland Village,0.5,2.5,10.6,26.8,6.5,51.8,1.2,11.0,0.14,19,0,1.51,3.67,3.07,28.1,67.9,14.6,0,0
Odisha,Puri,Gop Kushabhadra Lowland Village,3.4,9.7,29.6,45.3,14.8,49.8,1.2,11.0,0.14,19,0,0.83,3.67,3.07,28.8,45.4,9.6,0,0
Odisha,Puri,Brahmagiri Chilika Lake Edge Ward,8.8,44.3,129.7,262.5,90.0,74.0,0.8,4.0,0.12,17,0,2.57,3.14,2.59,21.5,80.3,21.2,1,0
Odisha,Puri,Brahmagiri Chilika Lake Edge Ward,3.1,27.1,87.2,174.9,83.7,67.7,0.8,4.0,0.12,17,0,2.76,3.14,2.59,27.8,78.9,25.0,1,0
Odisha,Puri,Brahmagiri Chilika Lake Edge Ward,28.3,159.6,476.7,940.1,395.2,79.6,0.8,4.0,0.12,17,0,3.47,3.14,2.59,25.6,93.4,27.6,3,0
Odisha,Puri,Brahmagiri Chilika Lake Edge Ward,2.8,8.9,20.1,35.6,9.7,34.5,0.8,4.0,0.12,17,0,1.11,3.14,2.59,31.9,64.5,5.7,0,0
Odisha,Puri,Brahmagiri Chilika Lake Edge Ward,15.5,76.8,181.6,319.7,198.9,75.8,0.8,4.0,0.12,17,0,2.38,3.14,2.59,23.5,84.1,14.8,2,0
Odisha,Puri,Brahmagiri Chilika Lake Edge Ward,9.3,42.6,125.4,279.2,91.1,73.0,0.8,4.0,0.12,17,0,2.87,3.14,2.59,26.2,82.5,15.9,1,0
Odisha,Puri,Brahmagiri Chilika Lake Edge Ward,2.5,19.0,79.6,160.6,81.9,67.4,0.8,4.0,0.12,17,0,2.57,3.14,2.59,24.2,87.4,14.1,0,0
Odisha,Puri,Brahmagiri Chilika Lake Edge Ward,1.2,5.4,12.1,24.1,7.9,29.8,0.8,4.0,0.12,17,0,0.63,3.14,2.59,23.1,60.8,12.4,0,0
Odisha,Puri,Brahmagiri Chilika Lake Edge Ward,32.9,178.3,475.4,920.9,499.5,89.3,0.8,4.0,0.12,17,0,3.88,3.14,2.59,26.0,92.0,25.6,3,0
Odisha,Puri,Brahmagiri Chilika Lake Edge Ward,10.0,48.1,153.5,326.5,114.8,63.5,0.8,4.0,0.12,17,0,2.98,3.14,2.59,21.5,76.6,21.8,2,0
Odisha,Puri,Brahmagiri Chilika Lake Edge Ward,1.1,3.6,15.0,30.4,5.8,41.8,0.8,4.0,0.12,17,0,1.51,3.14,2.59,30.7,67.9,14.4,0,0
Odisha,Puri,Brahmagiri Chilika Lake Edge Ward,0.4,2.6,7.7,14.7,3.4,27.1,0.8,4.0,0.12,17,0,1.28,3.14,2.59,23.6,61.2,10.8,0,0
Odisha,Puri,Brahmagiri Chilika Lake Edge Ward,54.7,218.4,638.8,940.2,1106.3,94.8,0.8,4.0,0.12,17,0,4.38,3.14,2.59,17.5,96.7,69.8,3,0
Odisha,Puri,Brahmagiri Chilika Lake Edge Ward,3.7,12.8,40.3,60.7,25.4,41.6,0.8,4.0,0.12,17,0,1.53,3.14,2.59,28.5,47.8,6.6,0,0
Odisha,Puri,Brahmagiri Chilika Lake Edge Ward,24.2,118.7,363.6,607.2,427.3,82.2,0.8,4.0,0.12,17,0,3.35,3.14,2.59,23.5,90.8,46.8,3,0
Odisha,Puri,Brahmagiri Chilika Lake Edge Ward,5.6,29.5,115.0,213.2,102.4,66.6,0.8,4.0,0.12,17,0,2.57,3.14,2.59,27.0,77.8,15.3,1,0
Odisha,Puri,Brahmagiri Chilika Lake Edge Ward,4.6,12.2,25.9,47.2,17.8,30.0,0.8,4.0,0.12,17,0,1.61,3.14,2.59,24.4,51.2,14.8,0,0
Odisha,Puri,Brahmagiri Chilika Lake Edge Ward,0.8,4.0,15.4,29.6,8.5,39.3,0.8,4.0,0.12,17,0,1.94,3.14,2.59,24.5,64.6,7.4,0,0
Odisha,Puri,Brahmagiri Chilika Lake Edge Ward,43.8,234.5,672.7,1079.6,904.9,99.4,0.8,4.0,0.12,17,0,5.14,3.14,2.59,20.2,94.5,47.7,3,0
Odisha,Puri,Brahmagiri Chilika Lake Edge Ward,1.0,4.3,14.1,34.4,5.1,54.5,0.8,4.0,0.12,17,0,1.01,3.14,2.59,29.6,48.1,5.0,0,0
Odisha,Puri,Brahmagiri Chilika Lake Edge Ward,0.8,2.0,11.3,26.3,7.0,31.0,0.8,4.0,0.12,17,0,1.06,3.14,2.59,22.1,57.6,5.2,0,0
Odisha,Puri,Brahmagiri Chilika Lake Edge Ward,1.2,4.5,15.6,34.2,9.2,54.4,0.8,4.0,0.12,17,0,0.69,3.14,2.59,25.1,47.2,5.3,0,0
Odisha,Puri,Brahmagiri Chilika Lake Edge Ward,2.1,6.7,18.0,40.3,6.5,27.5,0.8,4.0,0.12,17,0,1.0,3.14,2.59,30.7,72.3,8.0,0,0
Odisha,Puri,Brahmagiri Chilika Lake Edge Ward,34.4,163.4,498.6,716.2,419.1,91.0,0.8,4.0,0.12,17,0,3.63,3.14,2.59,24.0,91.8,34.4,3,0
Odisha,Puri,Brahmagiri Chilika Lake Edge Ward,0.5,1.4,10.4,17.9,5.0,33.3,0.8,4.0,0.12,17,0,0.99,3.14,2.59,31.3,64.7,13.5,0,0
Odisha,Cuttack,Banki Mahanadi South Embankment Ward,3.0,22.5,81.2,186.1,67.5,64.7,2.8,38.0,0.2,20,0,3.01,3.35,2.93,24.6,77.0,25.1,2,0
Odisha,Cuttack,Banki Mahanadi South Embankment Ward,0.2,3.3,12.5,22.5,8.0,47.4,2.8,38.0,0.2,20,0,0.74,3.35,2.93,30.4,71.2,11.0,0,0
Odisha,Cuttack,Banki Mahanadi South Embankment Ward,0.1,1.5,6.0,11.2,1.9,49.3,2.8,38.0,0.2,20,0,2.18,3.35,2.93,23.4,67.5,11.6,0,0
Odisha,Cuttack,Banki Mahanadi South Embankment Ward,0.3,1.5,10.8,21.7,6.4,30.6,2.8,38.0,0.2,20,0,0.93,3.35,2.93,26.0,49.6,15.7,0,0
Odisha,Cuttack,Banki Mahanadi South Embankment Ward,4.7,26.1,86.9,220.4,87.2,69.7,2.8,38.0,0.2,20,0,2.76,3.35,2.93,22.1,82.7,21.5,1,0
Odisha,Cuttack,Banki Mahanadi South Embankment Ward,1.6,6.6,16.9,24.1,7.8,33.4,2.8,38.0,0.2,20,0,0.66,3.35,2.93,27.6,64.7,14.1,0,0
Odisha,Cuttack,Banki Mahanadi South Embankment Ward,8.4,32.8,100.9,218.7,91.1,75.7,2.8,38.0,0.2,20,0,2.95,3.35,2.93,22.7,75.4,17.0,2,0
Odisha,Cuttack,Banki Mahanadi South Embankment Ward,7.2,40.5,105.5,182.3,69.0,71.2,2.8,38.0,0.2,20,0,2.65,3.35,2.93,20.9,75.9,14.0,1,0
Odisha,Cuttack,Banki Mahanadi South Embankment Ward,87.3,289.6,647.7,1093.6,791.3,99.0,2.8,38.0,0.2,20,0,4.62,3.35,2.93,21.4,95.4,43.3,3,0
Odisha,Cuttack,Banki Mahanadi South Embankment Ward,4.2,10.1,22.0,34.0,13.0,50.3,2.8,38.0,0.2,20,0,1.94,3.35,2.93,29.9,52.9,6.6,0,0
Odisha,Cuttack,Banki Mahanadi South Embankment Ward,17.1,66.6,193.7,379.4,196.5,74.6,2.8,38.0,0.2,20,0,2.96,3.35,2.93,24.7,78.7,16.9,2,0
Odisha,Cuttack,Banki Mahanadi South Embankment Ward,5.6,29.7,83.0,188.0,90.0,68.0,2.8,38.0,0.2,20,0,2.97,3.35,2.93,23.4,82.3,27.2,2,0
Odisha,Cuttack,Banki Mahanadi South Embankment Ward,53.5,274.5,664.7,1031.9,1108.3,95.3,2.8,38.0,0.2,20,0,4.39,3.35,2.93,18.0,94.7,45.7,3,0
Odisha,Cuttack,Banki Mahanadi South Embankment Ward,3.5,26.5,96.4,187.7,104.8,65.8,2.8,38.0,0.2,20,0,2.74,3.35,2.93,25.9,86.5,18.4,1,0
Odisha,Cuttack,Banki Mahanadi South Embankment Ward,20.0,77.6,203.2,433.5,137.0,75.8,2.8,38.0,0.2,20,0,2.55,3.35,2.93,22.0,85.5,19.8,3,0
Odisha,Cuttack,Banki Mahanadi South Embankment Ward,26.4,131.9,348.1,618.6,336.0,86.2,2.8,38.0,0.2,20,0,3.8,3.35,2.93,22.6,89.6,38.4,3,0
Odisha,Cuttack,Banki Mahanadi South Embankment Ward,12.8,54.9,195.9,366.9,169.6,63.5,2.8,38.0,0.2,20,0,3.13,3.35,2.93,25.3,85.1,16.0,2,0
Odisha,Cuttack,Banki Mahanadi South Embankment Ward,3.4,9.6,29.3,55.8,14.9,49.6,2.8,38.0,0.2,20,0,1.0,3.35,2.93,23.1,65.2,15.6,0,0
Odisha,Cuttack,Banki Mahanadi South Embankment Ward,0.8,2.9,9.6,17.5,3.3,47.6,2.8,38.0,0.2,20,0,1.62,3.35,2.93,27.1,64.9,13.8,0,0
Odisha,Cuttack,Banki Mahanadi South Embankment Ward,10.8,51.1,161.0,303.8,120.1,66.9,2.8,38.0,0.2,20,0,2.54,3.35,2.93,20.3,82.0,17.3,1,0
Odisha,Cuttack,Banki Mahanadi South Embankment Ward,90.6,390.2,763.3,1154.2,860.9,97.9,2.8,38.0,0.2,20,0,4.85,3.35,2.93,17.1,97.4,68.6,3,0
Odisha,Cuttack,Banki Mahanadi South Embankment Ward,1.6,5.5,17.7,32.7,7.1,56.5,2.8,38.0,0.2,20,0,1.49,3.35,2.93,28.2,57.1,12.0,0,0
Odisha,Cuttack,Banki Mahanadi South Embankment Ward,1.3,4.5,18.8,34.6,11.0,27.0,2.8,38.0,0.2,20,0,1.85,3.35,2.93,24.1,72.0,7.2,0,0
Odisha,Cuttack,Banki Mahanadi South Embankment Ward,6.4,31.6,106.8,201.2,106.9,66.1,2.8,38.0,0.2,20,0,2.98,3.35,2.93,26.8,78.5,16.9,2,0
Odisha,Cuttack,Banki Mahanadi South Embankment Ward,2.2,6.7,20.3,29.2,13.1,29.1,2.8,38.0,0.2,20,0,1.73,3.35,2.93,25.1,68.3,9.9,0,0
Odisha,Cuttack,Naraj Barrage Confluence Village,14.8,58.2,192.7,417.4,131.7,69.3,4.5,42.0,0.28,18,1,3.28,4.19,3.64,22.1,87.9,23.4,1,0
Odisha,Cuttack,Naraj Barrage Confluence Village,20.9,85.0,275.4,574.5,217.1,65.1,4.5,42.0,0.28,18,1,3.46,4.19,3.64,25.0,86.4,27.9,2,0
Odisha,Cuttack,Naraj Barrage Confluence Village,5.1,33.0,130.8,286.7,141.3,65.9,4.5,42.0,0.28,18,1,3.69,4.19,3.64,27.3,86.8,25.4,2,0
Odisha,Cuttack,Naraj Barrage Confluence Village,1.7,7.3,19.4,38.9,11.2,41.4,4.5,42.0,0.28,18,1,0.77,4.19,3.64,25.2,66.4,5.0,0,0
Odisha,Cuttack,Naraj Barrage Confluence Village,6.3,37.5,126.7,279.5,92.0,74.7,4.5,42.0,0.28,18,1,3.14,4.19,3.64,21.0,86.7,18.5,1,0
Odisha,Cuttack,Naraj Barrage Confluence Village,2.0,5.8,21.2,42.1,13.8,44.0,4.5,42.0,0.28,18,1,2.08,4.19,3.64,28.9,48.1,9.7,0,0
Odisha,Cuttack,Naraj Barrage Confluence Village,23.1,125.7,353.4,634.6,411.5,78.3,4.5,42.0,0.28,18,1,4.35,4.19,3.64,22.1,91.9,37.2,3,0
Odisha,Cuttack,Naraj Barrage Confluence Village,26.5,126.9,400.8,630.7,379.9,79.0,4.5,42.0,0.28,18,1,4.79,4.19,3.64,25.9,91.3,33.0,3,0
Odisha,Cuttack,Naraj Barrage Confluence Village,1.1,5.2,13.4,26.8,6.5,54.4,4.5,42.0,0.28,18,1,0.85,4.19,3.64,28.5,65.5,9.8,0,0
Odisha,Cuttack,Naraj Barrage Confluence Village,0.7,2.2,11.1,22.7,5.1,27.1,4.5,42.0,0.28,18,1,1.07,4.19,3.64,29.0,71.1,10.2,0,0
Odisha,Cuttack,Naraj Barrage Confluence Village,0.9,4.1,16.7,31.5,7.9,57.0,4.5,42.0,0.28,18,1,1.14,4.19,3.64,22.0,52.0,12.0,0,0
Odisha,Cuttack,Naraj Barrage Confluence Village,0.8,4.0,13.3,23.3,5.2,30.5,4.5,42.0,0.28,18,1,2.65,4.19,3.64,29.5,72.4,10.1,0,0
Odisha,Cuttack,Naraj Barrage Confluence Village,6.1,35.5,115.6,197.4,73.4,63.9,4.5,42.0,0.28,18,1,3.43,4.19,3.64,26.5,86.1,24.1,1,0
Odisha,Cuttack,Naraj Barrage Confluence Village,71.7,287.8,675.5,998.2,681.5,97.0,4.5,42.0,0.28,18,1,6.28,4.19,3.64,23.9,92.1,73.6,3,0
Odisha,Cuttack,Naraj Barrage Confluence Village,0.3,1.0,6.1,13.3,2.1,31.3,4.5,42.0,0.28,18,1,2.57,4.19,3.64,27.9,70.1,15.6,0,0
Odisha,Cuttack,Naraj Barrage Confluence Village,4.7,24.5,102.7,227.4,66.5,68.9,4.5,42.0,0.28,18,1,3.13,4.19,3.64,25.2,79.4,17.5,1,0
Odisha,Cuttack,Naraj Barrage Confluence Village,2.0,7.0,22.8,41.2,14.7,31.6,4.5,42.0,0.28,18,1,2.46,4.19,3.64,24.5,55.0,5.7,0,0
Odisha,Cuttack,Naraj Barrage Confluence Village,66.1,283.1,667.7,1044.4,703.0,99.4,4.5,42.0,0.28,18,1,5.83,4.19,3.64,17.3,93.4,45.8,3,0
Odisha,Cuttack,Naraj Barrage Confluence Village,24.9,125.6,321.3,671.0,304.9,89.4,4.5,42.0,0.28,18,1,4.14,4.19,3.64,23.4,87.9,47.0,3,0
Odisha,Cuttack,Naraj Barrage Confluence Village,8.5,43.8,154.2,283.1,92.6,73.5,4.5,42.0,0.28,18,1,3.16,4.19,3.64,24.5,78.5,24.4,1,0
Odisha,Cuttack,Naraj Barrage Confluence Village,7.8,44.4,132.3,299.3,126.8,75.8,4.5,42.0,0.28,18,1,3.74,4.19,3.64,25.9,76.6,14.2,2,0
Odisha,Cuttack,Naraj Barrage Confluence Village,14.1,53.1,159.7,271.2,110.9,70.7,4.5,42.0,0.28,18,1,3.62,4.19,3.64,27.0,79.3,22.5,1,0
Odisha,Cuttack,Naraj Barrage Confluence Village,44.2,179.3,461.7,738.2,665.9,97.0,4.5,42.0,0.28,18,1,6.34,4.19,3.64,23.1,94.4,74.2,3,0
Odisha,Cuttack,Naraj Barrage Confluence Village,23.5,134.4,411.7,719.2,374.9,79.5,4.5,42.0,0.28,18,1,4.28,4.19,3.64,18.5,89.5,35.4,3,0
Odisha,Cuttack,Naraj Barrage Confluence Village,2.1,4.2,11.5,23.4,5.4,39.8,4.5,42.0,0.28,18,1,1.44,4.19,3.64,24.6,60.2,6.6,0,0
Odisha,Cuttack,Tangi Lowland Agricultural Basin,13.8,64.3,165.0,351.6,164.0,74.5,2.0,32.0,0.19,16,0,2.83,3.67,3.05,27.2,84.4,21.6,1,0
Odisha,Cuttack,Tangi Lowland Agricultural Basin,24.7,134.1,322.7,660.3,329.7,91.6,2.0,32.0,0.19,16,0,3.88,3.67,3.05,23.7,94.6,44.0,3,0
Odisha,Cuttack,Tangi Lowland Agricultural Basin,6.9,19.1,44.9,68.7,24.7,53.0,2.0,32.0,0.19,16,0,1.04,3.67,3.05,31.3,62.1,13.3,0,0
Odisha,Cuttack,Tangi Lowland Agricultural Basin,2.9,6.4,14.9,33.0,7.8,35.7,2.0,32.0,0.19,16,0,1.92,3.67,3.05,23.3,48.8,7.5,0,0
Odisha,Cuttack,Tangi Lowland Agricultural Basin,2.7,18.1,86.6,203.5,48.2,65.0,2.0,32.0,0.19,16,0,2.68,3.67,3.05,21.7,86.3,17.8,1,0
Odisha,Cuttack,Tangi Lowland Agricultural Basin,34.5,158.4,415.7,622.6,458.3,86.1,2.0,32.0,0.19,16,0,3.83,3.67,3.05,25.7,90.7,34.2,3,0
Odisha,Cuttack,Tangi Lowland Agricultural Basin,7.9,47.1,156.8,308.5,165.7,64.0,2.0,32.0,0.19,16,0,2.75,3.67,3.05,23.5,80.0,18.1,1,0
Odisha,Cuttack,Tangi Lowland Agricultural Basin,1.6,6.3,15.1,30.0,5.4,38.7,2.0,32.0,0.19,16,0,0.92,3.67,3.05,30.1,59.1,7.5,0,0
Odisha,Cuttack,Tangi Lowland Agricultural Basin,4.6,13.1,37.6,58.7,26.2,52.6,2.0,32.0,0.19,16,0,1.97,3.67,3.05,29.8,46.0,15.0,0,0
Odisha,Cuttack,Tangi Lowland Agricultural Basin,35.5,197.7,443.1,786.8,361.6,79.8,2.0,32.0,0.19,16,0,3.81,3.67,3.05,24.9,85.2,43.7,3,0
Odisha,Cuttack,Tangi Lowland Agricultural Basin,6.2,31.5,93.7,170.6,96.3,72.3,2.0,32.0,0.19,16,0,3.22,3.67,3.05,25.0,75.4,15.5,1,0
Odisha,Cuttack,Tangi Lowland Agricultural Basin,81.0,304.0,858.1,1529.9,1295.5,98.4,2.0,32.0,0.19,16,0,5.1,3.67,3.05,19.9,97.2,53.8,3,0
Odisha,Cuttack,Tangi Lowland Agricultural Basin,3.9,19.1,76.0,178.6,63.1,70.1,2.0,32.0,0.19,16,0,2.81,3.67,3.05,23.7,82.3,18.3,0,0
Odisha,Cuttack,Tangi Lowland Agricultural Basin,31.1,153.5,475.8,843.1,647.0,91.1,2.0,32.0,0.19,16,0,3.64,3.67,3.05,20.6,91.5,48.5,3,0
Odisha,Cuttack,Tangi Lowland Agricultural Basin,0.9,3.0,11.5,23.9,4.6,39.7,2.0,32.0,0.19,16,0,1.11,3.67,3.05,23.6,48.2,13.8,0,0
Odisha,Cuttack,Tangi Lowland Agricultural Basin,2.7,17.1,74.0,167.2,47.1,68.1,2.0,32.0,0.19,16,0,3.07,3.67,3.05,24.7,80.2,24.3,1,0
Odisha,Cuttack,Tangi Lowland Agricultural Basin,0.4,18.2,70.9,176.4,47.6,67.3,2.0,32.0,0.19,16,0,3.21,3.67,3.05,25.5,82.6,21.0,1,0
Odisha,Cuttack,Tangi Lowland Agricultural Basin,6.1,16.4,40.7,76.6,27.7,52.4,2.0,32.0,0.19,16,0,1.72,3.67,3.05,23.8,55.2,6.4,0,0
Odisha,Cuttack,Tangi Lowland Agricultural Basin,6.7,36.0,108.9,251.0,100.5,69.6,2.0,32.0,0.19,16,0,3.44,3.67,3.05,23.3,87.8,22.3,1,0
Odisha,Cuttack,Tangi Lowland Agricultural Basin,2.9,23.9,95.0,200.7,90.0,63.3,2.0,32.0,0.19,16,0,2.79,3.67,3.05,24.6,83.0,16.6,1,0
Odisha,Cuttack,Tangi Lowland Agricultural Basin,16.3,78.5,239.6,471.2,182.8,65.7,2.0,32.0,0.19,16,0,3.16,3.67,3.05,27.7,75.7,21.9,2,0
Odisha,Cuttack,Tangi Lowland Agricultural Basin,17.8,71.4,183.1,356.4,133.2,75.3,2.0,32.0,0.19,16,0,2.85,3.67,3.05,27.7,87.3,26.0,2,0
Odisha,Cuttack,Tangi Lowland Agricultural Basin,7.4,39.9,134.0,297.6,68.6,70.8,2.0,32.0,0.19,16,0,3.17,3.67,3.05,20.2,75.4,23.9,1,0
Odisha,Cuttack,Tangi Lowland Agricultural Basin,0.3,2.8,9.9,17.7,4.3,36.2,2.0,32.0,0.19,16,0,0.95,3.67,3.05,27.8,67.6,5.5,0,0
Odisha,Cuttack,Tangi Lowland Agricultural Basin,5.0,30.2,123.6,211.9,61.9,66.2,2.0,32.0,0.19,16,0,3.43,3.67,3.05,24.1,81.3,14.9,1,0
Odisha,Kendrapara,Aul Brahmani-Kharsuan Ward 4,37.5,173.1,519.5,887.6,455.7,82.2,1.0,9.0,0.11,23,0,3.06,2.77,2.32,24.8,95.4,33.6,3,0
Odisha,Kendrapara,Aul Brahmani-Kharsuan Ward 4,5.8,29.2,88.6,183.3,55.2,77.1,1.0,9.0,0.11,23,0,2.19,2.77,2.32,27.6,81.0,22.8,2,0
Odisha,Kendrapara,Aul Brahmani-Kharsuan Ward 4,6.9,32.5,131.0,238.6,125.9,70.5,1.0,9.0,0.11,23,0,2.29,2.77,2.32,20.4,83.7,12.1,1,0
Odisha,Kendrapara,Aul Brahmani-Kharsuan Ward 4,29.8,145.2,396.1,740.8,360.2,85.1,1.0,9.0,0.11,23,0,3.43,2.77,2.32,21.3,95.3,49.8,3,0
Odisha,Kendrapara,Aul Brahmani-Kharsuan Ward 4,3.2,21.0,84.7,208.5,67.6,72.7,1.0,9.0,0.11,23,0,2.28,2.77,2.32,26.3,86.7,24.0,1,0
Odisha,Kendrapara,Aul Brahmani-Kharsuan Ward 4,11.5,51.4,172.5,326.7,111.6,77.8,1.0,9.0,0.11,23,0,2.01,2.77,2.32,21.2,84.8,18.2,2,0
Odisha,Kendrapara,Aul Brahmani-Kharsuan Ward 4,90.6,344.2,790.2,1349.4,1099.7,93.0,1.0,9.0,0.11,23,0,3.34,2.77,2.32,23.8,97.3,64.8,3,0
Odisha,Kendrapara,Aul Brahmani-Kharsuan Ward 4,1.2,18.2,71.6,154.7,76.5,68.6,1.0,9.0,0.11,23,0,2.42,2.77,2.32,27.5,77.4,18.1,1,0
Odisha,Kendrapara,Aul Brahmani-Kharsuan Ward 4,3.5,11.6,26.5,47.9,14.0,30.8,1.0,9.0,0.11,23,0,1.69,2.77,2.32,26.4,56.8,8.3,0,0
Odisha,Kendrapara,Aul Brahmani-Kharsuan Ward 4,4.1,11.8,30.0,55.5,20.9,32.2,1.0,9.0,0.11,23,0,0.52,2.77,2.32,28.5,51.0,6.6,0,0
Odisha,Kendrapara,Aul Brahmani-Kharsuan Ward 4,84.0,310.7,699.8,1152.2,1240.1,97.7,1.0,9.0,0.11,23,0,4.38,2.77,2.32,16.4,94.1,71.4,3,0
Odisha,Kendrapara,Aul Brahmani-Kharsuan Ward 4,1.0,4.0,17.4,33.6,10.3,49.7,1.0,9.0,0.11,23,0,1.73,2.77,2.32,28.3,63.1,9.0,0,0
Odisha,Kendrapara,Aul Brahmani-Kharsuan Ward 4,1.3,6.4,21.2,39.2,10.1,40.5,1.0,9.0,0.11,23,0,0.58,2.77,2.32,25.6,60.5,11.4,0,0
Odisha,Kendrapara,Aul Brahmani-Kharsuan Ward 4,26.9,162.7,504.8,965.3,502.5,87.9,1.0,9.0,0.11,23,0,2.78,2.77,2.32,24.6,90.3,26.2,3,0
Odisha,Kendrapara,Aul Brahmani-Kharsuan Ward 4,4.5,11.8,32.7,49.7,12.4,51.9,1.0,9.0,0.11,23,0,1.02,2.77,2.32,23.6,52.5,13.3,0,0
Odisha,Kendrapara,Aul Brahmani-Kharsuan Ward 4,22.2,112.8,359.6,737.2,325.0,86.8,1.0,9.0,0.11,23,0,2.94,2.77,2.32,23.8,88.9,35.3,3,0
Odisha,Kendrapara,Aul Brahmani-Kharsuan Ward 4,2.5,8.8,23.5,34.6,10.5,54.1,1.0,9.0,0.11,23,0,1.36,2.77,2.32,25.2,59.7,5.3,0,0
Odisha,Kendrapara,Aul Brahmani-Kharsuan Ward 4,65.2,256.9,716.8,1223.7,1249.2,97.6,1.0,9.0,0.11,23,0,3.77,2.77,2.32,17.1,98.0,56.1,3,0
Odisha,Kendrapara,Aul Brahmani-Kharsuan Ward 4,5.4,33.5,114.2,236.9,121.7,68.6,1.0,9.0,0.11,23,0,2.41,2.77,2.32,26.8,81.5,18.6,2,0
Odisha,Kendrapara,Aul Brahmani-Kharsuan Ward 4,5.8,29.8,90.4,157.4,97.5,78.0,1.0,9.0,0.11,23,0,2.6,2.77,2.32,25.8,75.6,20.7,2,0
Odisha,Kendrapara,Aul Brahmani-Kharsuan Ward 4,67.4,284.8,810.0,1134.5,1161.8,96.2,1.0,9.0,0.11,23,0,3.72,2.77,2.32,16.1,92.0,71.2,3,0
Odisha,Kendrapara,Aul Brahmani-Kharsuan Ward 4,9.0,43.9,150.2,271.2,82.3,65.4,1.0,9.0,0.11,23,0,2.32,2.77,2.32,26.2,82.1,18.8,2,0
Odisha,Kendrapara,Aul Brahmani-Kharsuan Ward 4,5.7,14.8,35.0,64.2,21.9,39.6,1.0,9.0,0.11,23,0,1.42,2.77,2.32,26.1,51.9,15.5,0,0
Odisha,Kendrapara,Aul Brahmani-Kharsuan Ward 4,5.9,31.9,125.8,274.8,71.5,76.8,1.0,9.0,0.11,23,0,2.2,2.77,2.32,21.5,81.3,15.3,2,0
Odisha,Kendrapara,Aul Brahmani-Kharsuan Ward 4,27.5,123.3,314.2,563.3,422.6,78.1,1.0,9.0,0.11,23,0,3.02,2.77,2.32,24.0,85.3,37.0,3,0
Odisha,Kendrapara,Pattamundai River Loop Village,1.0,3.0,10.8,23.4,3.3,42.6,1.6,12.0,0.15,20,0,2.06,4.05,3.48,25.2,48.4,11.1,0,0
Odisha,Kendrapara,Pattamundai River Loop Village,6.9,38.1,110.5,204.3,90.3,67.6,1.6,12.0,0.15,20,0,3.36,4.05,3.48,22.4,84.7,22.9,1,0
Odisha,Kendrapara,Pattamundai River Loop Village,1.5,5.0,10.5,22.3,7.2,33.7,1.6,12.0,0.15,20,0,2.17,4.05,3.48,28.0,56.7,15.1,0,0
Odisha,Kendrapara,Pattamundai River Loop Village,1.9,5.3,15.9,26.9,8.8,27.6,1.6,12.0,0.15,20,0,0.97,4.05,3.48,24.7,58.7,9.1,0,0
Odisha,Kendrapara,Pattamundai River Loop Village,45.9,264.8,787.7,1345.1,1022.9,95.6,1.6,12.0,0.15,20,0,6.08,4.05,3.48,22.8,93.5,64.2,3,0
Odisha,Kendrapara,Pattamundai River Loop Village,16.0,113.9,287.4,519.2,305.5,83.3,1.6,12.0,0.15,20,0,4.52,4.05,3.48,20.3,88.5,39.2,3,0
Odisha,Kendrapara,Pattamundai River Loop Village,6.4,35.9,101.8,229.4,57.2,64.2,1.6,12.0,0.15,20,0,3.5,4.05,3.48,22.0,86.5,12.9,2,0
Odisha,Kendrapara,Pattamundai River Loop Village,63.5,259.9,752.3,1189.2,941.1,98.6,1.6,12.0,0.15,20,0,5.93,4.05,3.48,20.3,96.0,74.9,3,0
Odisha,Kendrapara,Pattamundai River Loop Village,3.7,9.6,30.3,53.0,18.3,35.7,1.6,12.0,0.15,20,0,1.49,4.05,3.48,28.5,61.6,13.6,0,0
Odisha,Kendrapara,Pattamundai River Loop Village,39.6,190.7,461.9,781.9,547.2,85.2,1.6,12.0,0.15,20,0,4.15,4.05,3.48,21.5,89.2,25.7,3,0
Odisha,Kendrapara,Pattamundai River Loop Village,3.7,25.4,109.1,261.4,103.9,73.0,1.6,12.0,0.15,20,0,3.22,4.05,3.48,28.0,83.6,19.1,1,0
Odisha,Kendrapara,Pattamundai River Loop Village,2.0,7.4,25.8,53.5,14.8,25.6,1.6,12.0,0.15,20,0,1.43,4.05,3.48,24.3,50.5,15.4,0,0
Odisha,Kendrapara,Pattamundai River Loop Village,8.8,37.1,112.3,198.8,101.3,73.8,1.6,12.0,0.15,20,0,3.34,4.05,3.48,21.0,81.0,17.1,1,0
Odisha,Kendrapara,Pattamundai River Loop Village,3.9,32.2,124.8,236.5,103.9,73.5,1.6,12.0,0.15,20,0,3.48,4.05,3.48,26.8,82.2,22.7,2,0
Odisha,Kendrapara,Pattamundai River Loop Village,77.6,314.1,847.3,1415.4,1094.4,97.0,1.6,12.0,0.15,20,0,5.48,4.05,3.48,21.0,93.0,55.9,3,0
Odisha,Kendrapara,Pattamundai River Loop Village,38.6,146.6,412.3,624.3,341.1,86.5,1.6,12.0,0.15,20,0,4.39,4.05,3.48,18.5,86.4,27.7,3,0
Odisha,Kendrapara,Pattamundai River Loop Village,2.0,5.5,17.5,36.4,11.8,32.4,1.6,12.0,0.15,20,0,1.7,4.05,3.48,30.1,68.1,6.2,0,0
Odisha,Kendrapara,Pattamundai River Loop Village,80.4,285.8,702.5,1014.6,1089.4,95.4,1.6,12.0,0.15,20,0,6.37,4.05,3.48,20.2,95.7,36.3,3,0
Odisha,Kendrapara,Pattamundai River Loop Village,8.9,44.4,164.4,360.1,94.4,69.1,1.6,12.0,0.15,20,0,3.13,4.05,3.48,23.2,79.4,18.6,1,0
Odisha,Kendrapara,Pattamundai River Loop Village,67.2,312.1,779.2,1184.1,1272.1,92.8,1.6,12.0,0.15,20,0,6.34,4.05,3.48,18.5,97.2,60.6,3,0
Odisha,Kendrapara,Pattamundai River Loop Village,27.0,139.7,299.9,548.6,374.7,87.1,1.6,12.0,0.15,20,0,4.74,4.05,3.48,22.4,85.3,38.5,3,0
Odisha,Kendrapara,Pattamundai River Loop Village,0.0,1.3,6.5,13.0,3.2,29.9,1.6,12.0,0.15,20,0,1.61,4.05,3.48,23.5,73.2,5.2,0,0
Odisha,Kendrapara,Pattamundai River Loop Village,0.5,3.5,16.4,26.3,7.6,25.5,1.6,12.0,0.15,20,0,1.92,4.05,3.48,26.3,65.4,6.3,0,0
Odisha,Kendrapara,Pattamundai River Loop Village,4.8,11.9,28.5,48.2,13.6,46.6,1.6,12.0,0.15,20,0,0.6,4.05,3.48,22.4,69.9,8.7,0,0
Odisha,Kendrapara,Pattamundai River Loop Village,0.8,4.0,12.8,25.5,6.8,47.5,1.6,12.0,0.15,20,0,2.46,4.05,3.48,25.8,63.2,8.4,0,0
Odisha,Kendrapara,Rajnagar Tidal Inundation Ward,0.4,3.7,17.3,32.7,9.7,32.0,0.7,5.0,0.1,21,0,0.78,2.91,2.38,24.9,49.2,6.8,0,0
Odisha,Kendrapara,Rajnagar Tidal Inundation Ward,0.1,3.0,6.0,12.3,2.0,50.2,0.7,5.0,0.1,21,0,0.88,2.91,2.38,28.4,50.5,8.0,0,0
Odisha,Kendrapara,Rajnagar Tidal Inundation Ward,3.2,26.1,97.5,191.2,93.8,73.7,0.7,5.0,0.1,21,0,2.22,2.91,2.38,21.7,86.8,23.4,1,0
Odisha,Kendrapara,Rajnagar Tidal Inundation Ward,1.3,6.1,22.3,42.4,11.1,30.5,0.7,5.0,0.1,21,0,0.91,2.91,2.38,25.0,65.6,9.1,0,0
Odisha,Kendrapara,Rajnagar Tidal Inundation Ward,16.3,110.3,289.2,473.4,399.4,90.4,0.7,5.0,0.1,21,0,3.61,2.91,2.38,25.7,95.0,27.6,3,0
Odisha,Kendrapara,Rajnagar Tidal Inundation Ward,20.7,112.4,345.6,626.1,297.5,81.5,0.7,5.0,0.1,21,0,2.99,2.91,2.38,21.3,95.9,34.2,3,0
Odisha,Kendrapara,Rajnagar Tidal Inundation Ward,0.3,1.6,4.6,11.9,2.1,50.4,0.7,5.0,0.1,21,0,0.71,2.91,2.38,29.6,71.6,8.9,0,0
Odisha,Kendrapara,Rajnagar Tidal Inundation Ward,9.8,49.3,137.5,222.1,115.3,70.1,0.7,5.0,0.1,21,0,2.6,2.91,2.38,21.0,86.7,22.4,2,0
Odisha,Kendrapara,Rajnagar Tidal Inundation Ward,0.6,2.8,7.9,15.2,5.4,27.7,0.7,5.0,0.1,21,0,1.57,2.91,2.38,29.7,58.4,14.9,0,0
Odisha,Kendrapara,Rajnagar Tidal Inundation Ward,1.9,6.1,13.1,28.4,7.5,41.5,0.7,5.0,0.1,21,0,1.31,2.91,2.38,28.0,68.7,13.1,0,0
Odisha,Kendrapara,Rajnagar Tidal Inundation Ward,4.2,13.3,39.4,68.1,15.3,49.1,0.7,5.0,0.1,21,0,1.09,2.91,2.38,22.4,62.8,10.3,0,0
Odisha,Kendrapara,Rajnagar Tidal Inundation Ward,14.0,45.3,139.2,250.3,96.8,64.6,0.7,5.0,0.1,21,0,2.69,2.91,2.38,26.5,83.7,12.0,2,0
Odisha,Kendrapara,Rajnagar Tidal Inundation Ward,22.0,119.7,326.1,575.8,346.1,79.7,0.7,5.0,0.1,21,0,3.07,2.91,2.38,20.3,88.6,33.5,3,0
Odisha,Kendrapara,Rajnagar Tidal Inundation Ward,1.8,6.1,14.8,25.2,10.0,53.5,0.7,5.0,0.1,21,0,0.96,2.91,2.38,22.7,45.3,12.3,0,0
Odisha,Kendrapara,Rajnagar Tidal Inundation Ward,0.4,3.7,9.1,14.1,4.2,42.9,0.7,5.0,0.1,21,0,1.32,2.91,2.38,27.1,53.2,14.6,0,0
Odisha,Kendrapara,Rajnagar Tidal Inundation Ward,78.9,332.7,680.8,1055.9,781.2,95.9,0.7,5.0,0.1,21,0,4.13,2.91,2.38,23.5,97.1,44.9,3,0
Odisha,Kendrapara,Rajnagar Tidal Inundation Ward,6.5,28.3,85.0,189.8,64.4,66.7,0.7,5.0,0.1,21,0,2.68,2.91,2.38,22.7,81.6,20.1,2,0
Odisha,Kendrapara,Rajnagar Tidal Inundation Ward,1.9,5.7,20.2,37.3,8.4,47.6,0.7,5.0,0.1,21,0,1.75,2.91,2.38,24.9,63.2,7.1,0,0
Odisha,Kendrapara,Rajnagar Tidal Inundation Ward,7.8,19.0,52.3,97.9,34.2,38.5,0.7,5.0,0.1,21,0,0.83,2.91,2.38,30.1,73.9,5.1,1,0
Odisha,Kendrapara,Rajnagar Tidal Inundation Ward,1.6,19.0,86.4,161.5,53.1,68.3,0.7,5.0,0.1,21,0,2.69,2.91,2.38,25.7,77.7,13.7,2,0
Odisha,Kendrapara,Rajnagar Tidal Inundation Ward,6.5,26.8,74.1,164.5,45.9,72.5,0.7,5.0,0.1,21,0,2.61,2.91,2.38,25.3,86.5,13.5,1,0
Odisha,Kendrapara,Rajnagar Tidal Inundation Ward,2.4,6.3,17.8,32.3,11.5,53.8,0.7,5.0,0.1,21,0,0.79,2.91,2.38,27.3,65.8,15.1,0,0
Odisha,Kendrapara,Rajnagar Tidal Inundation Ward,7.2,31.9,88.5,218.3,74.2,70.7,0.7,5.0,0.1,21,0,2.09,2.91,2.38,23.9,78.4,13.4,1,0
Odisha,Kendrapara,Rajnagar Tidal Inundation Ward,1.7,4.8,13.9,30.0,5.5,37.5,0.7,5.0,0.1,21,0,0.58,2.91,2.38,26.0,73.5,9.5,0,0
Odisha,Kendrapara,Rajnagar Tidal Inundation Ward,51.3,242.4,630.4,964.4,1114.1,91.0,0.7,5.0,0.1,21,0,4.52,2.91,2.38,23.9,93.0,73.3,3,0
Odisha,Balasore,Basta Subarnarekha Riverbank Ward,83.1,357.6,706.7,1036.0,1196.6,98.0,2.1,14.0,0.18,21,0,5.15,3.22,2.63,20.0,96.6,50.8,3,0
Odisha,Balasore,Basta Subarnarekha Riverbank Ward,37.1,147.0,428.4,713.7,479.2,83.9,2.1,14.0,0.18,21,0,3.42,3.22,2.63,25.8,87.4,38.8,3,0
Odisha,Balasore,Basta Subarnarekha Riverbank Ward,28.9,169.0,370.3,746.3,339.8,85.4,2.1,14.0,0.18,21,0,4.0,3.22,2.63,18.7,88.1,29.9,3,0
Odisha,Balasore,Basta Subarnarekha Riverbank Ward,0.6,3.3,9.3,20.8,5.5,37.9,2.1,14.0,0.18,21,0,1.09,3.22,2.63,22.4,45.2,6.9,0,0
Odisha,Balasore,Basta Subarnarekha Riverbank Ward,11.4,44.2,165.0,313.5,135.4,70.5,2.1,14.0,0.18,21,0,2.38,3.22,2.63,21.8,81.0,20.5,1,0
Odisha,Balasore,Basta Subarnarekha Riverbank Ward,38.5,162.4,377.1,676.5,519.8,82.6,2.1,14.0,0.18,21,0,3.09,3.22,2.63,20.4,92.4,41.9,3,0
Odisha,Balasore,Basta Subarnarekha Riverbank Ward,6.9,44.0,146.5,271.8,117.7,68.4,2.1,14.0,0.18,21,0,2.49,3.22,2.63,24.8,80.9,12.8,1,0
Odisha,Balasore,Basta Subarnarekha Riverbank Ward,7.6,42.5,128.5,268.4,95.9,71.6,2.1,14.0,0.18,21,0,2.67,3.22,2.63,23.8,79.6,27.6,2,0
Odisha,Balasore,Basta Subarnarekha Riverbank Ward,12.1,52.8,189.7,361.0,96.4,73.9,2.1,14.0,0.18,21,0,2.85,3.22,2.63,27.8,83.0,12.9,2,0
Odisha,Balasore,Basta Subarnarekha Riverbank Ward,1.0,2.8,7.4,14.1,4.0,41.5,2.1,14.0,0.18,21,0,0.92,3.22,2.63,24.1,48.3,13.3,0,0
Odisha,Balasore,Basta Subarnarekha Riverbank Ward,13.6,56.5,137.5,253.2,119.7,65.2,2.1,14.0,0.18,21,0,2.99,3.22,2.63,21.7,77.4,25.6,2,0
Odisha,Balasore,Basta Subarnarekha Riverbank Ward,2.7,26.8,94.7,194.1,89.6,64.1,2.1,14.0,0.18,21,0,2.55,3.22,2.63,26.7,77.9,13.9,1,0
Odisha,Balasore,Basta Subarnarekha Riverbank Ward,1.8,5.0,10.6,15.0,5.1,44.9,2.1,14.0,0.18,21,0,1.36,3.22,2.63,25.2,72.6,7.8,0,0
Odisha,Balasore,Basta Subarnarekha Riverbank Ward,0.6,3.2,7.8,19.4,2.4,52.8,2.1,14.0,0.18,21,0,1.61,3.22,2.63,25.3,68.1,13.8,0,0
Odisha,Balasore,Basta Subarnarekha Riverbank Ward,0.4,3.3,12.2,22.8,5.8,36.9,2.1,14.0,0.18,21,0,0.89,3.22,2.63,24.4,73.4,6.7,0,0
Odisha,Balasore,Basta Subarnarekha Riverbank Ward,5.7,18.2,50.4,72.0,21.7,39.0,2.1,14.0,0.18,21,0,0.75,3.22,2.63,27.8,74.0,9.0,1,0
Odisha,Balasore,Basta Subarnarekha Riverbank Ward,2.8,17.7,57.7,134.5,35.5,64.1,2.1,14.0,0.18,21,0,2.64,3.22,2.63,25.5,87.1,25.6,1,0
Odisha,Balasore,Basta Subarnarekha Riverbank Ward,7.0,41.5,125.8,236.6,131.8,72.0,2.1,14.0,0.18,21,0,2.98,3.22,2.63,27.4,82.7,23.4,2,0
Odisha,Balasore,Basta Subarnarekha Riverbank Ward,2.7,26.3,90.1,192.2,50.1,66.1,2.1,14.0,0.18,21,0,2.83,3.22,2.63,20.9,78.8,24.9,2,0
Odisha,Balasore,Basta Subarnarekha Riverbank Ward,3.7,9.2,22.1,48.2,10.6,55.5,2.1,14.0,0.18,21,0,1.19,3.22,2.63,30.4,66.4,6.0,0,0
Odisha,Balasore,Basta Subarnarekha Riverbank Ward,15.0,92.4,282.5,552.3,306.6,89.4,2.1,14.0,0.18,21,0,3.24,3.22,2.63,18.1,86.3,49.5,3,0
Odisha,Balasore,Basta Subarnarekha Riverbank Ward,0.9,4.8,9.3,19.1,2.9,28.4,2.1,14.0,0.18,21,0,0.69,3.22,2.63,24.1,51.6,6.0,0,0
Odisha,Balasore,Basta Subarnarekha Riverbank Ward,75.5,345.1,668.5,1034.2,859.8,98.0,2.1,14.0,0.18,21,0,4.24,3.22,2.63,16.2,96.0,61.6,3,0
Odisha,Balasore,Basta Subarnarekha Riverbank Ward,38.2,198.4,445.8,706.0,473.7,89.5,2.1,14.0,0.18,21,0,3.2,3.22,2.63,20.3,86.4,46.8,3,0
Odisha,Balasore,Basta Subarnarekha Riverbank Ward,3.3,9.5,31.9,63.3,12.8,58.0,2.1,14.0,0.18,21,0,0.97,3.22,2.63,24.9,56.9,9.8,0,0
Odisha,Balasore,Jaleswar Inundation Corridor Village,2.3,7.3,25.0,44.8,8.2,27.6,2.5,19.0,0.21,19,0,1.66,2.97,2.34,24.6,46.6,10.7,0,0
Odisha,Balasore,Jaleswar Inundation Corridor Village,73.7,314.1,698.5,1071.3,916.9,91.4,2.5,19.0,0.21,19,0,4.69,2.97,2.34,20.0,95.0,48.0,3,0
Odisha,Balasore,Jaleswar Inundation Corridor Village,20.8,135.5,361.2,533.3,359.1,89.5,2.5,19.0,0.21,19,0,2.91,2.97,2.34,23.5,87.3,49.5,3,0
Odisha,Balasore,Jaleswar Inundation Corridor Village,47.5,228.4,639.2,1119.6,1026.3,90.1,2.5,19.0,0.21,19,0,4.23,2.97,2.34,20.8,96.8,60.6,3,0
Odisha,Balasore,Jaleswar Inundation Corridor Village,21.2,86.2,235.6,376.3,226.1,65.6,2.5,19.0,0.21,19,0,2.0,2.97,2.34,20.9,83.8,22.1,2,0
Odisha,Balasore,Jaleswar Inundation Corridor Village,75.9,347.3,739.6,1132.3,1230.6,98.1,2.5,19.0,0.21,19,0,4.19,2.97,2.34,19.5,96.2,36.4,3,0
Odisha,Balasore,Jaleswar Inundation Corridor Village,2.3,19.1,79.6,164.6,80.0,69.7,2.5,19.0,0.21,19,0,2.71,2.97,2.34,20.4,87.8,24.7,1,0
Odisha,Balasore,Jaleswar Inundation Corridor Village,0.5,3.6,9.5,20.0,4.6,46.3,2.5,19.0,0.21,19,0,1.43,2.97,2.34,25.6,61.9,8.6,0,0
Odisha,Balasore,Jaleswar Inundation Corridor Village,38.5,143.7,443.0,666.8,548.4,83.5,2.5,19.0,0.21,19,0,3.27,2.97,2.34,21.2,87.3,47.0,3,0
Odisha,Balasore,Jaleswar Inundation Corridor Village,11.7,55.8,167.8,277.7,111.0,75.0,2.5,19.0,0.21,19,0,2.59,2.97,2.34,27.4,83.3,26.9,3,0
Odisha,Balasore,Jaleswar Inundation Corridor Village,1.9,6.6,22.7,40.6,13.5,46.7,2.5,19.0,0.21,19,0,0.99,2.97,2.34,30.0,47.7,6.4,0,0
Odisha,Balasore,Jaleswar Inundation Corridor Village,85.5,361.9,926.8,1333.3,1045.6,92.3,2.5,19.0,0.21,19,0,3.67,2.97,2.34,18.6,95.4,40.5,3,0
Odisha,Balasore,Jaleswar Inundation Corridor Village,1.1,5.4,15.3,30.0,7.2,47.7,2.5,19.0,0.21,19,0,1.38,2.97,2.34,31.6,52.8,7.1,0,0
Odisha,Balasore,Jaleswar Inundation Corridor Village,27.4,139.4,353.3,589.8,336.6,90.7,2.5,19.0,0.21,19,0,2.91,2.97,2.34,25.2,92.9,25.3,3,0
Odisha,Balasore,Jaleswar Inundation Corridor Village,6.1,13.0,37.1,60.2,12.1,48.4,2.5,19.0,0.21,19,0,0.86,2.97,2.34,25.4,74.3,12.3,0,0
Odisha,Balasore,Jaleswar Inundation Corridor Village,49.2,293.5,680.3,1163.3,1150.3,95.5,2.5,19.0,0.21,19,0,4.04,2.97,2.34,22.8,96.8,54.7,3,0
Odisha,Balasore,Jaleswar Inundation Corridor Village,6.7,40.5,128.6,224.4,109.4,69.3,2.5,19.0,0.21,19,0,2.17,2.97,2.34,25.8,76.3,27.4,1,0
Odisha,Balasore,Jaleswar Inundation Corridor Village,16.8,90.8,242.1,486.7,288.9,78.7,2.5,19.0,0.21,19,0,2.85,2.97,2.34,20.6,89.1,44.1,3,0
Odisha,Balasore,Jaleswar Inundation Corridor Village,0.6,2.9,14.5,33.0,8.5,53.9,2.5,19.0,0.21,19,0,0.71,2.97,2.34,23.4,66.9,7.0,0,0
Odisha,Balasore,Jaleswar Inundation Corridor Village,37.7,185.9,491.5,920.2,410.7,88.8,2.5,19.0,0.21,19,0,3.5,2.97,2.34,22.6,87.3,45.8,3,0
Odisha,Balasore,Jaleswar Inundation Corridor Village,3.3,10.8,34.5,57.6,17.0,30.6,2.5,19.0,0.21,19,0,0.78,2.97,2.34,31.9,57.7,15.4,0,0
Odisha,Balasore,Jaleswar Inundation Corridor Village,6.8,32.9,113.5,244.3,61.4,63.7,2.5,19.0,0.21,19,0,2.18,2.97,2.34,27.4,86.0,16.8,1,0
Odisha,Balasore,Jaleswar Inundation Corridor Village,28.6,163.4,436.3,825.4,463.6,88.4,2.5,19.0,0.21,19,0,3.03,2.97,2.34,19.0,87.5,30.2,3,0
Odisha,Balasore,Jaleswar Inundation Corridor Village,1.5,4.0,14.6,21.6,9.4,54.1,2.5,19.0,0.21,19,0,0.52,2.97,2.34,25.2,52.0,8.9,0,0
Odisha,Balasore,Jaleswar Inundation Corridor Village,9.9,41.6,113.7,250.2,110.0,62.4,2.5,19.0,0.21,19,0,2.45,2.97,2.34,21.4,83.5,15.7,2,0
Odisha,Balasore,Bhograi Cyclone & Flash Flood Ward,80.6,350.8,876.8,1237.6,1217.9,93.4,1.1,7.0,0.12,22,0,5.9,4.19,3.77,23.9,95.0,46.8,3,0
Odisha,Balasore,Bhograi Cyclone & Flash Flood Ward,2.6,10.2,20.8,38.9,9.7,54.4,1.1,7.0,0.12,22,0,0.64,4.19,3.77,30.9,65.9,7.3,0,0
Odisha,Balasore,Bhograi Cyclone & Flash Flood Ward,46.8,266.6,737.8,1359.3,1086.2,93.2,1.1,7.0,0.12,22,0,5.44,4.19,3.77,20.8,95.4,64.1,3,0
Odisha,Balasore,Bhograi Cyclone & Flash Flood Ward,21.4,99.2,329.1,546.1,359.2,86.8,1.1,7.0,0.12,22,0,4.25,4.19,3.77,21.3,93.9,39.5,3,0
Odisha,Balasore,Bhograi Cyclone & Flash Flood Ward,37.4,170.9,443.1,673.7,403.0,81.8,1.1,7.0,0.12,22,0,5.2,4.19,3.77,20.4,88.3,39.0,3,0
Odisha,Balasore,Bhograi Cyclone & Flash Flood Ward,54.9,266.4,647.0,1187.7,944.9,95.8,1.1,7.0,0.12,22,0,5.66,4.19,3.77,23.1,94.7,71.6,3,0
Odisha,Balasore,Bhograi Cyclone & Flash Flood Ward,3.4,21.0,97.3,232.8,50.6,67.5,1.1,7.0,0.12,22,0,3.63,4.19,3.77,25.3,82.9,25.6,1,0
Odisha,Balasore,Bhograi Cyclone & Flash Flood Ward,1.1,4.2,15.7,32.4,9.7,53.0,1.1,7.0,0.12,22,0,1.76,4.19,3.77,30.0,73.0,7.9,0,0
Odisha,Balasore,Bhograi Cyclone & Flash Flood Ward,0.3,2.8,13.8,30.7,8.7,39.8,1.1,7.0,0.12,22,0,1.19,4.19,3.77,23.9,74.1,7.9,0,0
Odisha,Balasore,Bhograi Cyclone & Flash Flood Ward,75.7,400.6,1127.7,1787.2,1847.2,92.7,1.1,7.0,0.12,22,0,6.09,4.19,3.77,17.4,92.8,50.7,3,0
Odisha,Balasore,Bhograi Cyclone & Flash Flood Ward,8.2,39.7,127.5,280.3,131.4,75.8,1.1,7.0,0.12,22,0,3.27,4.19,3.77,27.0,79.5,22.1,2,0
Odisha,Balasore,Bhograi Cyclone & Flash Flood Ward,5.6,14.4,29.0,58.6,12.9,42.1,1.1,7.0,0.12,22,0,0.51,4.19,3.77,22.5,46.2,8.2,0,0
Odisha,Balasore,Bhograi Cyclone & Flash Flood Ward,0.5,2.1,9.5,22.1,4.0,56.9,1.1,7.0,0.12,22,0,2.38,4.19,3.77,25.5,55.8,5.2,0,0
Odisha,Balasore,Bhograi Cyclone & Flash Flood Ward,71.2,345.6,775.6,1173.1,1375.1,95.0,1.1,7.0,0.12,22,0,6.34,4.19,3.77,20.8,97.2,38.6,3,0
Odisha,Balasore,Bhograi Cyclone & Flash Flood Ward,2.1,22.7,89.7,176.5,48.1,72.8,1.1,7.0,0.12,22,0,3.49,4.19,3.77,22.6,75.3,15.8,1,0
Odisha,Balasore,Bhograi Cyclone & Flash Flood Ward,0.7,3.9,11.2,18.1,5.3,34.1,1.1,7.0,0.12,22,0,2.71,4.19,3.77,26.8,68.0,12.9,0,0
Odisha,Balasore,Bhograi Cyclone & Flash Flood Ward,1.1,4.5,16.8,36.6,10.3,30.2,1.1,7.0,0.12,22,0,1.08,4.19,3.77,27.8,57.1,5.6,0,0
Odisha,Balasore,Bhograi Cyclone & Flash Flood Ward,2.6,8.0,25.8,43.1,10.7,50.1,1.1,7.0,0.12,22,0,2.0,4.19,3.77,28.1,67.8,7.8,0,0
Odisha,Balasore,Bhograi Cyclone & Flash Flood Ward,1.0,4.6,16.3,22.6,10.1,33.0,1.1,7.0,0.12,22,0,1.53,4.19,3.77,23.3,73.3,12.5,0,0
Odisha,Balasore,Bhograi Cyclone & Flash Flood Ward,1.9,6.7,18.8,37.4,8.1,44.0,1.1,7.0,0.12,22,0,2.17,4.19,3.77,24.7,70.0,15.7,0,0
Odisha,Balasore,Bhograi Cyclone & Flash Flood Ward,72.5,319.0,787.0,1212.2,1129.8,98.5,1.1,7.0,0.12,22,0,5.47,4.19,3.77,23.8,96.1,60.8,3,0
Odisha,Balasore,Bhograi Cyclone & Flash Flood Ward,0.8,4.6,10.7,26.6,5.3,47.0,1.1,7.0,0.12,22,0,2.07,4.19,3.77,26.8,69.1,14.4,0,0
Odisha,Balasore,Bhograi Cyclone & Flash Flood Ward,5.9,29.9,91.8,164.5,51.4,70.6,1.1,7.0,0.12,22,0,3.3,4.19,3.77,21.0,82.0,19.1,1,0
Odisha,Balasore,Bhograi Cyclone & Flash Flood Ward,3.9,26.8,98.9,182.1,84.4,71.6,1.1,7.0,0.12,22,0,3.9,4.19,3.77,21.3,85.9,14.0,2,0
Odisha,Balasore,Bhograi Cyclone & Flash Flood Ward,3.1,20.9,85.3,193.0,43.4,74.7,1.1,7.0,0.12,22,0,3.53,4.19,3.77,26.9,79.1,13.9,1,0
Gujarat,Surat,Rander Tapi Riverbank Ward 11,10.4,54.2,184.2,384.4,97.2,66.8,2.2,16.0,0.22,17,0,2.73,3.57,2.92,23.6,87.6,26.7,1,0
Gujarat,Surat,Rander Tapi Riverbank Ward 11,56.4,253.6,755.3,1100.6,1357.1,97.1,2.2,16.0,0.22,17,0,5.4,3.57,2.92,18.9,98.7,45.2,3,0
Gujarat,Surat,Rander Tapi Riverbank Ward 11,0.9,4.7,18.7,35.4,6.6,37.9,2.2,16.0,0.22,17,0,1.56,3.57,2.92,26.9,73.5,7.9,0,0
Gujarat,Surat,Rander Tapi Riverbank Ward 11,21.7,106.6,329.5,700.0,396.7,80.9,2.2,16.0,0.22,17,0,4.28,3.57,2.92,23.5,95.7,25.1,3,0
Gujarat,Surat,Rander Tapi Riverbank Ward 11,59.7,343.7,989.0,1571.0,1723.7,94.5,2.2,16.0,0.22,17,0,5.13,3.57,2.92,21.7,97.4,54.0,3,0
Gujarat,Surat,Rander Tapi Riverbank Ward 11,8.7,47.3,156.8,321.5,157.6,75.8,2.2,16.0,0.22,17,0,3.15,3.57,2.92,25.2,80.5,18.4,2,0
Gujarat,Surat,Rander Tapi Riverbank Ward 11,0.6,4.2,16.1,27.1,9.2,35.1,2.2,16.0,0.22,17,0,1.41,3.57,2.92,28.4,68.1,15.6,0,0
Gujarat,Surat,Rander Tapi Riverbank Ward 11,22.1,114.0,386.8,646.0,391.8,84.7,2.2,16.0,0.22,17,0,4.32,3.57,2.92,21.7,90.8,28.5,3,0
Gujarat,Surat,Rander Tapi Riverbank Ward 11,6.7,31.9,128.6,258.7,97.3,67.3,2.2,16.0,0.22,17,0,3.26,3.57,2.92,25.5,85.4,17.5,1,0
Gujarat,Surat,Rander Tapi Riverbank Ward 11,0.1,1.3,5.9,9.7,3.2,29.7,2.2,16.0,0.22,17,0,0.59,3.57,2.92,28.7,45.6,5.7,0,0
Gujarat,Surat,Rander Tapi Riverbank Ward 11,1.0,3.7,9.5,21.0,4.0,30.9,2.2,16.0,0.22,17,0,2.17,3.57,2.92,27.7,66.5,13.3,0,0
Gujarat,Surat,Rander Tapi Riverbank Ward 11,0.7,3.2,9.1,18.0,5.0,28.9,2.2,16.0,0.22,17,0,1.59,3.57,2.92,23.7,70.4,9.6,0,0
Gujarat,Surat,Rander Tapi Riverbank Ward 11,3.6,10.5,29.0,61.2,11.8,55.2,2.2,16.0,0.22,17,0,1.5,3.57,2.92,23.0,47.5,6.6,0,0
Gujarat,Surat,Rander Tapi Riverbank Ward 11,35.7,181.8,595.3,1036.4,630.6,84.1,2.2,16.0,0.22,17,0,4.01,3.57,2.92,19.2,91.3,48.2,3,0
Gujarat,Surat,Rander Tapi Riverbank Ward 11,28.9,128.2,419.1,807.5,375.3,85.0,2.2,16.0,0.22,17,0,3.8,3.57,2.92,21.8,90.3,32.7,3,0
Gujarat,Surat,Rander Tapi Riverbank Ward 11,2.7,18.4,73.5,182.0,57.7,64.2,2.2,16.0,0.22,17,0,3.2,3.57,2.92,28.0,82.5,25.0,1,0
Gujarat,Surat,Rander Tapi Riverbank Ward 11,6.1,36.0,105.2,214.5,61.8,75.8,2.2,16.0,0.22,17,0,3.08,3.57,2.92,22.4,85.1,20.2,2,0
Gujarat,Surat,Rander Tapi Riverbank Ward 11,8.1,39.5,143.3,289.7,134.7,76.1,2.2,16.0,0.22,17,0,2.96,3.57,2.92,26.7,86.2,13.3,2,0
Gujarat,Surat,Rander Tapi Riverbank Ward 11,3.2,9.1,21.8,39.0,9.9,45.3,2.2,16.0,0.22,17,0,0.59,3.57,2.92,22.2,56.4,14.6,0,0
Gujarat,Surat,Rander Tapi Riverbank Ward 11,29.9,176.7,438.6,800.5,434.2,81.1,2.2,16.0,0.22,17,0,4.1,3.57,2.92,18.4,85.2,25.5,3,0
Gujarat,Surat,Rander Tapi Riverbank Ward 11,2.9,9.7,19.0,38.4,7.6,47.7,2.2,16.0,0.22,17,0,1.27,3.57,2.92,31.9,50.4,9.0,0,0
Gujarat,Surat,Rander Tapi Riverbank Ward 11,6.4,31.2,92.9,171.3,67.1,76.4,2.2,16.0,0.22,17,0,3.08,3.57,2.92,20.2,76.5,17.2,2,0
Gujarat,Surat,Rander Tapi Riverbank Ward 11,1.5,5.9,17.0,24.5,5.4,48.0,2.2,16.0,0.22,17,0,0.61,3.57,2.92,28.6,58.8,11.2,0,0
Gujarat,Surat,Rander Tapi Riverbank Ward 11,3.6,11.7,38.6,69.5,26.2,48.3,2.2,16.0,0.22,17,0,1.68,3.57,2.92,32.0,74.3,7.3,0,0
Gujarat,Surat,Rander Tapi Riverbank Ward 11,1.3,5.1,12.8,30.8,4.3,54.1,2.2,16.0,0.22,17,0,0.99,3.57,2.92,23.7,49.7,14.1,0,0
Gujarat,Surat,Olpad Khadi Inundation Village,1.6,7.4,20.4,40.7,7.8,37.6,1.5,12.0,0.18,16,0,1.09,4.17,3.59,28.9,57.8,9.4,0,0
Gujarat,Surat,Olpad Khadi Inundation Village,3.7,12.1,35.8,59.9,22.7,52.3,1.5,12.0,0.18,16,0,0.68,4.17,3.59,30.3,66.3,5.3,0,0
Gujarat,Surat,Olpad Khadi Inundation Village,38.9,158.4,391.1,588.9,534.3,86.6,1.5,12.0,0.18,16,0,5.1,4.17,3.59,25.7,93.9,35.2,3,0
Gujarat,Surat,Olpad Khadi Inundation Village,18.8,110.1,362.8,637.0,454.9,92.0,1.5,12.0,0.18,16,0,4.72,4.17,3.59,21.3,94.3,31.4,3,0
Gujarat,Surat,Olpad Khadi Inundation Village,22.8,99.2,258.1,520.2,177.0,75.8,1.5,12.0,0.18,16,0,3.74,4.17,3.59,23.1,86.4,22.6,3,0
Gujarat,Surat,Olpad Khadi Inundation Village,7.8,33.5,121.1,278.5,114.2,64.5,1.5,12.0,0.18,16,0,3.76,4.17,3.59,20.9,76.5,21.0,1,0
Gujarat,Surat,Olpad Khadi Inundation Village,17.4,99.5,229.6,462.9,229.2,90.7,1.5,12.0,0.18,16,0,4.01,4.17,3.59,19.4,90.4,38.7,3,0
Gujarat,Surat,Olpad Khadi Inundation Village,23.2,98.6,291.6,587.9,257.3,91.6,1.5,12.0,0.18,16,0,4.29,4.17,3.59,19.2,89.4,44.8,3,0
Gujarat,Surat,Olpad Khadi Inundation Village,2.2,7.5,20.4,37.1,11.6,46.7,1.5,12.0,0.18,16,0,2.65,4.17,3.59,30.8,57.3,7.8,0,0
Gujarat,Surat,Olpad Khadi Inundation Village,10.7,51.1,127.2,275.1,72.5,64.4,1.5,12.0,0.18,16,0,3.88,4.17,3.59,20.0,87.7,22.6,1,0
Gujarat,Surat,Olpad Khadi Inundation Village,3.6,9.4,29.2,44.8,14.3,47.2,1.5,12.0,0.18,16,0,0.99,4.17,3.59,29.5,68.6,9.3,0,0
Gujarat,Surat,Olpad Khadi Inundation Village,32.1,135.0,353.7,574.3,374.7,79.1,1.5,12.0,0.18,16,0,5.0,4.17,3.59,21.7,93.3,27.8,3,0
Gujarat,Surat,Olpad Khadi Inundation Village,37.0,140.2,375.0,701.0,381.6,84.1,1.5,12.0,0.18,16,0,4.62,4.17,3.59,21.4,90.3,45.0,3,0
Gujarat,Surat,Olpad Khadi Inundation Village,12.0,53.7,164.5,350.8,105.2,71.4,1.5,12.0,0.18,16,0,3.16,4.17,3.59,21.6,87.4,21.5,1,0
Gujarat,Surat,Olpad Khadi Inundation Village,0.8,3.1,9.0,16.1,4.2,52.3,1.5,12.0,0.18,16,0,2.5,4.17,3.59,24.8,65.6,14.8,0,0
Gujarat,Surat,Olpad Khadi Inundation Village,8.1,36.4,101.6,236.7,92.7,72.0,1.5,12.0,0.18,16,0,3.76,4.17,3.59,24.7,86.0,27.8,1,0
Gujarat,Surat,Olpad Khadi Inundation Village,12.0,46.3,131.9,274.3,83.1,63.5,1.5,12.0,0.18,16,0,3.06,4.17,3.59,24.5,75.5,17.7,1,0
Gujarat,Surat,Olpad Khadi Inundation Village,16.0,81.8,277.6,546.8,262.2,78.9,1.5,12.0,0.18,16,0,5.09,4.17,3.59,25.4,91.8,47.1,3,0
Gujarat,Surat,Olpad Khadi Inundation Village,14.5,55.1,199.7,367.1,217.6,68.5,1.5,12.0,0.18,16,0,3.78,4.17,3.59,22.8,86.2,26.8,2,0
Gujarat,Surat,Olpad Khadi Inundation Village,24.6,138.5,388.3,667.0,526.4,89.3,1.5,12.0,0.18,16,0,4.74,4.17,3.59,19.4,94.6,34.0,3,0
Gujarat,Surat,Olpad Khadi Inundation Village,39.9,208.4,503.6,911.4,650.5,89.5,1.5,12.0,0.18,16,0,5.09,4.17,3.59,24.9,90.5,27.4,3,0
Gujarat,Surat,Olpad Khadi Inundation Village,37.9,179.3,391.3,578.9,404.5,85.6,1.5,12.0,0.18,16,0,4.61,4.17,3.59,25.9,95.6,31.0,3,0
Gujarat,Surat,Olpad Khadi Inundation Village,35.2,181.2,520.7,795.1,514.4,87.1,1.5,12.0,0.18,16,0,4.48,4.17,3.59,23.7,91.7,46.3,3,0
Gujarat,Surat,Olpad Khadi Inundation Village,6.1,35.2,126.3,229.7,123.5,66.6,1.5,12.0,0.18,16,0,3.48,4.17,3.59,24.9,75.7,25.3,1,0
Gujarat,Surat,Olpad Khadi Inundation Village,1.8,5.2,10.8,22.0,3.3,53.0,1.5,12.0,0.18,16,0,1.43,4.17,3.59,25.7,74.9,5.0,0,0
Gujarat,Surat,Kamrej Tapi Basin Ward,84.1,389.3,996.2,1465.3,1234.3,92.0,3.2,24.0,0.26,14,0,5.92,4.1,3.69,22.2,95.8,42.2,3,0
Gujarat,Surat,Kamrej Tapi Basin Ward,2.0,6.1,20.3,34.3,7.9,25.4,3.2,24.0,0.26,14,0,2.07,4.1,3.69,31.6,55.8,8.5,0,0
Gujarat,Surat,Kamrej Tapi Basin Ward,1.5,3.4,10.4,18.4,5.2,47.2,3.2,24.0,0.26,14,0,2.72,4.1,3.69,25.5,66.6,6.3,0,0
Gujarat,Surat,Kamrej Tapi Basin Ward,75.0,369.2,897.9,1246.2,1488.2,91.0,3.2,24.0,0.26,14,0,4.96,4.1,3.69,21.7,97.8,54.7,3,0
Gujarat,Surat,Kamrej Tapi Basin Ward,7.9,31.0,114.7,230.1,115.0,65.5,3.2,24.0,0.26,14,0,3.72,4.1,3.69,23.8,84.1,14.3,1,0
Gujarat,Surat,Kamrej Tapi Basin Ward,29.0,164.8,438.5,825.8,500.1,80.1,3.2,24.0,0.26,14,0,4.35,4.1,3.69,24.8,91.6,34.4,3,0
Gujarat,Surat,Kamrej Tapi Basin Ward,11.2,26.9,50.3,81.1,17.6,40.7,3.2,24.0,0.26,14,0,1.88,4.1,3.69,25.0,47.6,12.1,0,0
Gujarat,Surat,Kamrej Tapi Basin Ward,6.0,36.0,133.4,239.5,90.5,77.5,3.2,24.0,0.26,14,0,3.4,4.1,3.69,25.5,76.1,16.9,1,0
Gujarat,Surat,Kamrej Tapi Basin Ward,22.9,151.2,402.3,701.0,329.5,85.6,3.2,24.0,0.26,14,0,4.29,4.1,3.69,18.9,88.2,42.5,3,0
Gujarat,Surat,Kamrej Tapi Basin Ward,38.2,150.2,419.6,705.4,581.3,88.6,3.2,24.0,0.26,14,0,4.05,4.1,3.69,18.1,86.7,45.6,3,0
Gujarat,Surat,Kamrej Tapi Basin Ward,1.3,4.2,12.1,23.6,7.3,35.7,3.2,24.0,0.26,14,0,1.88,4.1,3.69,29.1,49.6,5.2,0,0
Gujarat,Surat,Kamrej Tapi Basin Ward,0.2,1.3,10.8,23.3,4.5,26.3,3.2,24.0,0.26,14,0,1.63,4.1,3.69,23.5,46.3,6.8,0,0
Gujarat,Surat,Kamrej Tapi Basin Ward,0.1,2.1,7.4,15.1,5.1,41.0,3.2,24.0,0.26,14,0,1.7,4.1,3.69,30.4,68.2,15.7,0,0
Gujarat,Surat,Kamrej Tapi Basin Ward,2.1,6.8,16.3,36.1,8.4,34.7,3.2,24.0,0.26,14,0,1.63,4.1,3.69,28.3,59.0,6.1,0,0
Gujarat,Surat,Kamrej Tapi Basin Ward,12.1,46.5,152.6,335.3,158.8,75.4,3.2,24.0,0.26,14,0,3.44,4.1,3.69,24.2,87.8,14.8,2,0
Gujarat,Surat,Kamrej Tapi Basin Ward,10.8,40.3,149.2,254.5,155.1,75.7,3.2,24.0,0.26,14,0,3.52,4.1,3.69,27.3,75.8,26.5,2,0
Gujarat,Surat,Kamrej Tapi Basin Ward,3.8,25.0,73.3,166.6,58.8,62.4,3.2,24.0,0.26,14,0,3.55,4.1,3.69,20.6,80.8,14.1,0,0
Gujarat,Surat,Kamrej Tapi Basin Ward,10.5,42.0,158.5,294.4,83.2,63.0,3.2,24.0,0.26,14,0,3.3,4.1,3.69,24.5,75.1,20.7,1,0
Gujarat,Surat,Kamrej Tapi Basin Ward,37.1,167.9,537.6,820.0,735.1,90.6,3.2,24.0,0.26,14,0,4.55,4.1,3.69,19.5,89.6,44.9,3,0
Gujarat,Surat,Kamrej Tapi Basin Ward,6.2,36.6,123.2,204.4,66.8,77.9,3.2,24.0,0.26,14,0,3.66,4.1,3.69,23.4,80.5,23.6,1,0
Gujarat,Surat,Kamrej Tapi Basin Ward,1.0,4.1,14.8,26.5,4.6,41.5,3.2,24.0,0.26,14,0,1.76,4.1,3.69,30.4,51.3,10.8,0,0
Gujarat,Surat,Kamrej Tapi Basin Ward,76.0,334.2,704.8,1133.8,1001.3,94.7,3.2,24.0,0.26,14,0,5.45,4.1,3.69,23.2,94.3,73.2,3,0
Gujarat,Surat,Kamrej Tapi Basin Ward,2.5,18.8,75.6,170.3,45.4,77.5,3.2,24.0,0.26,14,0,3.77,4.1,3.69,25.3,80.0,14.2,2,0
Gujarat,Surat,Kamrej Tapi Basin Ward,4.2,31.9,92.4,184.9,55.0,65.6,3.2,24.0,0.26,14,0,3.75,4.1,3.69,22.8,86.2,19.6,1,0
Gujarat,Surat,Kamrej Tapi Basin Ward,9.0,34.0,101.8,217.2,75.4,76.4,3.2,24.0,0.26,14,0,3.72,4.1,3.69,22.7,80.8,18.5,2,0
Gujarat,Bharuch,Golden Bridge Narmada Bank Ward 2,8.1,40.8,144.7,261.0,130.0,66.8,3.8,22.0,0.28,16,0,2.49,3.16,2.72,24.5,80.5,19.3,1,0
Gujarat,Bharuch,Golden Bridge Narmada Bank Ward 2,7.4,33.4,103.1,225.6,68.3,68.9,3.8,22.0,0.28,16,0,2.33,3.16,2.72,22.5,85.1,13.7,1,0
Gujarat,Bharuch,Golden Bridge Narmada Bank Ward 2,1.1,20.7,70.3,151.6,45.1,64.2,3.8,22.0,0.28,16,0,2.45,3.16,2.72,24.3,84.8,20.4,0,0
Gujarat,Bharuch,Golden Bridge Narmada Bank Ward 2,1.6,6.2,17.8,32.5,11.7,57.4,3.8,22.0,0.28,16,0,0.59,3.16,2.72,25.6,56.2,8.0,0,0
Gujarat,Bharuch,Golden Bridge Narmada Bank Ward 2,4.5,26.1,101.1,230.2,85.7,68.6,3.8,22.0,0.28,16,0,2.64,3.16,2.72,25.0,75.1,18.4,1,0
Gujarat,Bharuch,Golden Bridge Narmada Bank Ward 2,1.9,6.1,15.8,31.9,8.4,39.3,3.8,22.0,0.28,16,0,0.94,3.16,2.72,29.8,62.0,14.4,0,0
Gujarat,Bharuch,Golden Bridge Narmada Bank Ward 2,3.7,10.6,28.2,52.1,19.1,55.9,3.8,22.0,0.28,16,0,0.88,3.16,2.72,22.5,59.2,10.7,0,0
Gujarat,Bharuch,Golden Bridge Narmada Bank Ward 2,0.9,4.0,16.5,35.1,6.0,52.1,3.8,22.0,0.28,16,0,1.9,3.16,2.72,25.1,69.6,6.4,0,0
Gujarat,Bharuch,Golden Bridge Narmada Bank Ward 2,7.1,36.7,141.5,294.5,136.4,65.2,3.8,22.0,0.28,16,0,2.39,3.16,2.72,27.9,79.9,24.4,1,0
Gujarat,Bharuch,Golden Bridge Narmada Bank Ward 2,6.1,17.6,44.6,77.2,29.6,53.5,3.8,22.0,0.28,16,0,1.75,3.16,2.72,22.9,65.1,7.8,0,0
Gujarat,Bharuch,Golden Bridge Narmada Bank Ward 2,7.9,41.5,121.8,291.9,127.3,66.1,3.8,22.0,0.28,16,0,2.53,3.16,2.72,24.6,79.0,22.7,1,0
Gujarat,Bharuch,Golden Bridge Narmada Bank Ward 2,1.4,6.1,17.0,26.7,8.5,41.2,3.8,22.0,0.28,16,0,1.81,3.16,2.72,22.8,74.9,5.2,0,0
Gujarat,Bharuch,Golden Bridge Narmada Bank Ward 2,3.9,30.6,100.0,232.9,93.3,67.5,3.8,22.0,0.28,16,0,2.73,3.16,2.72,27.2,81.4,17.1,1,0
Gujarat,Bharuch,Golden Bridge Narmada Bank Ward 2,51.9,213.5,520.4,1001.9,827.5,98.0,3.8,22.0,0.28,16,0,4.03,3.16,2.72,17.8,97.6,39.0,3,0
Gujarat,Bharuch,Golden Bridge Narmada Bank Ward 2,56.5,266.3,642.7,982.4,878.2,92.7,3.8,22.0,0.28,16,0,4.71,3.16,2.72,18.3,93.6,63.7,3,0
Gujarat,Bharuch,Golden Bridge Narmada Bank Ward 2,2.8,8.4,22.4,44.4,12.5,34.3,3.8,22.0,0.28,16,0,1.59,3.16,2.72,24.9,70.7,10.2,0,0
Gujarat,Bharuch,Golden Bridge Narmada Bank Ward 2,3.4,24.2,80.3,171.1,82.0,73.8,3.8,22.0,0.28,16,0,2.66,3.16,2.72,25.3,78.8,21.0,1,0
Gujarat,Bharuch,Golden Bridge Narmada Bank Ward 2,3.9,11.8,29.6,44.7,15.5,34.6,3.8,22.0,0.28,16,0,0.77,3.16,2.72,27.1,62.4,7.7,0,0
Gujarat,Bharuch,Golden Bridge Narmada Bank Ward 2,2.5,5.6,16.3,34.9,8.0,50.6,3.8,22.0,0.28,16,0,1.99,3.16,2.72,30.7,50.4,10.7,0,0
Gujarat,Bharuch,Golden Bridge Narmada Bank Ward 2,0.8,2.9,11.4,25.4,5.8,33.6,3.8,22.0,0.28,16,0,0.91,3.16,2.72,31.9,71.8,8.9,0,0
Gujarat,Bharuch,Golden Bridge Narmada Bank Ward 2,0.6,3.5,14.7,28.3,7.2,25.9,3.8,22.0,0.28,16,0,1.69,3.16,2.72,26.1,64.6,5.8,0,0
Gujarat,Bharuch,Golden Bridge Narmada Bank Ward 2,29.8,146.7,376.6,730.1,362.2,82.6,3.8,22.0,0.28,16,0,3.02,3.16,2.72,21.8,96.0,43.2,3,0
Gujarat,Bharuch,Golden Bridge Narmada Bank Ward 2,0.6,1.7,3.8,12.1,1.3,46.8,3.8,22.0,0.28,16,0,0.62,3.16,2.72,24.6,68.0,15.7,0,0
Gujarat,Bharuch,Golden Bridge Narmada Bank Ward 2,1.7,17.4,71.1,148.4,54.5,71.9,3.8,22.0,0.28,16,0,2.97,3.16,2.72,25.8,83.3,26.9,1,0
Gujarat,Bharuch,Golden Bridge Narmada Bank Ward 2,2.1,5.7,13.3,29.3,9.2,29.3,3.8,22.0,0.28,16,0,1.02,3.16,2.72,23.5,73.7,10.5,0,0
Gujarat,Bharuch,Ankleshwar GIDC Lowland Village,1.3,18.4,86.2,173.3,69.8,69.9,1.9,19.0,0.21,15,0,2.72,3.39,2.91,25.6,83.5,21.9,1,0
Gujarat,Bharuch,Ankleshwar GIDC Lowland Village,6.3,33.6,107.2,217.5,70.8,75.9,1.9,19.0,0.21,15,0,3.08,3.39,2.91,24.4,77.9,20.1,2,0
Gujarat,Bharuch,Ankleshwar GIDC Lowland Village,1.2,6.2,13.4,30.3,4.1,38.8,1.9,19.0,0.21,15,0,2.04,3.39,2.91,23.0,63.1,11.4,0,0
Gujarat,Bharuch,Ankleshwar GIDC Lowland Village,1.0,4.3,17.8,41.6,7.9,35.9,1.9,19.0,0.21,15,0,0.88,3.39,2.91,31.6,47.1,12.1,0,0
Gujarat,Bharuch,Ankleshwar GIDC Lowland Village,8.7,40.6,141.4,300.5,103.2,63.0,1.9,19.0,0.21,15,0,3.09,3.39,2.91,26.0,86.2,18.1,2,0
Gujarat,Bharuch,Ankleshwar GIDC Lowland Village,4.7,28.8,116.0,212.5,79.4,71.8,1.9,19.0,0.21,15,0,2.89,3.39,2.91,27.1,85.7,22.7,1,0
Gujarat,Bharuch,Ankleshwar GIDC Lowland Village,36.9,132.0,304.2,535.7,362.3,90.2,1.9,19.0,0.21,15,0,4.02,3.39,2.91,19.5,91.8,25.1,3,0
Gujarat,Bharuch,Ankleshwar GIDC Lowland Village,89.0,413.1,985.3,1552.3,1700.1,96.5,1.9,19.0,0.21,15,0,5.15,3.39,2.91,23.4,95.5,62.0,3,0
Gujarat,Bharuch,Ankleshwar GIDC Lowland Village,34.4,154.6,449.2,692.2,597.0,80.3,1.9,19.0,0.21,15,0,3.49,3.39,2.91,24.3,90.9,28.3,3,0
Gujarat,Bharuch,Ankleshwar GIDC Lowland Village,7.4,35.9,97.0,218.4,86.6,66.3,1.9,19.0,0.21,15,0,3.06,3.39,2.91,20.9,84.2,18.0,1,0
Gujarat,Bharuch,Ankleshwar GIDC Lowland Village,3.9,13.3,43.0,70.5,24.4,43.2,1.9,19.0,0.21,15,0,0.51,3.39,2.91,27.7,73.0,14.1,0,0
Gujarat,Bharuch,Ankleshwar GIDC Lowland Village,26.2,149.1,422.1,774.1,421.6,87.1,1.9,19.0,0.21,15,0,3.28,3.39,2.91,23.4,94.9,28.9,3,0
Gujarat,Bharuch,Ankleshwar GIDC Lowland Village,2.3,9.0,25.4,44.3,17.8,40.7,1.9,19.0,0.21,15,0,1.47,3.39,2.91,24.7,69.9,9.1,0,0
Gujarat,Bharuch,Ankleshwar GIDC Lowland Village,5.1,33.9,130.2,280.8,140.8,73.5,1.9,19.0,0.21,15,0,2.51,3.39,2.91,22.2,78.5,12.0,1,0
Gujarat,Bharuch,Ankleshwar GIDC Lowland Village,1.4,5.4,15.4,30.0,7.2,46.2,1.9,19.0,0.21,15,0,1.8,3.39,2.91,31.3,55.9,10.0,0,0
Gujarat,Bharuch,Ankleshwar GIDC Lowland Village,1.0,3.9,11.3,22.4,5.3,35.7,1.9,19.0,0.21,15,0,0.54,3.39,2.91,29.5,66.8,7.7,0,0
Gujarat,Bharuch,Ankleshwar GIDC Lowland Village,1.2,6.0,19.0,32.8,10.5,53.5,1.9,19.0,0.21,15,0,1.91,3.39,2.91,30.4,73.5,8.7,0,0
Gujarat,Bharuch,Ankleshwar GIDC Lowland Village,37.4,164.6,352.5,690.3,396.9,78.0,1.9,19.0,0.21,15,0,3.72,3.39,2.91,22.2,92.0,45.8,3,0
Gujarat,Bharuch,Ankleshwar GIDC Lowland Village,1.7,6.3,19.4,29.2,6.7,52.8,1.9,19.0,0.21,15,0,1.23,3.39,2.91,23.2,63.1,7.4,0,0
Gujarat,Bharuch,Ankleshwar GIDC Lowland Village,26.5,115.6,287.5,592.9,347.5,84.2,1.9,19.0,0.21,15,0,3.66,3.39,2.91,19.6,91.5,49.5,3,0
Gujarat,Bharuch,Ankleshwar GIDC Lowland Village,2.5,23.7,74.4,165.1,74.1,75.8,1.9,19.0,0.21,15,0,2.59,3.39,2.91,26.9,81.6,12.3,1,0
Gujarat,Bharuch,Ankleshwar GIDC Lowland Village,2.0,19.6,80.0,176.7,64.2,66.1,1.9,19.0,0.21,15,0,2.64,3.39,2.91,22.8,80.2,20.5,1,0
Gujarat,Bharuch,Ankleshwar GIDC Lowland Village,0.5,4.3,11.7,27.5,4.6,53.8,1.9,19.0,0.21,15,0,2.09,3.39,2.91,27.7,58.2,14.9,0,0
Gujarat,Bharuch,Ankleshwar GIDC Lowland Village,2.2,7.9,17.9,40.7,11.1,32.1,1.9,19.0,0.21,15,0,1.26,3.39,2.91,23.5,64.7,5.7,0,0
Gujarat,Bharuch,Ankleshwar GIDC Lowland Village,2.4,7.8,23.8,46.4,8.9,34.7,1.9,19.0,0.21,15,0,1.9,3.39,2.91,25.1,63.3,14.1,0,0
Gujarat,Bharuch,Jhagadia Narmada Valley Ward,10.6,45.8,135.9,274.1,134.0,65.5,6.5,35.0,0.36,12,2,2.83,3.85,3.21,27.3,80.3,15.8,1,0
Gujarat,Bharuch,Jhagadia Narmada Valley Ward,46.5,235.9,648.0,963.3,1015.6,93.6,6.5,35.0,0.36,12,2,5.63,3.85,3.21,16.2,93.9,52.6,3,0
Gujarat,Bharuch,Jhagadia Narmada Valley Ward,0.6,2.3,6.0,16.9,2.0,28.2,6.5,35.0,0.36,12,2,1.95,3.85,3.21,28.2,72.2,10.4,0,0
Gujarat,Bharuch,Jhagadia Narmada Valley Ward,7.1,35.4,113.8,255.1,110.8,70.6,6.5,35.0,0.36,12,2,2.78,3.85,3.21,25.0,86.0,18.8,1,0
Gujarat,Bharuch,Jhagadia Narmada Valley Ward,5.2,34.3,123.0,266.4,67.5,76.3,6.5,35.0,0.36,12,2,3.12,3.85,3.21,25.8,76.2,19.6,1,0
Gujarat,Bharuch,Jhagadia Narmada Valley Ward,6.2,31.0,83.1,197.4,69.3,62.5,6.5,35.0,0.36,12,2,3.42,3.85,3.21,26.0,79.5,14.5,1,0
Gujarat,Bharuch,Jhagadia Narmada Valley Ward,42.6,230.3,647.3,1114.7,738.8,99.5,6.5,35.0,0.36,12,2,4.68,3.85,3.21,16.5,92.6,37.6,3,0
Gujarat,Bharuch,Jhagadia Narmada Valley Ward,36.6,141.9,399.2,774.5,465.7,86.9,6.5,35.0,0.36,12,2,4.2,3.85,3.21,20.1,95.6,40.3,3,0
Gujarat,Bharuch,Jhagadia Narmada Valley Ward,5.2,36.2,131.5,252.7,68.7,62.2,6.5,35.0,0.36,12,2,3.53,3.85,3.21,26.5,78.0,16.2,1,0
Gujarat,Bharuch,Jhagadia Narmada Valley Ward,7.8,30.5,119.4,248.0,83.2,66.9,6.5,35.0,0.36,12,2,3.36,3.85,3.21,23.4,77.2,21.9,1,0
Gujarat,Bharuch,Jhagadia Narmada Valley Ward,33.5,151.2,391.3,617.9,314.0,79.7,6.5,35.0,0.36,12,2,4.41,3.85,3.21,20.7,89.5,31.9,3,0
Gujarat,Bharuch,Jhagadia Narmada Valley Ward,0.7,4.7,13.9,27.0,6.2,57.2,6.5,35.0,0.36,12,2,0.8,3.85,3.21,31.4,59.1,5.2,0,0
Gujarat,Bharuch,Jhagadia Narmada Valley Ward,30.2,133.6,442.1,726.6,412.1,81.9,6.5,35.0,0.36,12,2,3.95,3.85,3.21,19.2,93.1,39.2,3,0
Gujarat,Bharuch,Jhagadia Narmada Valley Ward,27.1,138.2,431.6,634.3,402.9,78.3,6.5,35.0,0.36,12,2,4.14,3.85,3.21,20.1,92.6,44.3,3,0
Gujarat,Bharuch,Jhagadia Narmada Valley Ward,16.1,114.1,310.0,520.9,348.6,85.3,6.5,35.0,0.36,12,2,3.87,3.85,3.21,23.9,90.7,43.7,3,0
Gujarat,Bharuch,Jhagadia Narmada Valley Ward,12.7,63.8,152.9,323.9,109.6,70.1,6.5,35.0,0.36,12,2,3.16,3.85,3.21,21.7,75.3,13.0,1,0
Gujarat,Bharuch,Jhagadia Narmada Valley Ward,3.6,9.1,26.2,53.0,18.0,57.8,6.5,35.0,0.36,12,2,1.21,3.85,3.21,22.2,47.5,7.2,0,0
Gujarat,Bharuch,Jhagadia Narmada Valley Ward,2.1,8.4,25.1,37.4,16.6,34.4,6.5,35.0,0.36,12,2,2.3,3.85,3.21,26.8,55.1,9.2,0,0
Gujarat,Bharuch,Jhagadia Narmada Valley Ward,11.9,53.6,145.6,260.5,124.4,70.6,6.5,35.0,0.36,12,2,2.74,3.85,3.21,20.2,85.5,27.5,1,0
Gujarat,Bharuch,Jhagadia Narmada Valley Ward,0.2,2.1,10.9,16.3,3.9,50.8,6.5,35.0,0.36,12,2,0.93,3.85,3.21,28.6,63.4,13.8,0,0
Gujarat,Bharuch,Jhagadia Narmada Valley Ward,3.7,10.8,26.7,49.2,16.6,36.0,6.5,35.0,0.36,12,2,0.8,3.85,3.21,25.3,56.5,15.3,0,0
Gujarat,Bharuch,Jhagadia Narmada Valley Ward,2.0,7.5,17.3,28.6,7.1,57.4,6.5,35.0,0.36,12,2,1.62,3.85,3.21,28.9,56.6,7.3,0,0
Gujarat,Bharuch,Jhagadia Narmada Valley Ward,0.7,3.4,9.7,21.8,6.0,31.7,6.5,35.0,0.36,12,2,1.64,3.85,3.21,25.4,46.1,9.2,0,0
Gujarat,Bharuch,Jhagadia Narmada Valley Ward,20.0,120.9,277.7,561.8,285.1,82.3,6.5,35.0,0.36,12,2,3.87,3.85,3.21,22.1,92.7,44.9,3,0
Gujarat,Bharuch,Jhagadia Narmada Valley Ward,0.7,2.6,5.3,11.2,3.6,49.9,6.5,35.0,0.36,12,2,2.24,3.85,3.21,25.2,46.0,11.4,0,0
Gujarat,Vadodara,Sayajiganj Vishwamitri Bank Ward 8,4.7,11.0,32.0,61.5,21.7,54.4,3.5,38.0,0.24,18,0,1.9,3.54,3.12,27.2,56.5,5.3,0,0
Gujarat,Vadodara,Sayajiganj Vishwamitri Bank Ward 8,2.8,8.0,20.0,37.3,11.6,25.8,3.5,38.0,0.24,18,0,1.94,3.54,3.12,26.1,45.9,12.2,0,0
Gujarat,Vadodara,Sayajiganj Vishwamitri Bank Ward 8,77.1,325.0,745.7,1202.8,1247.1,91.7,3.5,38.0,0.24,18,0,5.62,3.54,3.12,21.7,95.5,54.8,3,0
Gujarat,Vadodara,Sayajiganj Vishwamitri Bank Ward 8,6.1,39.0,122.3,250.6,128.8,62.9,3.5,38.0,0.24,18,0,2.87,3.54,3.12,24.1,78.9,15.9,1,0
Gujarat,Vadodara,Sayajiganj Vishwamitri Bank Ward 8,39.6,186.5,576.4,1031.3,501.7,79.7,3.5,38.0,0.24,18,0,4.17,3.54,3.12,18.3,93.9,46.2,3,0
Gujarat,Vadodara,Sayajiganj Vishwamitri Bank Ward 8,2.4,21.6,90.5,167.2,97.6,67.7,3.5,38.0,0.24,18,0,3.14,3.54,3.12,22.5,75.1,12.9,2,0
Gujarat,Vadodara,Sayajiganj Vishwamitri Bank Ward 8,13.5,44.6,141.4,294.4,130.4,75.9,3.5,38.0,0.24,18,0,3.0,3.54,3.12,22.5,82.1,13.5,2,0
Gujarat,Vadodara,Sayajiganj Vishwamitri Bank Ward 8,0.4,3.3,7.8,14.6,3.4,53.6,3.5,38.0,0.24,18,0,0.81,3.54,3.12,26.0,61.6,11.2,0,0
Gujarat,Vadodara,Sayajiganj Vishwamitri Bank Ward 8,1.0,2.5,12.4,25.8,7.0,31.0,3.5,38.0,0.24,18,0,1.1,3.54,3.12,24.3,71.0,6.9,0,0
Gujarat,Vadodara,Sayajiganj Vishwamitri Bank Ward 8,1.2,3.3,15.8,30.4,8.9,43.5,3.5,38.0,0.24,18,0,2.06,3.54,3.12,30.3,54.4,5.8,0,0
Gujarat,Vadodara,Sayajiganj Vishwamitri Bank Ward 8,56.7,258.3,724.2,1016.7,806.9,94.7,3.5,38.0,0.24,18,0,4.31,3.54,3.12,21.9,94.6,62.8,3,0
Gujarat,Vadodara,Sayajiganj Vishwamitri Bank Ward 8,4.1,26.0,97.4,223.5,62.1,77.4,3.5,38.0,0.24,18,0,2.91,3.54,3.12,20.9,80.2,15.0,2,0
Gujarat,Vadodara,Sayajiganj Vishwamitri Bank Ward 8,1.2,3.7,14.4,22.6,5.7,54.0,3.5,38.0,0.24,18,0,1.17,3.54,3.12,22.7,66.9,8.7,0,0
Gujarat,Vadodara,Sayajiganj Vishwamitri Bank Ward 8,1.4,3.7,9.7,26.1,6.1,52.3,3.5,38.0,0.24,18,0,0.78,3.54,3.12,31.8,59.3,6.0,0,0
Gujarat,Vadodara,Sayajiganj Vishwamitri Bank Ward 8,23.4,126.1,325.2,538.6,304.1,91.7,3.5,38.0,0.24,18,0,4.38,3.54,3.12,20.9,88.1,30.5,3,0
Gujarat,Vadodara,Sayajiganj Vishwamitri Bank Ward 8,1.1,3.9,10.0,16.8,3.6,37.4,3.5,38.0,0.24,18,0,1.16,3.54,3.12,22.9,54.3,10.7,0,0
Gujarat,Vadodara,Sayajiganj Vishwamitri Bank Ward 8,8.1,35.1,141.5,248.6,124.5,77.8,3.5,38.0,0.24,18,0,3.27,3.54,3.12,22.9,84.3,23.6,3,0
Gujarat,Vadodara,Sayajiganj Vishwamitri Bank Ward 8,62.6,318.4,651.4,1153.6,662.5,92.0,3.5,38.0,0.24,18,0,4.25,3.54,3.12,19.0,94.4,59.0,3,0
Gujarat,Vadodara,Sayajiganj Vishwamitri Bank Ward 8,16.0,66.6,161.3,352.4,83.8,77.5,3.5,38.0,0.24,18,0,2.74,3.54,3.12,27.9,82.5,14.6,2,0
Gujarat,Vadodara,Sayajiganj Vishwamitri Bank Ward 8,26.5,147.8,356.7,603.1,316.5,86.9,3.5,38.0,0.24,18,0,3.91,3.54,3.12,25.6,95.9,43.3,3,0
Gujarat,Vadodara,Sayajiganj Vishwamitri Bank Ward 8,2.4,20.6,87.3,206.8,84.7,64.6,3.5,38.0,0.24,18,0,2.75,3.54,3.12,20.0,86.0,27.1,1,0
Gujarat,Vadodara,Sayajiganj Vishwamitri Bank Ward 8,46.3,189.2,549.8,852.4,679.7,92.4,3.5,38.0,0.24,18,0,5.5,3.54,3.12,21.8,97.0,64.8,3,0
Gujarat,Vadodara,Sayajiganj Vishwamitri Bank Ward 8,1.6,7.4,23.0,33.6,12.2,36.7,3.5,38.0,0.24,18,0,2.26,3.54,3.12,31.6,46.5,11.9,0,0
Gujarat,Vadodara,Sayajiganj Vishwamitri Bank Ward 8,39.5,192.6,526.1,910.7,463.6,84.3,3.5,38.0,0.24,18,0,3.51,3.54,3.12,20.0,89.5,27.3,3,0
Gujarat,Vadodara,Sayajiganj Vishwamitri Bank Ward 8,74.3,355.8,746.8,1173.1,1004.1,92.8,3.5,38.0,0.24,18,0,4.31,3.54,3.12,22.7,94.9,52.6,3,0
Gujarat,Vadodara,Sama Canal Overflow Village,3.1,20.2,81.7,165.8,50.1,73.9,2.2,41.0,0.2,16,0,2.21,2.69,2.27,21.5,77.4,12.5,1,0
Gujarat,Vadodara,Sama Canal Overflow Village,2.3,15.5,66.5,128.1,72.3,71.8,2.2,41.0,0.2,16,0,2.15,2.69,2.27,24.4,82.2,20.9,0,0
Gujarat,Vadodara,Sama Canal Overflow Village,11.3,48.8,177.1,361.3,91.3,76.7,2.2,41.0,0.2,16,0,2.41,2.69,2.27,27.6,77.1,21.4,2,0
Gujarat,Vadodara,Sama Canal Overflow Village,7.7,42.9,122.7,277.9,82.3,66.4,2.2,41.0,0.2,16,0,2.19,2.69,2.27,27.5,81.2,16.2,1,0
Gujarat,Vadodara,Sama Canal Overflow Village,2.2,16.4,76.6,176.1,69.6,72.4,2.2,41.0,0.2,16,0,2.55,2.69,2.27,27.5,78.2,27.7,1,0
Gujarat,Vadodara,Sama Canal Overflow Village,72.8,282.4,586.4,1052.2,642.6,91.4,2.2,41.0,0.2,16,0,3.64,2.69,2.27,18.7,97.8,45.0,3,0
Gujarat,Vadodara,Sama Canal Overflow Village,5.9,33.6,95.9,193.1,98.0,70.7,2.2,41.0,0.2,16,0,2.19,2.69,2.27,26.7,76.5,24.2,1,0
Gujarat,Vadodara,Sama Canal Overflow Village,0.5,3.8,15.1,29.6,9.4,50.5,2.2,41.0,0.2,16,0,1.56,2.69,2.27,30.5,55.2,5.2,0,0
Gujarat,Vadodara,Sama Canal Overflow Village,6.0,25.1,89.9,167.8,73.4,62.3,2.2,41.0,0.2,16,0,2.39,2.69,2.27,25.1,81.0,18.4,1,0
Gujarat,Vadodara,Sama Canal Overflow Village,2.5,6.8,19.1,25.1,9.5,28.4,2.2,41.0,0.2,16,0,1.05,2.69,2.27,28.0,74.3,8.2,0,0
Gujarat,Vadodara,Sama Canal Overflow Village,58.2,301.1,843.4,1454.8,1052.2,94.8,2.2,41.0,0.2,16,0,4.19,2.69,2.27,19.8,95.9,47.2,3,0
Gujarat,Vadodara,Sama Canal Overflow Village,2.3,8.0,23.3,42.1,12.6,40.2,2.2,41.0,0.2,16,0,0.7,2.69,2.27,25.8,67.1,7.5,0,0
Gujarat,Vadodara,Sama Canal Overflow Village,20.5,139.7,366.7,698.8,310.7,87.3,2.2,41.0,0.2,16,0,2.59,2.69,2.27,21.3,93.4,42.1,3,0
Gujarat,Vadodara,Sama Canal Overflow Village,91.0,358.0,763.6,1194.7,1286.5,91.4,2.2,41.0,0.2,16,0,3.93,2.69,2.27,20.1,94.7,62.8,3,0
Gujarat,Vadodara,Sama Canal Overflow Village,0.9,3.6,16.3,32.1,8.0,25.2,2.2,41.0,0.2,16,0,1.32,2.69,2.27,23.9,52.1,13.2,0,0
Gujarat,Vadodara,Sama Canal Overflow Village,11.6,51.8,135.0,233.5,148.1,65.1,2.2,41.0,0.2,16,0,1.98,2.69,2.27,22.8,83.8,23.5,1,0
Gujarat,Vadodara,Sama Canal Overflow Village,33.7,130.7,339.4,635.0,306.3,84.2,2.2,41.0,0.2,16,0,2.76,2.69,2.27,22.3,94.7,43.8,3,0
Gujarat,Vadodara,Sama Canal Overflow Village,22.8,123.8,418.9,710.3,562.0,91.9,2.2,41.0,0.2,16,0,2.61,2.69,2.27,18.8,89.4,38.3,3,0
Gujarat,Vadodara,Sama Canal Overflow Village,14.1,54.1,164.9,326.0,170.3,66.3,2.2,41.0,0.2,16,0,2.27,2.69,2.27,20.4,78.9,22.7,2,0
Gujarat,Vadodara,Sama Canal Overflow Village,10.0,52.9,164.5,269.5,86.9,72.8,2.2,41.0,0.2,16,0,2.52,2.69,2.27,27.2,81.6,21.9,2,0
Gujarat,Vadodara,Sama Canal Overflow Village,31.8,152.9,451.8,776.6,379.2,80.9,2.2,41.0,0.2,16,0,3.11,2.69,2.27,18.3,95.3,38.6,3,0
Gujarat,Vadodara,Sama Canal Overflow Village,0.8,4.7,13.3,27.0,5.0,55.1,2.2,41.0,0.2,16,0,1.42,2.69,2.27,27.9,51.0,13.2,0,0
Gujarat,Vadodara,Sama Canal Overflow Village,1.2,4.6,15.5,31.6,6.4,28.7,2.2,41.0,0.2,16,0,0.6,2.69,2.27,24.9,57.4,11.4,0,0
Gujarat,Vadodara,Sama Canal Overflow Village,19.9,114.3,352.5,603.2,419.3,90.4,2.2,41.0,0.2,16,0,2.69,2.69,2.27,21.9,92.7,39.0,3,0
Gujarat,Vadodara,Sama Canal Overflow Village,15.7,64.8,199.6,400.3,103.9,64.8,2.2,41.0,0.2,16,0,2.05,2.69,2.27,23.9,80.3,22.4,1,0
Gujarat,Vadodara,Padra Lowland Agricultural Ward,67.1,300.4,646.9,1032.1,729.6,98.7,1.8,34.0,0.22,13,0,4.41,2.92,2.43,20.2,92.5,48.5,3,0
Gujarat,Vadodara,Padra Lowland Agricultural Ward,1.0,3.8,10.3,18.5,5.6,32.3,1.8,34.0,0.22,13,0,1.36,2.92,2.43,25.3,64.0,7.5,0,0
Gujarat,Vadodara,Padra Lowland Agricultural Ward,16.4,90.3,302.5,578.3,259.5,84.0,1.8,34.0,0.22,13,0,3.08,2.92,2.43,22.7,87.7,44.3,3,0
Gujarat,Vadodara,Padra Lowland Agricultural Ward,9.4,44.2,158.1,303.8,156.3,68.6,1.8,34.0,0.22,13,0,2.67,2.92,2.43,20.7,80.6,26.2,2,0
Gujarat,Vadodara,Padra Lowland Agricultural Ward,34.5,155.8,470.3,805.2,538.8,83.4,1.8,34.0,0.22,13,0,2.81,2.92,2.43,18.7,92.7,26.9,3,0
Gujarat,Vadodara,Padra Lowland Agricultural Ward,0.6,1.7,4.4,16.5,1.4,43.5,1.8,34.0,0.22,13,0,1.5,2.92,2.43,23.3,61.5,8.4,0,0
Gujarat,Vadodara,Padra Lowland Agricultural Ward,3.2,8.9,28.7,44.1,19.2,51.5,1.8,34.0,0.22,13,0,0.67,2.92,2.43,26.5,74.1,5.3,0,0
Gujarat,Vadodara,Padra Lowland Agricultural Ward,3.8,27.9,99.2,173.8,82.8,75.8,1.8,34.0,0.22,13,0,2.1,2.92,2.43,22.9,81.2,13.2,1,0
Gujarat,Vadodara,Padra Lowland Agricultural Ward,6.3,35.4,134.8,295.2,87.3,73.9,1.8,34.0,0.22,13,0,2.66,2.92,2.43,23.3,76.1,25.8,1,0
Gujarat,Vadodara,Padra Lowland Agricultural Ward,2.2,6.0,17.7,33.3,10.2,34.1,1.8,34.0,0.22,13,0,0.95,2.92,2.43,24.3,47.2,15.7,0,0
Gujarat,Vadodara,Padra Lowland Agricultural Ward,69.2,327.4,767.1,1313.1,1147.3,99.4,1.8,34.0,0.22,13,0,3.55,2.92,2.43,17.0,93.9,35.2,3,0
Gujarat,Vadodara,Padra Lowland Agricultural Ward,5.4,16.7,32.1,54.6,17.6,51.1,1.8,34.0,0.22,13,0,1.28,2.92,2.43,27.5,47.1,9.4,0,0
Gujarat,Vadodara,Padra Lowland Agricultural Ward,1.7,3.8,11.2,18.4,4.4,51.1,1.8,34.0,0.22,13,0,1.81,2.92,2.43,29.3,45.9,7.4,0,0
Gujarat,Vadodara,Padra Lowland Agricultural Ward,1.1,4.1,15.4,27.4,6.6,53.3,1.8,34.0,0.22,13,0,0.52,2.92,2.43,26.1,70.6,11.8,0,0
Gujarat,Vadodara,Padra Lowland Agricultural Ward,5.4,29.0,104.8,218.9,65.4,63.3,1.8,34.0,0.22,13,0,2.16,2.92,2.43,22.4,77.2,19.5,1,0
Gujarat,Vadodara,Padra Lowland Agricultural Ward,3.1,7.7,21.3,36.5,9.5,40.7,1.8,34.0,0.22,13,0,1.19,2.92,2.43,24.1,49.5,5.8,0,0
Gujarat,Vadodara,Padra Lowland Agricultural Ward,2.1,7.6,19.4,29.1,12.7,57.7,1.8,34.0,0.22,13,0,1.13,2.92,2.43,27.2,63.8,15.5,0,0
Gujarat,Vadodara,Padra Lowland Agricultural Ward,2.5,5.9,21.2,45.7,9.8,57.1,1.8,34.0,0.22,13,0,1.39,2.92,2.43,22.7,55.3,15.8,0,0
Gujarat,Vadodara,Padra Lowland Agricultural Ward,15.1,63.0,159.3,298.8,146.8,63.5,1.8,34.0,0.22,13,0,2.13,2.92,2.43,21.7,84.9,26.3,1,0
Gujarat,Vadodara,Padra Lowland Agricultural Ward,36.7,196.8,500.3,823.3,515.7,80.7,1.8,34.0,0.22,13,0,3.45,2.92,2.43,19.4,85.2,29.9,3,0
Gujarat,Vadodara,Padra Lowland Agricultural Ward,28.7,152.8,470.5,832.7,390.6,87.9,1.8,34.0,0.22,13,0,3.52,2.92,2.43,23.8,92.5,37.8,3,0
Gujarat,Vadodara,Padra Lowland Agricultural Ward,27.9,107.5,315.9,681.9,352.5,81.6,1.8,34.0,0.22,13,0,2.87,2.92,2.43,24.4,89.3,47.7,3,0
Gujarat,Vadodara,Padra Lowland Agricultural Ward,36.7,187.6,445.8,827.7,517.3,87.6,1.8,34.0,0.22,13,0,3.03,2.92,2.43,25.6,85.8,29.1,3,0
Gujarat,Vadodara,Padra Lowland Agricultural Ward,21.9,126.0,403.9,760.7,438.3,82.8,1.8,34.0,0.22,13,0,3.11,2.92,2.43,24.8,93.3,37.1,3,0
Gujarat,Vadodara,Padra Lowland Agricultural Ward,45.0,262.8,653.3,1174.2,691.8,96.5,1.8,34.0,0.22,13,0,3.65,2.92,2.43,22.3,94.0,44.4,3,0
Gujarat,Navsari,Bilimora Ambika Riverfront Ward,1.5,4.7,16.7,24.7,11.4,34.0,2.4,11.0,0.19,17,0,1.46,3.33,2.79,26.8,59.0,11.5,0,0
Gujarat,Navsari,Bilimora Ambika Riverfront Ward,8.4,37.7,151.0,254.2,105.8,72.7,2.4,11.0,0.19,17,0,3.1,3.33,2.79,24.3,83.1,23.0,2,0
Gujarat,Navsari,Bilimora Ambika Riverfront Ward,52.8,291.7,696.9,1071.1,764.4,96.4,2.4,11.0,0.19,17,0,4.58,3.33,2.79,18.2,95.8,52.1,3,0
Gujarat,Navsari,Bilimora Ambika Riverfront Ward,5.3,33.0,125.9,248.0,105.6,63.3,2.4,11.0,0.19,17,0,3.13,3.33,2.79,21.0,84.0,17.2,1,0
Gujarat,Navsari,Bilimora Ambika Riverfront Ward,0.6,3.5,13.9,26.2,5.7,40.1,2.4,11.0,0.19,17,0,1.22,3.33,2.79,25.6,53.2,13.0,0,0
Gujarat,Navsari,Bilimora Ambika Riverfront Ward,4.5,22.6,78.5,179.2,52.3,62.9,2.4,11.0,0.19,17,0,2.62,3.33,2.79,20.7,83.0,21.8,0,0
Gujarat,Navsari,Bilimora Ambika Riverfront Ward,62.2,238.6,547.0,967.7,728.1,99.0,2.4,11.0,0.19,17,0,4.91,3.33,2.79,16.9,98.3,57.4,3,0
Gujarat,Navsari,Bilimora Ambika Riverfront Ward,0.9,15.8,61.0,126.2,51.6,72.8,2.4,11.0,0.19,17,0,2.54,3.33,2.79,26.4,83.2,27.8,0,0
Gujarat,Navsari,Bilimora Ambika Riverfront Ward,2.2,9.0,32.6,57.9,19.9,51.7,2.4,11.0,0.19,17,0,1.8,3.33,2.79,22.9,74.5,13.6,0,0
Gujarat,Navsari,Bilimora Ambika Riverfront Ward,2.0,5.8,20.6,39.7,9.5,32.7,2.4,11.0,0.19,17,0,0.86,3.33,2.79,27.6,51.2,10.9,0,0
Gujarat,Navsari,Bilimora Ambika Riverfront Ward,2.2,6.9,19.0,37.4,8.9,25.9,2.4,11.0,0.19,17,0,0.9,3.33,2.79,26.0,69.3,8.0,0,0
Gujarat,Navsari,Bilimora Ambika Riverfront Ward,3.8,20.8,71.8,172.9,47.0,71.0,2.4,11.0,0.19,17,0,2.64,3.33,2.79,20.8,76.4,19.4,0,0
Gujarat,Navsari,Bilimora Ambika Riverfront Ward,0.8,4.3,17.0,35.6,11.2,55.3,2.4,11.0,0.19,17,0,0.76,3.33,2.79,22.1,45.7,12.4,0,0
Gujarat,Navsari,Bilimora Ambika Riverfront Ward,0.7,2.0,4.6,11.4,2.2,38.8,2.4,11.0,0.19,17,0,0.56,3.33,2.79,31.3,63.0,14.6,0,0
Gujarat,Navsari,Bilimora Ambika Riverfront Ward,3.4,10.3,27.0,48.3,18.1,46.0,2.4,11.0,0.19,17,0,1.02,3.33,2.79,28.9,65.9,6.6,0,0
Gujarat,Navsari,Bilimora Ambika Riverfront Ward,7.5,39.9,129.5,264.1,138.9,71.1,2.4,11.0,0.19,17,0,3.04,3.33,2.79,26.4,77.9,25.3,1,0
Gujarat,Navsari,Bilimora Ambika Riverfront Ward,6.9,37.1,98.0,197.9,75.3,77.4,2.4,11.0,0.19,17,0,2.44,3.33,2.79,27.0,84.3,27.1,1,0
Gujarat,Navsari,Bilimora Ambika Riverfront Ward,36.0,201.0,436.1,654.0,488.8,78.9,2.4,11.0,0.19,17,0,3.81,3.33,2.79,25.0,90.4,31.1,3,0
Gujarat,Navsari,Bilimora Ambika Riverfront Ward,2.7,8.7,22.6,41.2,14.9,34.3,2.4,11.0,0.19,17,0,1.69,3.33,2.79,23.3,64.8,5.7,0,0
Gujarat,Navsari,Bilimora Ambika Riverfront Ward,28.5,150.8,437.9,698.7,579.6,91.2,2.4,11.0,0.19,17,0,3.92,3.33,2.79,22.9,92.8,37.8,3,0
Gujarat,Navsari,Bilimora Ambika Riverfront Ward,4.5,32.1,130.7,255.0,85.9,64.9,2.4,11.0,0.19,17,0,2.87,3.33,2.79,27.7,80.6,25.3,1,0
Gujarat,Navsari,Bilimora Ambika Riverfront Ward,8.3,47.6,157.1,340.3,150.1,74.5,2.4,11.0,0.19,17,0,3.16,3.33,2.79,22.3,84.3,24.7,2,0
Gujarat,Navsari,Bilimora Ambika Riverfront Ward,21.1,130.9,353.5,587.3,350.1,83.2,2.4,11.0,0.19,17,0,4.04,3.33,2.79,25.1,86.5,31.5,3,0
Gujarat,Navsari,Bilimora Ambika Riverfront Ward,31.8,137.8,394.7,621.9,472.5,87.0,2.4,11.0,0.19,17,0,3.27,3.33,2.79,23.0,93.6,33.7,3,0
Gujarat,Navsari,Bilimora Ambika Riverfront Ward,18.7,65.3,187.1,320.9,124.2,67.0,2.4,11.0,0.19,17,0,3.14,3.33,2.79,24.8,78.3,26.3,2,0
Gujarat,Navsari,Gandevi Purna Lowland Village,13.4,46.8,144.7,325.5,81.7,67.7,2.8,15.0,0.22,16,0,3.54,3.79,3.23,27.6,82.3,15.9,2,0
Gujarat,Navsari,Gandevi Purna Lowland Village,23.6,99.3,261.7,529.0,242.2,80.6,2.8,15.0,0.22,16,0,4.31,3.79,3.23,25.0,86.6,47.3,3,0
Gujarat,Navsari,Gandevi Purna Lowland Village,8.2,41.6,134.1,313.1,138.5,66.8,2.8,15.0,0.22,16,0,3.17,3.79,3.23,23.1,79.5,26.8,1,0
Gujarat,Navsari,Gandevi Purna Lowland Village,7.0,37.6,105.4,216.5,57.2,71.3,2.8,15.0,0.22,16,0,3.05,3.79,3.23,27.8,81.6,17.7,1,0
Gujarat,Navsari,Gandevi Purna Lowland Village,9.0,45.6,159.8,347.7,134.2,69.7,2.8,15.0,0.22,16,0,3.37,3.79,3.23,26.6,78.1,19.1,2,0
Gujarat,Navsari,Gandevi Purna Lowland Village,4.2,11.2,30.4,51.4,19.5,47.5,2.8,15.0,0.22,16,0,1.06,3.79,3.23,29.6,64.1,13.0,0,0
Gujarat,Navsari,Gandevi Purna Lowland Village,33.8,149.7,445.2,750.8,595.5,90.8,2.8,15.0,0.22,16,0,4.11,3.79,3.23,25.5,93.9,37.7,3,0
Gujarat,Navsari,Gandevi Purna Lowland Village,4.0,10.4,31.4,42.6,15.5,54.2,2.8,15.0,0.22,16,0,1.77,3.79,3.23,23.3,52.6,13.7,0,0
Gujarat,Navsari,Gandevi Purna Lowland Village,15.9,53.5,152.1,316.3,160.0,66.0,2.8,15.0,0.22,16,0,3.6,3.79,3.23,21.5,77.2,14.4,2,0
Gujarat,Navsari,Gandevi Purna Lowland Village,7.7,39.2,119.7,212.0,94.6,76.5,2.8,15.0,0.22,16,0,3.3,3.79,3.23,26.0,75.0,13.1,2,0
Gujarat,Navsari,Gandevi Purna Lowland Village,5.7,12.8,39.6,71.4,18.1,51.6,2.8,15.0,0.22,16,0,0.99,3.79,3.23,23.3,58.0,15.8,0,0
Gujarat,Navsari,Gandevi Purna Lowland Village,24.8,129.2,287.4,546.6,261.5,82.8,2.8,15.0,0.22,16,0,4.02,3.79,3.23,25.9,92.8,38.6,3,0
Gujarat,Navsari,Gandevi Purna Lowland Village,0.6,4.3,11.1,21.8,3.7,53.6,2.8,15.0,0.22,16,0,0.93,3.79,3.23,22.9,49.8,11.3,0,0
Gujarat,Navsari,Gandevi Purna Lowland Village,2.6,8.8,22.4,46.0,9.1,56.3,2.8,15.0,0.22,16,0,1.56,3.79,3.23,22.2,53.9,11.1,0,0
Gujarat,Navsari,Gandevi Purna Lowland Village,1.3,16.3,68.8,154.7,44.8,66.5,2.8,15.0,0.22,16,0,2.84,3.79,3.23,23.0,85.3,13.0,0,0
Gujarat,Navsari,Gandevi Purna Lowland Village,6.8,36.5,118.5,236.7,67.9,63.9,2.8,15.0,0.22,16,0,2.8,3.79,3.23,21.3,82.9,20.1,1,0
Gujarat,Navsari,Gandevi Purna Lowland Village,1.0,5.4,13.0,18.5,4.2,36.4,2.8,15.0,0.22,16,0,1.25,3.79,3.23,26.6,71.1,9.7,0,0
Gujarat,Navsari,Gandevi Purna Lowland Village,4.8,13.6,34.2,67.7,13.3,45.7,2.8,15.0,0.22,16,0,2.17,3.79,3.23,25.2,62.7,13.0,0,0
Gujarat,Navsari,Gandevi Purna Lowland Village,1.9,6.3,19.6,41.1,11.5,44.3,2.8,15.0,0.22,16,0,1.7,3.79,3.23,29.4,73.2,10.8,0,0
Gujarat,Navsari,Gandevi Purna Lowland Village,6.7,36.5,98.4,170.9,61.8,66.2,2.8,15.0,0.22,16,0,2.93,3.79,3.23,22.1,85.6,14.8,1,0
Gujarat,Navsari,Gandevi Purna Lowland Village,36.2,130.3,424.8,710.7,391.4,87.9,2.8,15.0,0.22,16,0,4.3,3.79,3.23,24.4,93.7,27.2,3,0
Gujarat,Navsari,Gandevi Purna Lowland Village,8.8,40.4,117.9,224.7,73.3,65.1,2.8,15.0,0.22,16,0,3.44,3.79,3.23,24.1,76.2,24.8,1,0
Gujarat,Navsari,Gandevi Purna Lowland Village,0.0,0.7,1.7,3.4,1.2,55.3,2.8,15.0,0.22,16,0,1.56,3.79,3.23,31.7,69.4,15.9,0,0
Gujarat,Navsari,Gandevi Purna Lowland Village,0.7,3.6,13.6,26.1,6.8,35.0,2.8,15.0,0.22,16,0,1.85,3.79,3.23,24.3,56.9,8.5,0,0
Gujarat,Navsari,Gandevi Purna Lowland Village,26.6,123.7,289.0,500.5,329.1,90.6,2.8,15.0,0.22,16,0,4.7,3.79,3.23,24.8,94.6,50.0,3,0
Gujarat,Navsari,Vansda Foothill Torrent Ward,48.8,253.0,663.0,1021.2,902.7,90.1,19.5,88.0,0.68,12,9,5.55,4.03,3.34,19.3,96.5,46.0,3,3
Gujarat,Navsari,Vansda Foothill Torrent Ward,86.1,311.9,716.3,1234.4,1042.5,91.8,19.5,88.0,0.68,12,9,5.68,4.03,3.34,23.8,94.4,47.7,3,3
Gujarat,Navsari,Vansda Foothill Torrent Ward,4.9,28.9,106.4,240.0,67.3,75.3,19.5,88.0,0.68,12,9,3.21,4.03,3.34,23.1,86.7,12.5,1,2
Gujarat,Navsari,Vansda Foothill Torrent Ward,39.4,195.3,542.3,880.3,720.8,82.9,19.5,88.0,0.68,12,9,4.61,4.03,3.34,18.5,89.8,41.2,3,2
Gujarat,Navsari,Vansda Foothill Torrent Ward,2.4,8.5,28.1,53.1,10.9,32.4,19.5,88.0,0.68,12,9,1.8,4.03,3.34,26.9,59.7,8.7,0,1
Gujarat,Navsari,Vansda Foothill Torrent Ward,3.4,17.8,77.1,186.7,70.2,75.7,19.5,88.0,0.68,12,9,3.07,4.03,3.34,26.2,85.1,13.5,1,2
Gujarat,Navsari,Vansda Foothill Torrent Ward,1.7,6.7,23.7,41.7,8.9,49.3,19.5,88.0,0.68,12,9,1.52,4.03,3.34,25.2,65.9,9.5,0,1
Gujarat,Navsari,Vansda Foothill Torrent Ward,1.3,6.4,19.1,33.5,6.4,42.2,19.5,88.0,0.68,12,9,1.03,4.03,3.34,24.0,69.5,7.3,0,1
Gujarat,Navsari,Vansda Foothill Torrent Ward,0.8,2.0,9.8,21.2,5.9,55.4,19.5,88.0,0.68,12,9,1.07,4.03,3.34,23.4,72.1,7.9,0,1
Gujarat,Navsari,Vansda Foothill Torrent Ward,26.6,126.0,346.7,538.7,381.3,79.8,19.5,88.0,0.68,12,9,4.6,4.03,3.34,19.1,90.8,43.2,3,2
Gujarat,Navsari,Vansda Foothill Torrent Ward,4.8,27.4,102.5,199.7,61.6,73.4,19.5,88.0,0.68,12,9,2.88,4.03,3.34,22.5,78.4,24.6,1,2
Gujarat,Navsari,Vansda Foothill Torrent Ward,1.3,5.7,18.4,30.9,6.5,50.4,19.5,88.0,0.68,12,9,2.19,4.03,3.34,31.1,56.8,9.4,0,1
Gujarat,Navsari,Vansda Foothill Torrent Ward,0.1,0.5,8.1,20.8,3.9,36.3,19.5,88.0,0.68,12,9,0.87,4.03,3.34,29.7,54.1,14.3,0,1
Gujarat,Navsari,Vansda Foothill Torrent Ward,10.4,55.9,146.4,245.1,113.7,66.0,19.5,88.0,0.68,12,9,3.52,4.03,3.34,21.1,82.2,17.2,2,1
Gujarat,Navsari,Vansda Foothill Torrent Ward,4.0,24.4,85.9,185.6,56.3,67.3,19.5,88.0,0.68,12,9,3.36,4.03,3.34,20.3,80.4,17.0,1,1
Gujarat,Navsari,Vansda Foothill Torrent Ward,5.7,27.1,93.3,182.3,76.6,65.8,19.5,88.0,0.68,12,9,3.19,4.03,3.34,22.3,77.3,26.7,1,1
Gujarat,Navsari,Vansda Foothill Torrent Ward,38.0,162.0,525.1,906.8,425.0,80.6,19.5,88.0,0.68,12,9,4.27,4.03,3.34,20.0,86.2,35.6,3,2
Gujarat,Navsari,Vansda Foothill Torrent Ward,22.8,99.5,268.8,499.5,231.1,87.4,19.5,88.0,0.68,12,9,4.39,4.03,3.34,19.8,92.0,42.0,3,2
Gujarat,Navsari,Vansda Foothill Torrent Ward,4.7,11.1,31.0,58.0,12.8,57.4,19.5,88.0,0.68,12,9,1.92,4.03,3.34,28.7,49.0,10.2,0,1
Gujarat,Navsari,Vansda Foothill Torrent Ward,2.7,7.8,17.4,38.2,6.6,52.5,19.5,88.0,0.68,12,9,0.51,4.03,3.34,27.9,65.4,8.1,0,1
Gujarat,Navsari,Vansda Foothill Torrent Ward,3.0,22.1,83.4,171.2,90.3,74.1,19.5,88.0,0.68,12,9,3.43,4.03,3.34,21.3,82.4,12.7,1,2
Gujarat,Navsari,Vansda Foothill Torrent Ward,0.5,15.9,67.9,151.4,62.2,65.9,19.5,88.0,0.68,12,9,3.26,4.03,3.34,22.6,85.7,22.2,0,1
Gujarat,Navsari,Vansda Foothill Torrent Ward,9.0,48.8,171.8,364.1,104.3,68.6,19.5,88.0,0.68,12,9,3.82,4.03,3.34,24.4,79.7,20.7,2,1
Gujarat,Navsari,Vansda Foothill Torrent Ward,5.8,28.8,91.9,192.2,64.3,65.1,19.5,88.0,0.68,12,9,3.37,4.03,3.34,24.4,80.2,20.4,1,1
Gujarat,Navsari,Vansda Foothill Torrent Ward,7.5,35.8,126.1,295.2,63.8,63.1,19.5,88.0,0.68,12,9,3.81,4.03,3.34,24.3,86.7,18.8,1,1
Uttar Pradesh,Varanasi,Assi-Ganga Sangam Ward 14,2.6,8.3,25.9,37.8,11.4,57.3,3.8,76.0,0.24,17,0,0.62,3.75,3.07,27.8,61.8,9.9,0,0
Uttar Pradesh,Varanasi,Assi-Ganga Sangam Ward 14,32.0,139.8,390.8,764.2,511.7,91.1,3.8,76.0,0.24,17,0,4.31,3.75,3.07,21.3,88.7,44.2,3,0
Uttar Pradesh,Varanasi,Assi-Ganga Sangam Ward 14,3.0,9.6,25.5,49.4,13.2,46.3,3.8,76.0,0.24,17,0,0.99,3.75,3.07,25.2,63.3,5.6,0,0
Uttar Pradesh,Varanasi,Assi-Ganga Sangam Ward 14,0.9,3.1,9.2,17.9,5.9,29.9,3.8,76.0,0.24,17,0,1.43,3.75,3.07,24.2,57.0,7.4,0,0
Uttar Pradesh,Varanasi,Assi-Ganga Sangam Ward 14,6.2,38.0,106.7,220.8,88.9,67.9,3.8,76.0,0.24,17,0,2.63,3.75,3.07,25.1,82.6,13.4,1,0
Uttar Pradesh,Varanasi,Assi-Ganga Sangam Ward 14,30.0,172.2,544.3,1039.9,575.4,85.9,3.8,76.0,0.24,17,0,4.27,3.75,3.07,19.3,85.5,36.6,3,0
Uttar Pradesh,Varanasi,Assi-Ganga Sangam Ward 14,27.7,151.9,398.5,766.6,335.8,91.3,3.8,76.0,0.24,17,0,4.64,3.75,3.07,21.8,86.8,32.0,3,0
Uttar Pradesh,Varanasi,Assi-Ganga Sangam Ward 14,22.5,123.0,335.9,603.9,305.8,90.8,3.8,76.0,0.24,17,0,4.14,3.75,3.07,21.2,93.1,46.0,3,0
Uttar Pradesh,Varanasi,Assi-Ganga Sangam Ward 14,68.1,250.3,547.7,798.7,556.8,95.4,3.8,76.0,0.24,17,0,5.34,3.75,3.07,22.9,98.8,61.3,3,0
Uttar Pradesh,Varanasi,Assi-Ganga Sangam Ward 14,65.7,324.7,812.9,1471.2,1306.7,98.3,3.8,76.0,0.24,17,0,5.21,3.75,3.07,16.2,96.8,45.7,3,0
Uttar Pradesh,Varanasi,Assi-Ganga Sangam Ward 14,33.2,126.5,360.3,691.8,321.2,87.9,3.8,76.0,0.24,17,0,3.89,3.75,3.07,23.2,92.5,44.6,3,0
Uttar Pradesh,Varanasi,Assi-Ganga Sangam Ward 14,8.4,38.8,120.1,218.4,92.4,64.2,3.8,76.0,0.24,17,0,3.27,3.75,3.07,26.2,75.7,27.0,1,0
Uttar Pradesh,Varanasi,Assi-Ganga Sangam Ward 14,26.8,126.1,329.8,559.6,452.3,91.4,3.8,76.0,0.24,17,0,4.62,3.75,3.07,22.3,88.7,28.3,3,0
Uttar Pradesh,Varanasi,Assi-Ganga Sangam Ward 14,8.7,36.3,138.5,239.2,103.9,66.3,3.8,76.0,0.24,17,0,3.05,3.75,3.07,25.0,83.8,20.1,1,0
Uttar Pradesh,Varanasi,Assi-Ganga Sangam Ward 14,37.2,154.6,348.2,682.4,461.5,84.4,3.8,76.0,0.24,17,0,3.8,3.75,3.07,24.2,89.8,38.9,3,0
Uttar Pradesh,Varanasi,Assi-Ganga Sangam Ward 14,7.5,33.9,109.2,225.5,77.3,67.3,3.8,76.0,0.24,17,0,3.0,3.75,3.07,22.6,80.0,20.6,1,0
Uttar Pradesh,Varanasi,Assi-Ganga Sangam Ward 14,4.3,15.0,38.8,61.4,17.9,53.9,3.8,76.0,0.24,17,0,1.42,3.75,3.07,23.1,46.3,5.6,0,0
Uttar Pradesh,Varanasi,Assi-Ganga Sangam Ward 14,2.1,6.4,15.7,28.9,6.9,44.3,3.8,76.0,0.24,17,0,1.65,3.75,3.07,31.8,53.6,10.0,0,0
Uttar Pradesh,Varanasi,Assi-Ganga Sangam Ward 14,2.6,7.1,18.1,32.4,6.8,26.3,3.8,76.0,0.24,17,0,1.59,3.75,3.07,25.3,48.2,5.7,0,0
Uttar Pradesh,Varanasi,Assi-Ganga Sangam Ward 14,1.8,4.5,14.0,30.9,6.2,43.6,3.8,76.0,0.24,17,0,0.79,3.75,3.07,27.7,73.2,12.3,0,0
Uttar Pradesh,Varanasi,Assi-Ganga Sangam Ward 14,0.5,1.9,8.9,23.2,4.3,27.9,3.8,76.0,0.24,17,0,1.44,3.75,3.07,30.6,66.4,9.2,0,0
Uttar Pradesh,Varanasi,Assi-Ganga Sangam Ward 14,4.4,31.4,86.1,174.8,43.2,71.5,3.8,76.0,0.24,17,0,2.93,3.75,3.07,21.2,76.3,16.1,1,0
Uttar Pradesh,Varanasi,Assi-Ganga Sangam Ward 14,2.9,20.5,74.3,179.9,58.5,73.2,3.8,76.0,0.24,17,0,3.1,3.75,3.07,24.7,84.3,18.7,1,0
Uttar Pradesh,Varanasi,Assi-Ganga Sangam Ward 14,3.3,11.0,29.4,48.0,17.4,42.3,3.8,76.0,0.24,17,0,0.6,3.75,3.07,24.9,47.4,11.8,0,0
Uttar Pradesh,Varanasi,Assi-Ganga Sangam Ward 14,2.2,14.7,73.4,176.2,37.9,67.1,3.8,76.0,0.24,17,0,3.24,3.75,3.07,21.1,80.5,17.9,1,0
Uttar Pradesh,Varanasi,Varuna Riverside Orderly Bazar,1.2,6.5,22.6,46.1,11.6,57.0,4.2,72.0,0.22,18,0,1.32,3.68,3.13,27.7,56.2,14.6,0,0
Uttar Pradesh,Varanasi,Varuna Riverside Orderly Bazar,1.0,3.6,11.3,24.7,3.9,42.2,4.2,72.0,0.22,18,0,1.77,3.68,3.13,25.5,72.6,6.2,0,0
Uttar Pradesh,Varanasi,Varuna Riverside Orderly Bazar,34.1,186.0,522.2,992.2,435.2,88.5,4.2,72.0,0.22,18,0,3.82,3.68,3.13,20.6,90.5,47.9,3,0
Uttar Pradesh,Varanasi,Varuna Riverside Orderly Bazar,39.8,202.9,581.7,1098.0,509.2,89.5,4.2,72.0,0.22,18,0,3.72,3.68,3.13,22.0,85.6,30.1,3,0
Uttar Pradesh,Varanasi,Varuna Riverside Orderly Bazar,5.2,35.5,106.4,186.3,103.1,75.7,4.2,72.0,0.22,18,0,2.98,3.68,3.13,26.6,78.6,15.3,2,0
Uttar Pradesh,Varanasi,Varuna Riverside Orderly Bazar,5.5,28.3,119.4,266.9,111.6,68.4,4.2,72.0,0.22,18,0,2.72,3.68,3.13,23.2,77.3,24.9,1,0
Uttar Pradesh,Varanasi,Varuna Riverside Orderly Bazar,16.1,68.3,180.6,377.9,119.4,72.2,4.2,72.0,0.22,18,0,3.27,3.68,3.13,27.6,86.1,13.5,2,0
Uttar Pradesh,Varanasi,Varuna Riverside Orderly Bazar,0.1,1.3,3.3,13.4,1.4,37.0,4.2,72.0,0.22,18,0,1.22,3.68,3.13,28.3,67.5,14.0,0,0
Uttar Pradesh,Varanasi,Varuna Riverside Orderly Bazar,59.7,275.6,575.2,921.7,740.9,97.7,4.2,72.0,0.22,18,0,4.81,3.68,3.13,22.1,98.3,73.4,3,0
Uttar Pradesh,Varanasi,Varuna Riverside Orderly Bazar,74.5,265.0,682.9,1116.4,773.1,92.5,4.2,72.0,0.22,18,0,5.25,3.68,3.13,16.3,94.6,57.5,3,0
Uttar Pradesh,Varanasi,Varuna Riverside Orderly Bazar,94.6,345.2,965.6,1502.6,1014.5,97.3,4.2,72.0,0.22,18,0,5.34,3.68,3.13,23.1,96.3,66.1,3,0
Uttar Pradesh,Varanasi,Varuna Riverside Orderly Bazar,3.9,12.5,30.0,54.6,20.5,52.2,4.2,72.0,0.22,18,0,2.05,3.68,3.13,31.1,45.1,11.9,0,0
Uttar Pradesh,Varanasi,Varuna Riverside Orderly Bazar,18.1,95.1,280.7,513.3,286.9,79.4,4.2,72.0,0.22,18,0,4.39,3.68,3.13,18.1,89.5,46.0,3,0
Uttar Pradesh,Varanasi,Varuna Riverside Orderly Bazar,1.1,4.2,17.9,27.6,9.2,38.1,4.2,72.0,0.22,18,0,1.59,3.68,3.13,30.7,67.5,12.8,0,0
Uttar Pradesh,Varanasi,Varuna Riverside Orderly Bazar,2.8,6.2,12.9,26.2,6.8,53.6,4.2,72.0,0.22,18,0,2.03,3.68,3.13,30.5,59.1,14.3,0,0
Uttar Pradesh,Varanasi,Varuna Riverside Orderly Bazar,21.2,120.2,301.0,622.8,418.2,80.1,4.2,72.0,0.22,18,0,3.55,3.68,3.13,24.7,91.0,27.7,3,0
Uttar Pradesh,Varanasi,Varuna Riverside Orderly Bazar,20.4,118.3,400.5,677.6,352.0,82.0,4.2,72.0,0.22,18,0,3.86,3.68,3.13,19.1,87.9,39.9,3,0
Uttar Pradesh,Varanasi,Varuna Riverside Orderly Bazar,1.5,3.6,15.2,20.5,5.7,39.8,4.2,72.0,0.22,18,0,2.23,3.68,3.13,23.7,64.8,6.8,0,0
Uttar Pradesh,Varanasi,Varuna Riverside Orderly Bazar,3.1,23.7,97.5,209.1,62.2,64.6,4.2,72.0,0.22,18,0,2.93,3.68,3.13,23.0,83.3,19.8,1,0
Uttar Pradesh,Varanasi,Varuna Riverside Orderly Bazar,14.3,65.3,205.7,423.7,138.1,76.4,4.2,72.0,0.22,18,0,3.11,3.68,3.13,27.7,86.2,25.9,2,0
Uttar Pradesh,Varanasi,Varuna Riverside Orderly Bazar,13.1,61.3,148.2,281.6,115.4,71.6,4.2,72.0,0.22,18,0,2.99,3.68,3.13,27.2,78.1,12.9,1,0
Uttar Pradesh,Varanasi,Varuna Riverside Orderly Bazar,3.3,18.4,81.7,184.6,44.2,73.9,4.2,72.0,0.22,18,0,3.42,3.68,3.13,21.6,77.4,14.3,2,0
Uttar Pradesh,Varanasi,Varuna Riverside Orderly Bazar,2.3,7.4,20.4,36.6,12.2,47.8,4.2,72.0,0.22,18,0,0.86,3.68,3.13,27.0,46.9,9.8,0,0
Uttar Pradesh,Varanasi,Varuna Riverside Orderly Bazar,4.5,30.3,127.1,236.0,69.9,70.0,4.2,72.0,0.22,18,0,3.44,3.68,3.13,21.4,77.1,17.4,2,0
Uttar Pradesh,Varanasi,Varuna Riverside Orderly Bazar,62.4,262.8,697.3,1258.6,720.9,96.8,4.2,72.0,0.22,18,0,4.57,3.68,3.13,18.2,92.5,47.5,3,0
Uttar Pradesh,Varanasi,Ramnagar Lowland Diara Village,55.3,251.1,544.3,911.2,851.8,98.6,2.0,71.0,0.2,16,0,6.16,4.07,3.61,18.8,94.0,71.4,3,0
Uttar Pradesh,Varanasi,Ramnagar Lowland Diara Village,2.2,17.4,72.4,154.3,73.5,70.8,2.0,71.0,0.2,16,0,3.72,4.07,3.61,27.1,86.2,15.3,1,0
Uttar Pradesh,Varanasi,Ramnagar Lowland Diara Village,4.0,30.5,101.8,232.4,88.1,67.4,2.0,71.0,0.2,16,0,3.68,4.07,3.61,24.6,84.7,17.4,1,0
Uttar Pradesh,Varanasi,Ramnagar Lowland Diara Village,13.8,54.9,174.6,366.1,110.9,73.9,2.0,71.0,0.2,16,0,3.61,4.07,3.61,20.1,81.3,21.0,2,0
Uttar Pradesh,Varanasi,Ramnagar Lowland Diara Village,16.8,104.8,299.8,569.0,369.2,88.5,2.0,71.0,0.2,16,0,4.07,4.07,3.61,23.0,88.0,31.2,3,0
Uttar Pradesh,Varanasi,Ramnagar Lowland Diara Village,2.9,10.1,23.7,36.7,15.1,40.1,2.0,71.0,0.2,16,0,2.57,4.07,3.61,31.4,45.0,6.9,0,0
Uttar Pradesh,Varanasi,Ramnagar Lowland Diara Village,31.9,154.4,437.9,814.1,546.3,78.9,2.0,71.0,0.2,16,0,4.78,4.07,3.61,20.9,93.1,29.4,3,0
Uttar Pradesh,Varanasi,Ramnagar Lowland Diara Village,1.1,3.3,10.7,17.6,6.0,43.8,2.0,71.0,0.2,16,0,1.09,4.07,3.61,22.5,54.4,9.4,0,0
Uttar Pradesh,Varanasi,Ramnagar Lowland Diara Village,13.9,52.2,152.9,324.5,94.7,73.4,2.0,71.0,0.2,16,0,3.09,4.07,3.61,22.6,86.1,23.7,1,0
Uttar Pradesh,Varanasi,Ramnagar Lowland Diara Village,3.5,8.2,25.3,40.3,16.6,50.3,2.0,71.0,0.2,16,0,2.34,4.07,3.61,26.8,55.4,14.8,0,0
Uttar Pradesh,Varanasi,Ramnagar Lowland Diara Village,19.8,99.7,295.8,520.2,398.2,86.7,2.0,71.0,0.2,16,0,4.96,4.07,3.61,20.9,93.0,48.7,3,0
Uttar Pradesh,Varanasi,Ramnagar Lowland Diara Village,19.7,117.4,375.4,675.0,424.0,78.9,2.0,71.0,0.2,16,0,4.4,4.07,3.61,23.0,89.2,32.0,3,0
Uttar Pradesh,Varanasi,Ramnagar Lowland Diara Village,4.0,30.5,97.0,215.2,53.1,62.6,2.0,71.0,0.2,16,0,3.12,4.07,3.61,20.3,76.8,28.0,1,0
Uttar Pradesh,Varanasi,Ramnagar Lowland Diara Village,69.8,255.1,711.1,1042.2,985.5,96.8,2.0,71.0,0.2,16,0,6.08,4.07,3.61,16.2,93.8,37.8,3,0
Uttar Pradesh,Varanasi,Ramnagar Lowland Diara Village,4.8,16.4,42.3,76.9,26.3,55.3,2.0,71.0,0.2,16,0,0.88,4.07,3.61,22.3,62.1,7.3,0,0
Uttar Pradesh,Varanasi,Ramnagar Lowland Diara Village,25.4,105.2,250.7,441.8,303.6,80.9,2.0,71.0,0.2,16,0,3.9,4.07,3.61,20.8,93.6,30.4,3,0
Uttar Pradesh,Varanasi,Ramnagar Lowland Diara Village,1.0,3.8,11.1,18.8,7.6,36.8,2.0,71.0,0.2,16,0,0.76,4.07,3.61,23.2,60.7,8.8,0,0
Uttar Pradesh,Varanasi,Ramnagar Lowland Diara Village,1.1,4.2,13.8,29.1,7.9,27.1,2.0,71.0,0.2,16,0,2.22,4.07,3.61,27.4,48.4,15.6,0,0
Uttar Pradesh,Varanasi,Ramnagar Lowland Diara Village,0.1,2.3,10.3,20.3,6.2,45.3,2.0,71.0,0.2,16,0,1.08,4.07,3.61,22.4,48.2,14.4,0,0
Uttar Pradesh,Varanasi,Ramnagar Lowland Diara Village,42.6,217.7,602.4,916.4,939.1,94.7,2.0,71.0,0.2,16,0,5.8,4.07,3.61,16.6,93.0,52.5,3,0
Uttar Pradesh,Varanasi,Ramnagar Lowland Diara Village,0.8,3.4,13.7,25.9,4.2,42.1,2.0,71.0,0.2,16,0,2.09,4.07,3.61,22.3,63.3,12.4,0,0
Uttar Pradesh,Varanasi,Ramnagar Lowland Diara Village,1.2,4.0,8.5,23.1,4.5,46.6,2.0,71.0,0.2,16,0,1.77,4.07,3.61,29.8,70.0,11.5,0,0
Uttar Pradesh,Varanasi,Ramnagar Lowland Diara Village,1.8,7.4,19.2,37.5,6.6,52.5,2.0,71.0,0.2,16,0,2.4,4.07,3.61,26.5,66.2,15.9,0,0
Uttar Pradesh,Varanasi,Ramnagar Lowland Diara Village,3.1,27.3,101.0,216.0,94.9,67.4,2.0,71.0,0.2,16,0,3.54,4.07,3.61,27.2,83.1,24.8,1,0
Uttar Pradesh,Varanasi,Ramnagar Lowland Diara Village,0.6,3.3,9.8,21.3,4.8,42.6,2.0,71.0,0.2,16,0,2.07,4.07,3.61,28.3,70.6,14.2,0,0
Uttar Pradesh,Prayagraj,Sangam Daraganj Lowland Ward,15.9,90.6,292.1,569.9,377.3,80.6,2.6,88.0,0.25,18,0,4.71,4.02,3.46,21.9,90.5,37.9,3,0
Uttar Pradesh,Prayagraj,Sangam Daraganj Lowland Ward,16.0,64.0,143.9,289.5,154.9,70.1,2.6,88.0,0.25,18,0,3.64,4.02,3.46,25.1,76.1,23.1,2,0
Uttar Pradesh,Prayagraj,Sangam Daraganj Lowland Ward,19.8,130.9,348.1,650.6,443.8,83.4,2.6,88.0,0.25,18,0,4.82,4.02,3.46,21.1,86.8,27.1,3,0
Uttar Pradesh,Prayagraj,Sangam Daraganj Lowland Ward,37.9,193.3,565.3,953.2,588.3,90.3,2.6,88.0,0.25,18,0,4.5,4.02,3.46,24.9,95.5,35.6,3,0
Uttar Pradesh,Prayagraj,Sangam Daraganj Lowland Ward,3.3,9.2,21.7,31.1,11.4,46.7,2.6,88.0,0.25,18,0,1.91,4.02,3.46,32.0,56.7,10.3,0,0
Uttar Pradesh,Prayagraj,Sangam Daraganj Lowland Ward,15.5,88.0,284.0,550.9,286.2,83.5,2.6,88.0,0.25,18,0,4.67,4.02,3.46,23.1,90.4,25.2,3,0
Uttar Pradesh,Prayagraj,Sangam Daraganj Lowland Ward,23.9,114.0,291.8,482.9,329.5,78.6,2.6,88.0,0.25,18,0,4.57,4.02,3.46,19.5,85.5,42.7,3,0
Uttar Pradesh,Prayagraj,Sangam Daraganj Lowland Ward,35.7,170.7,434.9,737.5,500.6,88.5,2.6,88.0,0.25,18,0,4.75,4.02,3.46,24.8,87.9,35.4,3,0
Uttar Pradesh,Prayagraj,Sangam Daraganj Lowland Ward,3.8,10.6,31.4,59.7,14.9,28.0,2.6,88.0,0.25,18,0,0.75,4.02,3.46,28.3,48.3,14.9,0,0
Uttar Pradesh,Prayagraj,Sangam Daraganj Lowland Ward,1.3,4.3,12.0,17.0,8.1,39.8,2.6,88.0,0.25,18,0,1.08,4.02,3.46,30.3,65.9,15.7,0,0
Uttar Pradesh,Prayagraj,Sangam Daraganj Lowland Ward,25.9,112.8,356.3,541.7,390.6,87.0,2.6,88.0,0.25,18,0,4.06,4.02,3.46,25.0,88.7,36.1,3,0
Uttar Pradesh,Prayagraj,Sangam Daraganj Lowland Ward,8.1,37.7,104.9,223.1,87.6,62.6,2.6,88.0,0.25,18,0,3.11,4.02,3.46,24.7,77.8,19.9,1,0
Uttar Pradesh,Prayagraj,Sangam Daraganj Lowland Ward,9.5,41.7,137.2,306.6,95.4,63.2,2.6,88.0,0.25,18,0,3.22,4.02,3.46,22.1,84.1,27.7,1,0
Uttar Pradesh,Prayagraj,Sangam Daraganj Lowland Ward,4.8,12.5,23.4,36.5,14.2,48.6,2.6,88.0,0.25,18,0,0.93,4.02,3.46,27.4,70.7,6.3,0,0
Uttar Pradesh,Prayagraj,Sangam Daraganj Lowland Ward,0.2,3.0,13.7,20.5,8.3,25.3,2.6,88.0,0.25,18,0,1.94,4.02,3.46,22.2,58.9,10.4,0,0
Uttar Pradesh,Prayagraj,Sangam Daraganj Lowland Ward,4.8,29.3,112.7,233.3,83.1,67.0,2.6,88.0,0.25,18,0,3.73,4.02,3.46,20.4,77.9,21.4,2,0
Uttar Pradesh,Prayagraj,Sangam Daraganj Lowland Ward,32.7,183.8,484.7,730.6,523.4,89.8,2.6,88.0,0.25,18,0,4.35,4.02,3.46,21.5,85.2,31.7,3,0
Uttar Pradesh,Prayagraj,Sangam Daraganj Lowland Ward,7.7,37.5,123.0,273.0,83.8,74.7,2.6,88.0,0.25,18,0,3.25,4.02,3.46,22.6,76.8,13.5,1,0
Uttar Pradesh,Prayagraj,Sangam Daraganj Lowland Ward,7.0,34.2,134.6,299.6,139.8,75.6,2.6,88.0,0.25,18,0,3.53,4.02,3.46,23.6,78.6,15.0,2,0
Uttar Pradesh,Prayagraj,Sangam Daraganj Lowland Ward,4.1,19.1,64.4,134.3,56.9,66.9,2.6,88.0,0.25,18,0,3.14,4.02,3.46,25.7,77.9,22.8,1,0
Uttar Pradesh,Prayagraj,Sangam Daraganj Lowland Ward,9.1,41.6,142.9,310.4,109.0,65.6,2.6,88.0,0.25,18,0,3.59,4.02,3.46,24.8,80.8,24.1,2,0
Uttar Pradesh,Prayagraj,Sangam Daraganj Lowland Ward,0.9,4.4,13.3,20.2,7.1,46.2,2.6,88.0,0.25,18,0,1.63,4.02,3.46,30.0,49.7,7.2,0,0
Uttar Pradesh,Prayagraj,Sangam Daraganj Lowland Ward,1.4,4.4,16.0,29.6,10.0,41.2,2.6,88.0,0.25,18,0,2.04,4.02,3.46,30.2,72.9,9.5,0,0
Uttar Pradesh,Prayagraj,Sangam Daraganj Lowland Ward,2.1,7.4,23.8,43.4,8.7,35.2,2.6,88.0,0.25,18,0,2.04,4.02,3.46,30.5,55.8,6.4,0,0
Uttar Pradesh,Prayagraj,Sangam Daraganj Lowland Ward,5.1,28.3,113.8,234.7,77.0,67.4,2.6,88.0,0.25,18,0,3.55,4.02,3.46,27.1,82.2,15.1,2,0
Uttar Pradesh,Prayagraj,Chhotabagada Low-lying Colony,2.7,11.0,26.6,38.7,14.4,37.9,2.0,84.0,0.21,19,0,0.59,4.0,3.54,28.1,57.1,8.6,0,0
Uttar Pradesh,Prayagraj,Chhotabagada Low-lying Colony,3.1,10.3,21.5,37.1,10.6,40.4,2.0,84.0,0.21,19,0,1.79,4.0,3.54,31.9,63.5,13.8,0,0
Uttar Pradesh,Prayagraj,Chhotabagada Low-lying Colony,32.4,167.8,362.5,698.3,339.1,91.5,2.0,84.0,0.21,19,0,4.92,4.0,3.54,20.2,88.5,29.5,3,0
Uttar Pradesh,Prayagraj,Chhotabagada Low-lying Colony,4.2,28.8,86.8,156.3,84.0,71.0,2.0,84.0,0.21,19,0,3.09,4.0,3.54,25.2,84.8,23.3,1,0
Uttar Pradesh,Prayagraj,Chhotabagada Low-lying Colony,0.9,3.4,11.0,19.4,4.2,36.7,2.0,84.0,0.21,19,0,1.95,4.0,3.54,28.5,69.1,9.9,0,0
Uttar Pradesh,Prayagraj,Chhotabagada Low-lying Colony,3.4,22.1,74.8,157.0,59.1,76.5,2.0,84.0,0.21,19,0,3.51,4.0,3.54,27.1,80.0,13.0,1,0
Uttar Pradesh,Prayagraj,Chhotabagada Low-lying Colony,1.4,4.6,13.4,21.2,5.5,57.8,2.0,84.0,0.21,19,0,2.15,4.0,3.54,22.9,58.0,7.5,0,0
Uttar Pradesh,Prayagraj,Chhotabagada Low-lying Colony,8.0,40.3,136.8,299.6,81.2,73.2,2.0,84.0,0.21,19,0,3.53,4.0,3.54,23.3,82.1,13.2,1,0
Uttar Pradesh,Prayagraj,Chhotabagada Low-lying Colony,5.4,33.9,122.6,210.7,80.5,76.6,2.0,84.0,0.21,19,0,3.03,4.0,3.54,23.9,78.3,13.4,2,0
Uttar Pradesh,Prayagraj,Chhotabagada Low-lying Colony,1.8,5.5,16.1,26.3,8.1,31.7,2.0,84.0,0.21,19,0,2.33,4.0,3.54,25.3,63.0,15.1,0,0
Uttar Pradesh,Prayagraj,Chhotabagada Low-lying Colony,26.2,129.6,371.9,630.2,327.4,82.2,2.0,84.0,0.21,19,0,5.0,4.0,3.54,24.1,88.1,27.9,3,0
Uttar Pradesh,Prayagraj,Chhotabagada Low-lying Colony,0.8,4.3,15.3,30.1,6.8,51.8,2.0,84.0,0.21,19,0,2.16,4.0,3.54,31.6,50.4,7.5,0,0
Uttar Pradesh,Prayagraj,Chhotabagada Low-lying Colony,4.9,27.7,100.7,207.2,51.2,74.5,2.0,84.0,0.21,19,0,3.47,4.0,3.54,27.7,84.8,27.5,1,0
Uttar Pradesh,Prayagraj,Chhotabagada Low-lying Colony,1.9,6.3,16.6,33.4,6.2,26.6,2.0,84.0,0.21,19,0,1.75,4.0,3.54,26.4,55.0,14.7,0,0
Uttar Pradesh,Prayagraj,Chhotabagada Low-lying Colony,5.1,28.8,101.1,225.9,102.4,62.2,2.0,84.0,0.21,19,0,3.76,4.0,3.54,25.8,81.1,24.4,2,0
Uttar Pradesh,Prayagraj,Chhotabagada Low-lying Colony,19.1,99.8,272.9,547.0,360.9,84.3,2.0,84.0,0.21,19,0,4.82,4.0,3.54,20.8,92.6,30.8,3,0
Uttar Pradesh,Prayagraj,Chhotabagada Low-lying Colony,6.4,32.9,98.2,215.6,102.0,65.8,2.0,84.0,0.21,19,0,3.26,4.0,3.54,22.2,86.0,24.9,1,0
Uttar Pradesh,Prayagraj,Chhotabagada Low-lying Colony,2.0,8.1,23.8,43.1,11.2,42.3,2.0,84.0,0.21,19,0,2.01,4.0,3.54,30.9,63.6,15.5,0,0
Uttar Pradesh,Prayagraj,Chhotabagada Low-lying Colony,7.8,35.2,120.1,277.2,72.6,64.6,2.0,84.0,0.21,19,0,3.36,4.0,3.54,23.7,76.4,19.1,1,0
Uttar Pradesh,Prayagraj,Chhotabagada Low-lying Colony,4.8,32.9,101.9,197.2,60.5,73.8,2.0,84.0,0.21,19,0,3.18,4.0,3.54,27.5,86.0,15.8,1,0
Uttar Pradesh,Prayagraj,Chhotabagada Low-lying Colony,12.2,48.2,125.4,218.7,114.7,63.9,2.0,84.0,0.21,19,0,3.35,4.0,3.54,26.9,84.3,18.8,1,0
Uttar Pradesh,Prayagraj,Chhotabagada Low-lying Colony,2.3,7.2,22.4,42.9,11.0,55.4,2.0,84.0,0.21,19,0,0.87,4.0,3.54,29.4,60.1,7.0,0,0
Uttar Pradesh,Prayagraj,Chhotabagada Low-lying Colony,7.7,44.8,121.3,264.5,100.8,69.0,2.0,84.0,0.21,19,0,3.79,4.0,3.54,23.6,80.1,19.1,2,0
Uttar Pradesh,Prayagraj,Chhotabagada Low-lying Colony,3.1,23.9,78.8,166.1,47.6,77.3,2.0,84.0,0.21,19,0,3.8,4.0,3.54,24.8,75.7,28.0,2,0
Uttar Pradesh,Prayagraj,Chhotabagada Low-lying Colony,19.7,111.1,305.3,557.7,331.9,90.2,2.0,84.0,0.21,19,0,4.71,4.0,3.54,25.7,88.8,32.9,3,0
Uttar Pradesh,Prayagraj,Phaphamau Ganga Bank Village,71.5,344.1,833.0,1458.2,850.3,94.3,3.4,92.0,0.3,14,1,6.26,4.19,3.53,23.8,96.2,68.1,3,0
Uttar Pradesh,Prayagraj,Phaphamau Ganga Bank Village,1.5,5.4,17.0,26.1,7.8,34.8,3.4,92.0,0.3,14,1,1.25,4.19,3.53,31.9,70.7,15.6,0,0
Uttar Pradesh,Prayagraj,Phaphamau Ganga Bank Village,0.7,4.1,11.7,19.8,4.3,56.3,3.4,92.0,0.3,14,1,2.0,4.19,3.53,26.5,68.1,11.6,0,0
Uttar Pradesh,Prayagraj,Phaphamau Ganga Bank Village,2.1,7.1,24.9,46.5,9.8,48.2,3.4,92.0,0.3,14,1,1.53,4.19,3.53,25.6,61.0,13.0,0,0
Uttar Pradesh,Prayagraj,Phaphamau Ganga Bank Village,1.1,2.4,12.9,21.2,5.9,55.2,3.4,92.0,0.3,14,1,0.91,4.19,3.53,26.0,59.1,10.6,0,0
Uttar Pradesh,Prayagraj,Phaphamau Ganga Bank Village,4.7,29.0,95.1,215.1,103.6,67.0,3.4,92.0,0.3,14,1,3.3,4.19,3.53,24.6,86.4,12.5,1,0
Uttar Pradesh,Prayagraj,Phaphamau Ganga Bank Village,10.5,56.8,199.2,409.0,175.3,68.0,3.4,92.0,0.3,14,1,3.7,4.19,3.53,20.2,76.8,27.9,2,0
Uttar Pradesh,Prayagraj,Phaphamau Ganga Bank Village,0.1,2.8,7.9,16.2,3.2,32.0,3.4,92.0,0.3,14,1,2.13,4.19,3.53,28.3,46.5,11.6,0,0
Uttar Pradesh,Prayagraj,Phaphamau Ganga Bank Village,6.9,35.2,114.0,239.3,63.5,76.9,3.4,92.0,0.3,14,1,3.21,4.19,3.53,21.2,82.7,20.1,1,0
Uttar Pradesh,Prayagraj,Phaphamau Ganga Bank Village,9.2,48.3,160.8,285.8,144.7,74.5,3.4,92.0,0.3,14,1,3.96,4.19,3.53,25.0,87.2,19.8,2,0
Uttar Pradesh,Prayagraj,Phaphamau Ganga Bank Village,17.5,73.0,178.9,318.0,114.9,67.0,3.4,92.0,0.3,14,1,3.95,4.19,3.53,20.2,86.2,17.2,2,0
Uttar Pradesh,Prayagraj,Phaphamau Ganga Bank Village,56.3,237.1,694.7,1036.1,847.1,98.7,3.4,92.0,0.3,14,1,5.81,4.19,3.53,23.3,95.5,42.8,3,0
Uttar Pradesh,Prayagraj,Phaphamau Ganga Bank Village,0.9,2.9,10.2,21.3,5.7,45.6,3.4,92.0,0.3,14,1,1.74,4.19,3.53,29.6,59.2,13.1,0,0
Uttar Pradesh,Prayagraj,Phaphamau Ganga Bank Village,1.9,7.3,26.0,43.1,10.2,34.7,3.4,92.0,0.3,14,1,1.55,4.19,3.53,26.2,73.6,11.3,0,0
Uttar Pradesh,Prayagraj,Phaphamau Ganga Bank Village,0.1,1.4,7.7,14.8,5.1,57.7,3.4,92.0,0.3,14,1,2.41,4.19,3.53,31.9,57.6,10.7,0,0
Uttar Pradesh,Prayagraj,Phaphamau Ganga Bank Village,1.4,5.3,15.6,26.2,7.1,31.9,3.4,92.0,0.3,14,1,1.14,4.19,3.53,28.3,74.5,12.2,0,0
Uttar Pradesh,Prayagraj,Phaphamau Ganga Bank Village,27.3,107.4,302.5,482.7,278.6,86.8,3.4,92.0,0.3,14,1,5.21,4.19,3.53,18.2,87.4,44.9,3,0
Uttar Pradesh,Prayagraj,Phaphamau Ganga Bank Village,3.6,8.9,26.7,49.6,14.0,56.9,3.4,92.0,0.3,14,1,2.26,4.19,3.53,27.4,70.9,8.3,0,0
Uttar Pradesh,Prayagraj,Phaphamau Ganga Bank Village,17.6,57.3,181.5,338.8,101.3,68.5,3.4,92.0,0.3,14,1,3.72,4.19,3.53,21.3,78.7,25.5,2,0
Uttar Pradesh,Prayagraj,Phaphamau Ganga Bank Village,31.0,155.4,485.9,749.7,448.4,80.8,3.4,92.0,0.3,14,1,4.1,4.19,3.53,18.0,90.6,44.4,3,0
Uttar Pradesh,Prayagraj,Phaphamau Ganga Bank Village,2.0,6.9,21.4,41.3,9.5,27.4,3.4,92.0,0.3,14,1,1.59,4.19,3.53,30.3,65.3,14.4,0,0
Uttar Pradesh,Prayagraj,Phaphamau Ganga Bank Village,0.2,0.7,3.3,10.6,1.0,51.2,3.4,92.0,0.3,14,1,1.95,4.19,3.53,27.3,74.6,8.6,0,0
Uttar Pradesh,Prayagraj,Phaphamau Ganga Bank Village,70.6,327.9,890.6,1504.0,1027.2,90.2,3.4,92.0,0.3,14,1,5.88,4.19,3.53,17.6,92.6,37.1,3,0
Uttar Pradesh,Prayagraj,Phaphamau Ganga Bank Village,83.9,353.4,777.6,1284.9,1101.4,99.0,3.4,92.0,0.3,14,1,5.17,4.19,3.53,17.5,98.8,63.9,3,0
Uttar Pradesh,Prayagraj,Phaphamau Ganga Bank Village,4.0,13.1,24.2,33.3,14.1,48.4,3.4,92.0,0.3,14,1,0.66,4.19,3.53,30.8,45.1,15.7,0,0
Uttar Pradesh,Gorakhpur,Tiwaripur Rapti Riverfront Ward 9,17.7,124.3,294.2,534.9,236.8,88.2,2.2,78.0,0.16,21,0,3.49,3.37,2.86,20.6,88.5,47.1,3,0
Uttar Pradesh,Gorakhpur,Tiwaripur Rapti Riverfront Ward 9,2.1,17.7,59.6,141.5,53.5,73.5,2.2,78.0,0.16,21,0,2.96,3.37,2.86,25.9,82.3,19.1,1,0
Uttar Pradesh,Gorakhpur,Tiwaripur Rapti Riverfront Ward 9,0.4,3.0,8.4,14.1,4.2,39.2,2.2,78.0,0.16,21,0,0.68,3.37,2.86,30.8,54.2,15.7,0,0
Uttar Pradesh,Gorakhpur,Tiwaripur Rapti Riverfront Ward 9,4.3,11.7,28.6,57.3,13.3,27.5,2.2,78.0,0.16,21,0,0.7,3.37,2.86,30.2,57.4,12.9,0,0
Uttar Pradesh,Gorakhpur,Tiwaripur Rapti Riverfront Ward 9,1.3,4.6,11.2,22.0,4.3,48.0,2.2,78.0,0.16,21,0,0.7,3.37,2.86,26.5,69.8,8.7,0,0
Uttar Pradesh,Gorakhpur,Tiwaripur Rapti Riverfront Ward 9,0.8,4.3,13.1,27.1,9.1,31.3,2.2,78.0,0.16,21,0,1.33,3.37,2.86,23.0,52.2,8.1,0,0
Uttar Pradesh,Gorakhpur,Tiwaripur Rapti Riverfront Ward 9,19.4,114.7,308.8,528.9,342.0,91.9,2.2,78.0,0.16,21,0,3.94,3.37,2.86,24.2,85.1,43.3,3,0
Uttar Pradesh,Gorakhpur,Tiwaripur Rapti Riverfront Ward 9,2.5,9.1,25.2,40.1,13.0,38.1,2.2,78.0,0.16,21,0,1.05,3.37,2.86,26.5,50.4,5.3,0,0
Uttar Pradesh,Gorakhpur,Tiwaripur Rapti Riverfront Ward 9,7.4,31.4,131.7,284.5,72.1,77.3,2.2,78.0,0.16,21,0,2.7,3.37,2.86,23.7,86.3,20.1,2,0
Uttar Pradesh,Gorakhpur,Tiwaripur Rapti Riverfront Ward 9,36.9,160.1,448.2,851.0,403.6,83.9,2.2,78.0,0.16,21,0,3.45,3.37,2.86,20.5,86.5,37.1,3,0
Uttar Pradesh,Gorakhpur,Tiwaripur Rapti Riverfront Ward 9,3.3,7.9,25.8,47.8,8.4,30.3,2.2,78.0,0.16,21,0,1.97,3.37,2.86,28.2,64.3,10.0,0,0
Uttar Pradesh,Gorakhpur,Tiwaripur Rapti Riverfront Ward 9,1.7,4.0,15.5,24.4,6.7,41.2,2.2,78.0,0.16,21,0,1.74,3.37,2.86,31.9,52.3,8.2,0,0
Uttar Pradesh,Gorakhpur,Tiwaripur Rapti Riverfront Ward 9,87.8,316.2,617.4,943.1,725.9,90.1,2.2,78.0,0.16,21,0,4.22,3.37,2.86,16.5,95.0,68.3,3,0
Uttar Pradesh,Gorakhpur,Tiwaripur Rapti Riverfront Ward 9,1.7,5.0,16.8,37.2,7.5,46.9,2.2,78.0,0.16,21,0,1.52,3.37,2.86,29.4,71.7,15.6,0,0
Uttar Pradesh,Gorakhpur,Tiwaripur Rapti Riverfront Ward 9,3.2,9.6,28.9,52.7,14.1,44.3,2.2,78.0,0.16,21,0,2.09,3.37,2.86,31.4,65.9,8.9,0,0
Uttar Pradesh,Gorakhpur,Tiwaripur Rapti Riverfront Ward 9,6.3,35.7,94.0,168.7,71.5,66.6,2.2,78.0,0.16,21,0,2.91,3.37,2.86,23.6,84.1,23.3,2,0
Uttar Pradesh,Gorakhpur,Tiwaripur Rapti Riverfront Ward 9,0.5,2.8,11.2,25.8,4.6,35.4,2.2,78.0,0.16,21,0,1.58,3.37,2.86,29.8,64.0,6.4,0,0
Uttar Pradesh,Gorakhpur,Tiwaripur Rapti Riverfront Ward 9,2.6,7.7,26.8,55.2,9.6,56.6,2.2,78.0,0.16,21,0,1.11,3.37,2.86,27.7,51.7,12.1,0,0
Uttar Pradesh,Gorakhpur,Tiwaripur Rapti Riverfront Ward 9,53.1,277.1,599.1,1109.4,805.9,93.9,2.2,78.0,0.16,21,0,5.35,3.37,2.86,23.0,95.3,62.1,3,0
Uttar Pradesh,Gorakhpur,Tiwaripur Rapti Riverfront Ward 9,63.9,290.8,654.3,1142.8,1124.1,97.5,2.2,78.0,0.16,21,0,4.22,3.37,2.86,20.0,98.3,40.1,3,0
Uttar Pradesh,Gorakhpur,Tiwaripur Rapti Riverfront Ward 9,5.5,34.2,104.0,238.2,63.3,66.8,2.2,78.0,0.16,21,0,2.59,3.37,2.86,27.0,84.4,16.8,1,0
Uttar Pradesh,Gorakhpur,Tiwaripur Rapti Riverfront Ward 9,28.4,169.6,514.2,891.9,553.8,85.7,2.2,78.0,0.16,21,0,3.55,3.37,2.86,18.2,92.4,33.9,3,0
Uttar Pradesh,Gorakhpur,Tiwaripur Rapti Riverfront Ward 9,7.9,35.9,145.7,291.0,97.2,63.0,2.2,78.0,0.16,21,0,3.0,3.37,2.86,26.6,85.1,21.6,2,0
Uttar Pradesh,Gorakhpur,Tiwaripur Rapti Riverfront Ward 9,0.1,0.9,3.8,15.2,1.6,42.8,2.2,78.0,0.16,21,0,1.15,3.37,2.86,32.0,58.8,6.3,0,0
Uttar Pradesh,Gorakhpur,Tiwaripur Rapti Riverfront Ward 9,6.1,32.2,122.3,250.9,93.8,66.6,2.2,78.0,0.16,21,0,2.75,3.37,2.86,27.8,84.6,18.0,1,0
Uttar Pradesh,Gorakhpur,Campierganj Rohini Basin Village,4.7,27.8,84.3,196.6,58.2,69.9,2.0,84.0,0.14,23,0,2.45,2.71,2.04,21.0,77.8,17.4,2,0
Uttar Pradesh,Gorakhpur,Campierganj Rohini Basin Village,1.4,16.9,74.2,158.0,57.6,74.5,2.0,84.0,0.14,23,0,1.79,2.71,2.04,27.1,83.3,25.3,1,0
Uttar Pradesh,Gorakhpur,Campierganj Rohini Basin Village,6.3,37.0,90.6,180.8,95.8,63.7,2.0,84.0,0.14,23,0,2.13,2.71,2.04,27.7,82.6,13.7,2,0
Uttar Pradesh,Gorakhpur,Campierganj Rohini Basin Village,1.3,4.4,10.9,18.1,6.7,55.2,2.0,84.0,0.14,23,0,0.67,2.71,2.04,30.5,48.1,10.2,0,0
Uttar Pradesh,Gorakhpur,Campierganj Rohini Basin Village,8.3,36.4,136.2,309.2,129.3,65.5,2.0,84.0,0.14,23,0,1.99,2.71,2.04,24.0,76.8,14.5,1,0
Uttar Pradesh,Gorakhpur,Campierganj Rohini Basin Village,3.5,6.7,22.1,37.8,10.0,30.2,2.0,84.0,0.14,23,0,0.56,2.71,2.04,30.3,65.6,13.0,0,0
Uttar Pradesh,Gorakhpur,Campierganj Rohini Basin Village,11.5,50.2,147.2,247.0,124.3,77.9,2.0,84.0,0.14,23,0,2.55,2.71,2.04,25.9,79.5,23.5,3,0
Uttar Pradesh,Gorakhpur,Campierganj Rohini Basin Village,52.3,223.5,498.8,778.4,653.7,96.0,2.0,84.0,0.14,23,0,4.07,2.71,2.04,22.1,94.4,56.6,3,0
Uttar Pradesh,Gorakhpur,Campierganj Rohini Basin Village,0.9,2.7,10.6,16.2,6.3,51.4,2.0,84.0,0.14,23,0,1.32,2.71,2.04,28.8,46.0,11.3,0,0
Uttar Pradesh,Gorakhpur,Campierganj Rohini Basin Village,7.5,38.1,142.8,250.6,143.1,63.9,2.0,84.0,0.14,23,0,2.54,2.71,2.04,23.7,76.6,18.0,2,0
Uttar Pradesh,Gorakhpur,Campierganj Rohini Basin Village,9.0,38.7,104.1,194.8,69.0,74.7,2.0,84.0,0.14,23,0,1.96,2.71,2.04,21.4,75.4,25.2,1,0
Uttar Pradesh,Gorakhpur,Campierganj Rohini Basin Village,53.5,259.4,623.2,920.9,931.3,99.0,2.0,84.0,0.14,23,0,4.31,2.71,2.04,23.3,96.0,64.4,3,0
Uttar Pradesh,Gorakhpur,Campierganj Rohini Basin Village,5.1,28.4,87.0,211.8,79.6,69.5,2.0,84.0,0.14,23,0,2.46,2.71,2.04,23.6,77.8,20.0,2,0
Uttar Pradesh,Gorakhpur,Campierganj Rohini Basin Village,16.4,94.0,233.1,477.9,318.6,85.4,2.0,84.0,0.14,23,0,2.87,2.71,2.04,25.7,86.6,36.6,3,0
Uttar Pradesh,Gorakhpur,Campierganj Rohini Basin Village,0.2,2.8,10.5,16.8,4.3,47.5,2.0,84.0,0.14,23,0,0.91,2.71,2.04,24.5,46.0,14.3,0,0
Uttar Pradesh,Gorakhpur,Campierganj Rohini Basin Village,79.8,329.3,860.0,1276.3,1030.4,96.3,2.0,84.0,0.14,23,0,3.95,2.71,2.04,16.4,92.8,70.4,3,0
Uttar Pradesh,Gorakhpur,Campierganj Rohini Basin Village,5.9,27.3,111.9,219.3,60.8,64.4,2.0,84.0,0.14,23,0,2.25,2.71,2.04,23.4,84.9,22.4,2,0
Uttar Pradesh,Gorakhpur,Campierganj Rohini Basin Village,3.6,9.5,23.9,38.1,7.5,45.4,2.0,84.0,0.14,23,0,0.93,2.71,2.04,31.2,46.0,5.1,0,0
Uttar Pradesh,Gorakhpur,Campierganj Rohini Basin Village,0.2,3.0,9.7,21.0,4.5,33.9,2.0,84.0,0.14,23,0,0.84,2.71,2.04,31.9,56.9,8.2,0,0
Uttar Pradesh,Gorakhpur,Campierganj Rohini Basin Village,37.3,186.9,533.3,862.3,501.9,90.1,2.0,84.0,0.14,23,0,3.12,2.71,2.04,21.9,85.8,27.9,3,0
Uttar Pradesh,Gorakhpur,Campierganj Rohini Basin Village,27.7,116.6,368.5,630.0,311.9,86.4,2.0,84.0,0.14,23,0,3.34,2.71,2.04,24.1,86.4,46.2,3,0
Uttar Pradesh,Gorakhpur,Campierganj Rohini Basin Village,0.5,2.7,8.6,19.4,5.8,27.9,2.0,84.0,0.14,23,0,0.92,2.71,2.04,28.8,49.9,12.4,0,0
Uttar Pradesh,Gorakhpur,Campierganj Rohini Basin Village,38.2,209.0,568.8,892.4,625.6,85.8,2.0,84.0,0.14,23,0,2.77,2.71,2.04,23.3,85.5,30.0,3,0
Uttar Pradesh,Gorakhpur,Campierganj Rohini Basin Village,19.9,107.8,323.4,594.0,334.2,85.3,2.0,84.0,0.14,23,0,2.89,2.71,2.04,22.1,91.0,25.6,3,0
Uttar Pradesh,Gorakhpur,Campierganj Rohini Basin Village,3.9,22.6,64.6,146.0,32.8,65.2,2.0,84.0,0.14,23,0,2.08,2.71,2.04,26.5,78.7,26.0,1,0
Uttar Pradesh,Gorakhpur,Sahjanwa Ami River Inundation Ward,0.5,3.4,12.5,22.3,6.0,30.8,1.8,79.0,0.18,18,0,1.94,3.55,2.98,24.3,50.3,6.6,0,0
Uttar Pradesh,Gorakhpur,Sahjanwa Ami River Inundation Ward,10.0,48.9,140.5,256.1,105.4,76.0,1.8,79.0,0.18,18,0,3.05,3.55,2.98,25.8,84.9,27.0,3,0
Uttar Pradesh,Gorakhpur,Sahjanwa Ami River Inundation Ward,36.8,163.5,420.4,698.1,357.9,91.9,1.8,79.0,0.18,18,0,4.26,3.55,2.98,22.9,86.2,47.7,3,0
Uttar Pradesh,Gorakhpur,Sahjanwa Ami River Inundation Ward,4.4,24.5,91.5,209.3,76.6,63.0,1.8,79.0,0.18,18,0,2.55,3.55,2.98,21.7,80.1,14.8,1,0
Uttar Pradesh,Gorakhpur,Sahjanwa Ami River Inundation Ward,2.6,6.4,18.3,29.7,8.3,32.7,1.8,79.0,0.18,18,0,0.73,3.55,2.98,29.0,66.2,7.0,0,0
Uttar Pradesh,Gorakhpur,Sahjanwa Ami River Inundation Ward,17.5,92.1,226.5,402.5,259.8,88.9,1.8,79.0,0.18,18,0,3.57,3.55,2.98,25.5,89.9,34.0,3,0
Uttar Pradesh,Gorakhpur,Sahjanwa Ami River Inundation Ward,1.5,4.9,18.5,24.7,8.5,50.6,1.8,79.0,0.18,18,0,1.01,3.55,2.98,27.9,54.7,6.2,0,0
Uttar Pradesh,Gorakhpur,Sahjanwa Ami River Inundation Ward,0.1,2.7,10.8,20.5,6.9,46.2,1.8,79.0,0.18,18,0,1.2,3.55,2.98,29.4,72.2,10.3,0,0
Uttar Pradesh,Gorakhpur,Sahjanwa Ami River Inundation Ward,47.0,229.2,484.8,770.8,530.8,96.7,1.8,79.0,0.18,18,0,5.12,3.55,2.98,23.8,94.3,49.6,3,0
Uttar Pradesh,Gorakhpur,Sahjanwa Ami River Inundation Ward,0.9,2.7,11.7,28.2,7.2,57.0,1.8,79.0,0.18,18,0,1.29,3.55,2.98,29.4,57.6,14.6,0,0
Uttar Pradesh,Gorakhpur,Sahjanwa Ami River Inundation Ward,3.2,10.4,27.2,48.8,14.5,38.4,1.8,79.0,0.18,18,0,1.79,3.55,2.98,23.4,56.3,15.8,0,0
Uttar Pradesh,Gorakhpur,Sahjanwa Ami River Inundation Ward,7.3,40.5,146.3,267.1,137.9,65.2,1.8,79.0,0.18,18,0,3.1,3.55,2.98,27.8,78.9,13.7,2,0
Uttar Pradesh,Gorakhpur,Sahjanwa Ami River Inundation Ward,5.4,26.2,97.4,209.6,59.3,63.6,1.8,79.0,0.18,18,0,2.69,3.55,2.98,22.4,87.6,13.7,1,0
Uttar Pradesh,Gorakhpur,Sahjanwa Ami River Inundation Ward,29.8,157.1,375.3,733.0,506.7,81.6,1.8,79.0,0.18,18,0,3.59,3.55,2.98,21.6,86.1,41.5,3,0
Uttar Pradesh,Gorakhpur,Sahjanwa Ami River Inundation Ward,13.0,50.0,148.9,305.1,116.8,62.4,1.8,79.0,0.18,18,0,2.8,3.55,2.98,25.9,79.2,27.4,1,0
Uttar Pradesh,Gorakhpur,Sahjanwa Ami River Inundation Ward,0.4,1.5,6.1,15.6,4.2,45.0,1.8,79.0,0.18,18,0,2.17,3.55,2.98,31.7,71.8,9.2,0,0
Uttar Pradesh,Gorakhpur,Sahjanwa Ami River Inundation Ward,52.4,240.7,518.7,855.8,619.6,96.1,1.8,79.0,0.18,18,0,5.07,3.55,2.98,23.2,94.3,39.3,3,0
Uttar Pradesh,Gorakhpur,Sahjanwa Ami River Inundation Ward,28.6,169.2,392.4,710.1,465.8,90.6,1.8,79.0,0.18,18,0,3.64,3.55,2.98,24.2,92.6,29.3,3,0
Uttar Pradesh,Gorakhpur,Sahjanwa Ami River Inundation Ward,4.5,25.9,96.1,239.1,91.7,72.6,1.8,79.0,0.18,18,0,2.96,3.55,2.98,20.7,84.7,17.9,1,0
Uttar Pradesh,Gorakhpur,Sahjanwa Ami River Inundation Ward,2.9,7.6,18.0,28.2,7.0,42.1,1.8,79.0,0.18,18,0,1.25,3.55,2.98,29.9,57.4,12.6,0,0
Uttar Pradesh,Gorakhpur,Sahjanwa Ami River Inundation Ward,17.0,96.2,259.7,457.6,325.0,89.1,1.8,79.0,0.18,18,0,4.26,3.55,2.98,21.1,85.9,37.5,3,0
Uttar Pradesh,Gorakhpur,Sahjanwa Ami River Inundation Ward,2.5,6.3,20.1,29.3,6.9,51.1,1.8,79.0,0.18,18,0,1.91,3.55,2.98,27.9,70.7,12.3,0,0
Uttar Pradesh,Gorakhpur,Sahjanwa Ami River Inundation Ward,0.4,1.5,7.2,10.4,2.4,39.2,1.8,79.0,0.18,18,0,1.56,3.55,2.98,22.7,67.7,6.2,0,0
Uttar Pradesh,Gorakhpur,Sahjanwa Ami River Inundation Ward,2.1,7.7,21.2,40.5,12.2,41.2,1.8,79.0,0.18,18,0,0.95,3.55,2.98,30.9,71.5,11.7,0,0
Uttar Pradesh,Gorakhpur,Sahjanwa Ami River Inundation Ward,0.7,2.3,12.2,17.9,5.6,28.4,1.8,79.0,0.18,18,0,0.69,3.55,2.98,29.1,61.2,13.1,0,0
Uttar Pradesh,Ballia,Bairia Ganga-Ghaghra Confluence Ward,1.3,20.6,73.6,167.9,64.7,71.3,1.6,58.0,0.12,22,0,3.19,4.08,3.67,21.0,87.1,24.0,1,0
Uttar Pradesh,Ballia,Bairia Ganga-Ghaghra Confluence Ward,5.5,29.1,103.1,197.8,82.9,70.4,1.6,58.0,0.12,22,0,3.26,4.08,3.67,27.5,76.9,21.9,1,0
Uttar Pradesh,Ballia,Bairia Ganga-Ghaghra Confluence Ward,18.2,76.4,250.7,447.5,226.3,71.9,1.6,58.0,0.12,22,0,3.2,4.08,3.67,24.9,86.5,19.5,1,0
Uttar Pradesh,Ballia,Bairia Ganga-Ghaghra Confluence Ward,3.2,9.9,30.0,44.6,16.8,57.6,1.6,58.0,0.12,22,0,1.01,4.08,3.67,28.9,50.9,9.5,0,0
Uttar Pradesh,Ballia,Bairia Ganga-Ghaghra Confluence Ward,6.5,29.8,94.9,184.3,83.7,71.6,1.6,58.0,0.12,22,0,3.37,4.08,3.67,27.8,82.9,26.8,1,0
Uttar Pradesh,Ballia,Bairia Ganga-Ghaghra Confluence Ward,25.6,136.8,389.6,717.0,366.7,89.2,1.6,58.0,0.12,22,0,4.62,4.08,3.67,23.8,92.7,38.0,3,0
Uttar Pradesh,Ballia,Bairia Ganga-Ghaghra Confluence Ward,0.2,0.9,7.7,16.0,3.0,35.3,1.6,58.0,0.12,22,0,1.77,4.08,3.67,23.2,49.8,5.8,0,0
Uttar Pradesh,Ballia,Bairia Ganga-Ghaghra Confluence Ward,0.1,3.2,9.1,17.1,6.0,43.2,1.6,58.0,0.12,22,0,2.64,4.08,3.67,26.9,46.0,5.2,0,0
Uttar Pradesh,Ballia,Bairia Ganga-Ghaghra Confluence Ward,19.0,112.0,368.6,696.9,350.5,84.5,1.6,58.0,0.12,22,0,4.34,4.08,3.67,24.5,94.0,26.2,3,0
Uttar Pradesh,Ballia,Bairia Ganga-Ghaghra Confluence Ward,6.9,44.0,145.3,273.0,72.7,62.5,1.6,58.0,0.12,22,0,3.65,4.08,3.67,22.8,85.6,26.6,1,0
Uttar Pradesh,Ballia,Bairia Ganga-Ghaghra Confluence Ward,8.5,37.7,147.1,275.8,82.6,73.6,1.6,58.0,0.12,22,0,3.33,4.08,3.67,25.7,75.8,12.8,1,0
Uttar Pradesh,Ballia,Bairia Ganga-Ghaghra Confluence Ward,2.5,5.1,12.5,23.1,3.9,30.9,1.6,58.0,0.12,22,0,2.05,4.08,3.67,22.4,68.5,6.0,0,0
Uttar Pradesh,Ballia,Bairia Ganga-Ghaghra Confluence Ward,9.4,52.5,160.4,263.5,115.8,64.0,1.6,58.0,0.12,22,0,3.48,4.08,3.67,21.5,83.0,16.0,1,0
Uttar Pradesh,Ballia,Bairia Ganga-Ghaghra Confluence Ward,68.2,318.1,753.6,1100.6,984.0,91.9,1.6,58.0,0.12,22,0,6.41,4.08,3.67,18.0,98.3,60.4,3,0
Uttar Pradesh,Ballia,Bairia Ganga-Ghaghra Confluence Ward,9.8,44.3,127.0,278.0,85.7,65.2,1.6,58.0,0.12,22,0,3.16,4.08,3.67,21.1,76.2,12.7,1,0
Uttar Pradesh,Ballia,Bairia Ganga-Ghaghra Confluence Ward,7.9,34.9,131.1,286.8,68.8,67.9,1.6,58.0,0.12,22,0,3.68,4.08,3.67,21.9,87.9,26.8,2,0
Uttar Pradesh,Ballia,Bairia Ganga-Ghaghra Confluence Ward,3.6,10.0,34.7,55.8,19.5,55.9,1.6,58.0,0.12,22,0,2.1,4.08,3.67,22.4,67.7,14.2,0,0
Uttar Pradesh,Ballia,Bairia Ganga-Ghaghra Confluence Ward,47.9,239.1,726.4,1133.4,948.9,90.2,1.6,58.0,0.12,22,0,5.69,4.08,3.67,17.5,93.2,43.8,3,0
Uttar Pradesh,Ballia,Bairia Ganga-Ghaghra Confluence Ward,4.7,32.3,107.7,201.4,55.6,74.8,1.6,58.0,0.12,22,0,3.82,4.08,3.67,21.2,86.3,26.7,2,0
Uttar Pradesh,Ballia,Bairia Ganga-Ghaghra Confluence Ward,6.8,44.0,157.1,321.1,157.7,74.7,1.6,58.0,0.12,22,0,3.46,4.08,3.67,27.1,78.1,17.7,1,0
Uttar Pradesh,Ballia,Bairia Ganga-Ghaghra Confluence Ward,0.1,3.0,12.7,27.8,6.1,31.1,1.6,58.0,0.12,22,0,1.38,4.08,3.67,27.9,62.0,9.3,0,0
Uttar Pradesh,Ballia,Bairia Ganga-Ghaghra Confluence Ward,0.8,1.9,6.5,11.1,2.1,45.9,1.6,58.0,0.12,22,0,1.9,4.08,3.67,24.6,45.3,5.5,0,0
Uttar Pradesh,Ballia,Bairia Ganga-Ghaghra Confluence Ward,11.6,54.6,157.7,304.5,101.7,67.4,1.6,58.0,0.12,22,0,3.56,4.08,3.67,25.1,87.2,25.3,1,0
Uttar Pradesh,Ballia,Bairia Ganga-Ghaghra Confluence Ward,2.4,8.2,23.9,37.1,16.6,52.1,1.6,58.0,0.12,22,0,2.64,4.08,3.67,25.0,65.1,14.5,0,0
Uttar Pradesh,Ballia,Bairia Ganga-Ghaghra Confluence Ward,0.9,14.9,69.9,146.7,57.9,73.6,1.6,58.0,0.12,22,0,3.68,4.08,3.67,20.2,75.0,26.8,1,0
Uttar Pradesh,Ballia,Manjhi Ghat Lowland Village,91.0,414.2,887.1,1505.2,987.3,94.2,1.2,54.0,0.1,24,0,5.11,4.17,3.56,16.8,97.1,62.7,3,0
Uttar Pradesh,Ballia,Manjhi Ghat Lowland Village,26.7,160.9,394.5,681.7,460.5,79.9,1.2,54.0,0.1,24,0,4.93,4.17,3.56,24.0,91.9,48.5,3,0
Uttar Pradesh,Ballia,Manjhi Ghat Lowland Village,19.0,72.1,247.9,477.5,131.7,72.2,1.2,54.0,0.1,24,0,3.15,4.17,3.56,26.1,75.7,14.4,1,0
Uttar Pradesh,Ballia,Manjhi Ghat Lowland Village,29.9,126.0,391.4,696.9,349.7,81.0,1.2,54.0,0.1,24,0,4.03,4.17,3.56,18.4,93.4,35.7,3,0
Uttar Pradesh,Ballia,Manjhi Ghat Lowland Village,76.7,311.2,822.2,1151.6,1109.6,95.1,1.2,54.0,0.1,24,0,6.15,4.17,3.56,16.9,93.1,46.4,3,0
Uttar Pradesh,Ballia,Manjhi Ghat Lowland Village,1.6,5.2,18.4,28.9,10.1,37.1,1.2,54.0,0.1,24,0,1.36,4.17,3.56,25.5,49.8,11.4,0,0
Uttar Pradesh,Ballia,Manjhi Ghat Lowland Village,1.6,5.7,18.3,33.5,7.7,49.8,1.2,54.0,0.1,24,0,1.58,4.17,3.56,31.2,67.8,9.7,0,0
Uttar Pradesh,Ballia,Manjhi Ghat Lowland Village,0.8,3.5,15.4,26.9,6.4,41.8,1.2,54.0,0.1,24,0,1.68,4.17,3.56,31.1,74.9,9.8,0,0
Uttar Pradesh,Ballia,Manjhi Ghat Lowland Village,5.1,30.9,109.7,213.8,111.6,77.1,1.2,54.0,0.1,24,0,3.07,4.17,3.56,23.7,84.5,21.3,2,0
Uttar Pradesh,Ballia,Manjhi Ghat Lowland Village,87.8,307.0,780.3,1159.0,987.2,94.8,1.2,54.0,0.1,24,0,5.01,4.17,3.56,23.0,95.0,50.1,3,0
Uttar Pradesh,Ballia,Manjhi Ghat Lowland Village,7.3,33.5,112.3,251.8,83.6,62.1,1.2,54.0,0.1,24,0,3.92,4.17,3.56,23.1,81.6,24.5,2,0
Uttar Pradesh,Ballia,Manjhi Ghat Lowland Village,27.6,111.2,325.9,589.0,383.8,80.3,1.2,54.0,0.1,24,0,4.76,4.17,3.56,19.3,88.7,27.7,3,0
Uttar Pradesh,Ballia,Manjhi Ghat Lowland Village,35.3,161.9,501.2,827.3,695.4,90.3,1.2,54.0,0.1,24,0,4.13,4.17,3.56,21.9,87.7,48.9,3,0
Uttar Pradesh,Ballia,Manjhi Ghat Lowland Village,2.3,8.1,23.5,41.1,8.0,47.2,1.2,54.0,0.1,24,0,2.56,4.17,3.56,24.8,67.6,11.2,0,0
Uttar Pradesh,Ballia,Manjhi Ghat Lowland Village,1.9,6.6,25.7,41.3,14.5,43.8,1.2,54.0,0.1,24,0,1.86,4.17,3.56,28.0,63.4,13.3,0,0
Uttar Pradesh,Ballia,Manjhi Ghat Lowland Village,4.7,31.6,126.1,255.4,73.1,73.4,1.2,54.0,0.1,24,0,3.64,4.17,3.56,22.6,76.7,12.1,2,0
Uttar Pradesh,Ballia,Manjhi Ghat Lowland Village,3.6,18.3,81.3,180.3,46.6,66.6,1.2,54.0,0.1,24,0,3.59,4.17,3.56,21.9,80.5,12.4,2,0
Uttar Pradesh,Ballia,Manjhi Ghat Lowland Village,3.5,29.8,89.9,190.9,62.3,74.0,1.2,54.0,0.1,24,0,3.62,4.17,3.56,20.8,83.5,26.4,2,0
Uttar Pradesh,Ballia,Manjhi Ghat Lowland Village,45.3,248.9,652.5,1010.2,1170.4,93.4,1.2,54.0,0.1,24,0,6.38,4.17,3.56,17.3,92.1,47.0,3,0
Uttar Pradesh,Ballia,Manjhi Ghat Lowland Village,3.3,8.8,20.7,41.8,9.6,34.0,1.2,54.0,0.1,24,0,0.58,4.17,3.56,26.7,58.3,8.6,0,0
Uttar Pradesh,Ballia,Manjhi Ghat Lowland Village,3.0,7.1,20.8,29.6,9.3,39.8,1.2,54.0,0.1,24,0,1.51,4.17,3.56,22.0,70.1,9.9,0,0
Uttar Pradesh,Ballia,Manjhi Ghat Lowland Village,39.9,182.1,547.0,1044.9,528.1,81.0,1.2,54.0,0.1,24,0,4.42,4.17,3.56,18.8,94.0,31.6,3,0
Uttar Pradesh,Ballia,Manjhi Ghat Lowland Village,20.1,118.1,365.5,719.1,327.5,84.5,1.2,54.0,0.1,24,0,4.04,4.17,3.56,21.3,91.8,28.3,3,0
Uttar Pradesh,Ballia,Manjhi Ghat Lowland Village,2.1,7.3,22.2,45.2,12.0,39.4,1.2,54.0,0.1,24,0,0.55,4.17,3.56,27.2,50.3,9.7,0,0
Uttar Pradesh,Ballia,Manjhi Ghat Lowland Village,3.3,7.3,24.3,38.2,15.7,37.1,1.2,54.0,0.1,24,0,1.77,4.17,3.56,29.8,62.5,8.7,0,0
Uttar Pradesh,Ballia,Dubhar Floodplain Settlement,1.2,3.1,11.7,19.7,5.2,53.6,2.0,60.0,0.16,19,0,1.91,3.83,3.37,24.7,65.8,7.7,0,0
Uttar Pradesh,Ballia,Dubhar Floodplain Settlement,10.8,49.7,144.2,277.6,139.9,73.0,2.0,60.0,0.16,19,0,3.41,3.83,3.37,20.7,84.4,15.7,2,0
Uttar Pradesh,Ballia,Dubhar Floodplain Settlement,9.1,41.9,110.9,202.1,60.9,76.5,2.0,60.0,0.16,19,0,2.87,3.83,3.37,23.7,84.9,13.6,2,0
Uttar Pradesh,Ballia,Dubhar Floodplain Settlement,10.9,49.2,142.5,286.3,126.5,75.5,2.0,60.0,0.16,19,0,3.43,3.83,3.37,21.5,87.3,14.8,3,0
Uttar Pradesh,Ballia,Dubhar Floodplain Settlement,0.4,1.4,6.2,16.3,3.6,53.4,2.0,60.0,0.16,19,0,0.73,3.83,3.37,26.9,68.3,13.6,0,0
Uttar Pradesh,Ballia,Dubhar Floodplain Settlement,1.8,6.9,22.1,32.0,7.9,53.7,2.0,60.0,0.16,19,0,2.51,3.83,3.37,27.9,45.4,13.6,0,0
Uttar Pradesh,Ballia,Dubhar Floodplain Settlement,5.3,27.0,79.9,142.1,78.3,72.5,2.0,60.0,0.16,19,0,3.6,3.83,3.37,21.8,83.1,13.5,1,0
Uttar Pradesh,Ballia,Dubhar Floodplain Settlement,1.1,14.0,63.3,169.1,59.7,69.6,2.0,60.0,0.16,19,0,3.0,3.83,3.37,25.7,83.3,20.0,1,0
Uttar Pradesh,Ballia,Dubhar Floodplain Settlement,3.7,12.3,29.0,49.2,16.0,36.0,2.0,60.0,0.16,19,0,0.82,3.83,3.37,31.6,65.7,11.8,0,0
Uttar Pradesh,Ballia,Dubhar Floodplain Settlement,11.3,57.2,142.7,279.3,107.1,62.7,2.0,60.0,0.16,19,0,2.97,3.83,3.37,20.8,76.7,12.2,1,0
Uttar Pradesh,Ballia,Dubhar Floodplain Settlement,31.4,154.0,450.2,702.4,515.5,79.6,2.0,60.0,0.16,19,0,4.44,3.83,3.37,25.1,88.7,40.8,3,0
Uttar Pradesh,Ballia,Dubhar Floodplain Settlement,1.9,4.7,15.6,35.5,9.8,35.8,2.0,60.0,0.16,19,0,1.7,3.83,3.37,30.2,47.5,14.1,0,0
Uttar Pradesh,Ballia,Dubhar Floodplain Settlement,0.6,4.5,11.4,25.9,6.8,39.5,2.0,60.0,0.16,19,0,1.21,3.83,3.37,26.7,49.4,14.9,0,0
Uttar Pradesh,Ballia,Dubhar Floodplain Settlement,0.1,2.6,6.5,17.2,3.0,43.8,2.0,60.0,0.16,19,0,1.69,3.83,3.37,31.4,69.4,8.6,0,0
Uttar Pradesh,Ballia,Dubhar Floodplain Settlement,22.5,117.0,312.0,493.8,309.2,82.4,2.0,60.0,0.16,19,0,4.45,3.83,3.37,22.1,90.6,41.7,3,0
Uttar Pradesh,Ballia,Dubhar Floodplain Settlement,0.8,4.4,16.7,31.7,11.6,40.7,2.0,60.0,0.16,19,0,1.63,3.83,3.37,23.6,52.1,11.6,0,0
Uttar Pradesh,Ballia,Dubhar Floodplain Settlement,2.5,7.6,23.6,43.1,11.7,41.0,2.0,60.0,0.16,19,0,2.53,3.83,3.37,29.5,74.9,13.1,0,0
Uttar Pradesh,Ballia,Dubhar Floodplain Settlement,55.3,223.7,503.2,921.0,791.7,98.1,2.0,60.0,0.16,19,0,5.76,3.83,3.37,18.2,92.7,46.5,3,0
Uttar Pradesh,Ballia,Dubhar Floodplain Settlement,1.0,4.7,11.8,27.1,6.4,36.4,2.0,60.0,0.16,19,0,2.17,3.83,3.37,22.5,65.2,14.4,0,0
Uttar Pradesh,Ballia,Dubhar Floodplain Settlement,2.2,7.3,22.9,41.0,11.0,32.5,2.0,60.0,0.16,19,0,1.26,3.83,3.37,23.0,45.0,8.8,0,0
Uttar Pradesh,Ballia,Dubhar Floodplain Settlement,9.2,49.0,152.5,339.8,164.9,77.1,2.0,60.0,0.16,19,0,2.99,3.83,3.37,20.7,82.8,24.8,2,0
Uttar Pradesh,Ballia,Dubhar Floodplain Settlement,24.2,98.4,308.0,588.6,341.7,87.9,2.0,60.0,0.16,19,0,3.75,3.83,3.37,19.0,86.1,48.9,3,0
Uttar Pradesh,Ballia,Dubhar Floodplain Settlement,9.8,36.4,137.7,240.6,121.9,68.6,2.0,60.0,0.16,19,0,3.01,3.83,3.37,25.3,82.6,22.5,1,0
Uttar Pradesh,Ballia,Dubhar Floodplain Settlement,60.0,292.7,680.5,1172.0,922.7,95.9,2.0,60.0,0.16,19,0,5.06,3.83,3.37,22.6,98.1,62.0,3,0
Uttar Pradesh,Ballia,Dubhar Floodplain Settlement,0.1,1.0,7.0,20.3,4.5,45.2,2.0,60.0,0.16,19,0,0.66,3.83,3.37,29.4,67.9,7.5,0,0
